/*
 Navicat Premium Data Transfer

 Source Server         : fcl
 Source Server Type    : MySQL
 Source Server Version : 80016
 Source Host           : localhost:3306
 Source Schema         : ccmall

 Target Server Type    : MySQL
 Target Server Version : 80016
 File Encoding         : 65001

 Date: 11/08/2023 22:25:14
*/

SET NAMES utf8mb4;
SET FOREIGN_KEY_CHECKS = 0;

-- ----------------------------
-- Table structure for cc_advertising
-- ----------------------------
DROP TABLE IF EXISTS `cc_advertising`;
CREATE TABLE `cc_advertising`  (
  `id` int(10) UNSIGNED NOT NULL AUTO_INCREMENT,
  `ad_name` varchar(200) CHARACTER SET utf8mb4 COLLATE utf8mb4_0900_ai_ci NULL DEFAULT NULL,
  `begin_time` timestamp(0) NULL DEFAULT NULL,
  `end_time` timestamp(0) NULL DEFAULT NULL,
  `publish_status` tinyint(3) UNSIGNED NULL DEFAULT NULL COMMENT '0下线1上线',
  `ad_pic` varchar(255) CHARACTER SET utf8mb4 COLLATE utf8mb4_0900_ai_ci NULL DEFAULT NULL COMMENT '广告图片',
  `ad_link` varchar(255) CHARACTER SET utf8mb4 COLLATE utf8mb4_0900_ai_ci NULL DEFAULT NULL COMMENT '广告连接',
  `ad_note` varchar(255) CHARACTER SET utf8mb4 COLLATE utf8mb4_0900_ai_ci NULL DEFAULT NULL COMMENT '广告备注',
  PRIMARY KEY (`id`) USING BTREE
) ENGINE = InnoDB AUTO_INCREMENT = 2 CHARACTER SET = utf8mb4 COLLATE = utf8mb4_0900_ai_ci ROW_FORMAT = Dynamic;

-- ----------------------------
-- Records of cc_advertising
-- ----------------------------
INSERT INTO `cc_advertising` VALUES (1, '电影推荐广告', '2023-03-02 00:00:00', '2023-06-30 00:00:00', 1, 'https://fclmall-oss.oss-cn-hangzhou.aliyuncs.com/ccmall/image/20230316/movie_ad.jpg', 'www.baidu.com', '电影推荐广告');
INSERT INTO `cc_advertising` VALUES (2, '汽车广告', '2023-03-15 00:00:00', '2023-05-28 00:00:00', 1, 'http://fclmall-oss.oss-cn-hangzhou.aliyuncs.com/ccmall/image/20230316/1678972752250car_ad.jpg', 'www.baidu.com', '汽车广告');

-- ----------------------------
-- Table structure for cc_cart
-- ----------------------------
DROP TABLE IF EXISTS `cc_cart`;
CREATE TABLE `cc_cart`  (
  `id` int(11) UNSIGNED NOT NULL AUTO_INCREMENT,
  `customer_id` int(11) UNSIGNED NULL DEFAULT NULL COMMENT '用户ID',
  `product_id` int(11) UNSIGNED NULL DEFAULT NULL COMMENT '商品ID',
  `product_amount` int(11) UNSIGNED NULL DEFAULT NULL COMMENT '加入购物车商品数量',
  `product_name` varchar(255) CHARACTER SET utf8mb4 COLLATE utf8mb4_0900_ai_ci NULL DEFAULT NULL COMMENT '商品名称',
  `product_cover` varchar(255) CHARACTER SET utf8mb4 COLLATE utf8mb4_0900_ai_ci NULL DEFAULT NULL COMMENT '商品展示图',
  `product_price` decimal(10, 2) UNSIGNED NULL DEFAULT NULL COMMENT '商品价格',
  `product_category_id` int(11) UNSIGNED NULL DEFAULT NULL COMMENT '商品分类',
  PRIMARY KEY (`id`) USING BTREE
) ENGINE = InnoDB AUTO_INCREMENT = 21 CHARACTER SET = utf8mb4 COLLATE = utf8mb4_0900_ai_ci ROW_FORMAT = Dynamic;

-- ----------------------------
-- Records of cc_cart
-- ----------------------------

-- ----------------------------
-- Table structure for cc_coupon
-- ----------------------------
DROP TABLE IF EXISTS `cc_coupon`;
CREATE TABLE `cc_coupon`  (
  `id` int(11) NOT NULL AUTO_INCREMENT,
  `type` tinyint(3) NULL DEFAULT NULL COMMENT '优惠券类型0全场券1会员赠券2购物赠券3注册赠券',
  `name` varchar(255) CHARACTER SET utf8mb4 COLLATE utf8mb4_0900_ai_ci NULL DEFAULT NULL COMMENT '优惠券名',
  `coupon_count` int(11) NULL DEFAULT NULL COMMENT '数量',
  `amount` decimal(10, 2) NULL DEFAULT NULL COMMENT '优惠金额',
  `per_limit` int(11) NULL DEFAULT NULL COMMENT '每人限领次数',
  `min_point` decimal(10, 2) NULL DEFAULT NULL COMMENT '使用门槛(满减)',
  `start_time` timestamp(0) NULL DEFAULT NULL COMMENT '开始时间',
  `end_time` timestamp(0) NULL DEFAULT NULL COMMENT '结束时间',
  `use_type` tinyint(3) NULL DEFAULT NULL COMMENT '使用类型0全场通用1指定分类2指定商品',
  `note` varchar(255) CHARACTER SET utf8mb4 COLLATE utf8mb4_0900_ai_ci NULL DEFAULT NULL COMMENT '备注',
  `use_count` int(11) UNSIGNED NULL DEFAULT 0 COMMENT '使用数量',
  `receive_count` int(11) NULL DEFAULT 0 COMMENT '领取数量',
  PRIMARY KEY (`id`) USING BTREE
) ENGINE = InnoDB AUTO_INCREMENT = 15 CHARACTER SET = utf8mb4 COLLATE = utf8mb4_0900_ai_ci ROW_FORMAT = Dynamic;

-- ----------------------------
-- Records of cc_coupon
-- ----------------------------
INSERT INTO `cc_coupon` VALUES (4, 0, '粮食专场通用优惠券', 100, 50.00, 1, 200.00, '2023-03-30 00:00:00', '2023-04-05 00:00:00', 2, '大大', 0, 2);
INSERT INTO `cc_coupon` VALUES (9, 0, '全场满减优惠券', 300, 10.00, 1, 100.00, '2023-03-28 00:00:00', '2023-03-31 00:00:00', 1, '全场满减优惠券', 0, 2);
INSERT INTO `cc_coupon` VALUES (10, 0, '全场通用优惠卷', 300, 20.00, 1, 100.00, '2023-05-05 00:00:00', '2023-05-15 00:00:00', 0, '全场通用', 0, 1);
INSERT INTO `cc_coupon` VALUES (11, 0, '酒厂满50减10', 100, 10.00, 1, 50.00, '2023-05-06 00:00:00', '2023-05-15 00:00:00', 1, '酒厂满减优惠券', 0, 2);
INSERT INTO `cc_coupon` VALUES (12, 0, '茶叶专场', 50, 100.00, 1, 300.00, '2023-05-05 00:00:00', '2023-05-15 00:00:00', 1, NULL, 0, 2);
INSERT INTO `cc_coupon` VALUES (13, 0, '测试优惠券', 300, 10.00, 2, 100.00, '2023-05-06 00:00:00', '2023-05-09 00:00:00', 2, '测试优惠券', 0, 2);
INSERT INTO `cc_coupon` VALUES (14, 0, '测试优惠券', 100, 10.00, 1, 100.00, '2023-05-10 00:00:00', '2023-05-16 00:00:00', 1, '测试优惠券', 0, 1);
INSERT INTO `cc_coupon` VALUES (15, 0, '测试优惠券v2', 100, 5.00, 3, 50.00, '2023-05-10 00:00:00', '2023-05-16 00:00:00', 0, '大大', 0, 1);

-- ----------------------------
-- Table structure for cc_coupon_history
-- ----------------------------
DROP TABLE IF EXISTS `cc_coupon_history`;
CREATE TABLE `cc_coupon_history`  (
  `id` int(11) UNSIGNED NOT NULL AUTO_INCREMENT,
  `coupon_id` int(11) UNSIGNED NULL DEFAULT NULL COMMENT '优惠券编号',
  `member_id` int(11) UNSIGNED NULL DEFAULT NULL COMMENT '用户编号',
  `username` varchar(255) CHARACTER SET utf8mb4 COLLATE utf8mb4_0900_ai_ci NULL DEFAULT NULL COMMENT '领取人用户名',
  `get_type` tinyint(3) NULL DEFAULT NULL COMMENT '获取类型0后台赠送1主动获取',
  `use_status` tinyint(3) NULL DEFAULT NULL COMMENT '使用状态0未使用1已使用2已过期',
  `use_time` timestamp(0) NULL DEFAULT NULL COMMENT '使用时间',
  `order_id` varchar(20) CHARACTER SET utf8mb4 COLLATE utf8mb4_0900_ai_ci NULL DEFAULT NULL COMMENT '订单编号',
  `get_time` timestamp(0) NULL DEFAULT NULL COMMENT '领取时间',
  PRIMARY KEY (`id`) USING BTREE
) ENGINE = InnoDB AUTO_INCREMENT = 16 CHARACTER SET = utf8mb4 COLLATE = utf8mb4_0900_ai_ci ROW_FORMAT = Dynamic;

-- ----------------------------
-- Records of cc_coupon_history
-- ----------------------------
INSERT INTO `cc_coupon_history` VALUES (1, 15, 8, 'fcl123', 0, 1, '2023-05-13 22:17:48', '1657389685029212160', '2023-05-11 16:27:31');
INSERT INTO `cc_coupon_history` VALUES (2, 15, 8, 'fcl123', 0, 1, '2023-05-13 22:17:48', '1657389685029212160', '2023-05-11 16:27:31');
INSERT INTO `cc_coupon_history` VALUES (3, 15, 8, 'fcl123', 0, 1, '2023-05-13 22:17:48', '1657389685029212160', '2023-05-11 16:27:31');
INSERT INTO `cc_coupon_history` VALUES (4, 15, 8, 'fcl123', 0, 1, '2023-05-13 22:17:48', '1657389685029212160', '2023-05-11 16:27:31');
INSERT INTO `cc_coupon_history` VALUES (5, 15, 8, 'fcl123', 0, 1, '2023-05-13 22:17:48', '1657389685029212160', '2023-05-11 16:27:31');
INSERT INTO `cc_coupon_history` VALUES (6, 15, 8, 'fcl123', 0, 1, '2023-05-13 22:17:48', '1657389685029212160', '2023-05-11 16:27:31');
INSERT INTO `cc_coupon_history` VALUES (7, 15, 8, 'fcl123', 0, 1, '2023-05-13 22:17:48', '1657389685029212160', '2023-05-11 16:27:31');
INSERT INTO `cc_coupon_history` VALUES (8, 15, 8, 'fcl123', 0, 1, '2023-05-13 22:17:48', '1657389685029212160', '2023-05-11 16:27:31');
INSERT INTO `cc_coupon_history` VALUES (9, 15, 8, 'fcl123', 0, 1, '2023-05-13 22:17:48', '1657389685029212160', '2023-05-11 16:27:31');
INSERT INTO `cc_coupon_history` VALUES (10, 15, 8, 'fcl123', 0, 1, '2023-05-13 22:17:48', '1657389685029212160', '2023-05-11 16:27:31');
INSERT INTO `cc_coupon_history` VALUES (11, 15, 8, 'fcl123', 0, 1, '2023-05-13 22:17:48', '1657389685029212160', '2023-05-11 16:27:31');
INSERT INTO `cc_coupon_history` VALUES (12, 15, 8, 'fcl123', 0, 1, '2023-05-13 22:17:48', '1657389685029212160', '2023-05-11 16:27:31');
INSERT INTO `cc_coupon_history` VALUES (13, 15, 8, 'fcl123', 0, 1, '2023-05-13 22:17:48', '1657389685029212160', '2023-05-11 16:27:31');
INSERT INTO `cc_coupon_history` VALUES (14, 15, 8, 'fcl123', 0, 1, '2023-05-13 22:17:48', '1657389685029212160', '2023-05-11 16:27:31');
INSERT INTO `cc_coupon_history` VALUES (15, 15, 8, 'fcl123', 0, 1, '2023-05-13 22:17:48', '1657389685029212160', '2023-05-11 16:27:31');
INSERT INTO `cc_coupon_history` VALUES (16, 15, 8, 'fcl123', 0, 1, '2023-05-13 22:17:48', '1657389685029212160', '2023-05-11 16:27:31');

-- ----------------------------
-- Table structure for cc_coupon_product_category_relation
-- ----------------------------
DROP TABLE IF EXISTS `cc_coupon_product_category_relation`;
CREATE TABLE `cc_coupon_product_category_relation`  (
  `id` int(11) UNSIGNED NOT NULL AUTO_INCREMENT,
  `coupon_id` int(11) UNSIGNED NULL DEFAULT NULL,
  `product_category_id` int(11) UNSIGNED NULL DEFAULT NULL,
  `product_category_name` varchar(200) CHARACTER SET utf8mb4 COLLATE utf8mb4_0900_ai_ci NULL DEFAULT NULL COMMENT '产品分类名称',
  `parent_category_name` varchar(200) CHARACTER SET utf8mb4 COLLATE utf8mb4_0900_ai_ci NULL DEFAULT NULL COMMENT '父分类名称',
  PRIMARY KEY (`id`) USING BTREE
) ENGINE = InnoDB AUTO_INCREMENT = 18 CHARACTER SET = utf8mb4 COLLATE = utf8mb4_0900_ai_ci ROW_FORMAT = Dynamic;

-- ----------------------------
-- Records of cc_coupon_product_category_relation
-- ----------------------------
INSERT INTO `cc_coupon_product_category_relation` VALUES (9, 9, 16, '红茶', '茶');
INSERT INTO `cc_coupon_product_category_relation` VALUES (10, 11, 6, '白酒', '酒');
INSERT INTO `cc_coupon_product_category_relation` VALUES (11, 11, 7, '葡萄酒', '酒');
INSERT INTO `cc_coupon_product_category_relation` VALUES (12, 11, 8, '啤酒', '酒');
INSERT INTO `cc_coupon_product_category_relation` VALUES (13, 11, 9, '洋酒', '酒');
INSERT INTO `cc_coupon_product_category_relation` VALUES (14, 11, 10, '黄酒', '酒');
INSERT INTO `cc_coupon_product_category_relation` VALUES (15, 12, 12, '绿茶', '茶');
INSERT INTO `cc_coupon_product_category_relation` VALUES (16, 14, 16, '红茶', '茶');
INSERT INTO `cc_coupon_product_category_relation` VALUES (17, 14, 11, '普洱', '茶');
INSERT INTO `cc_coupon_product_category_relation` VALUES (18, 14, 13, '白茶', '茶');

-- ----------------------------
-- Table structure for cc_coupon_product_relation
-- ----------------------------
DROP TABLE IF EXISTS `cc_coupon_product_relation`;
CREATE TABLE `cc_coupon_product_relation`  (
  `id` int(11) UNSIGNED NOT NULL AUTO_INCREMENT,
  `coupon_id` int(11) UNSIGNED NULL DEFAULT NULL,
  `product_id` int(11) UNSIGNED NULL DEFAULT NULL,
  `product_name` varchar(500) CHARACTER SET utf8mb4 COLLATE utf8mb4_0900_ai_ci NULL DEFAULT NULL COMMENT '商品名称',
  PRIMARY KEY (`id`) USING BTREE
) ENGINE = InnoDB AUTO_INCREMENT = 2 CHARACTER SET = utf8mb4 COLLATE = utf8mb4_0900_ai_ci ROW_FORMAT = Dynamic;

-- ----------------------------
-- Records of cc_coupon_product_relation
-- ----------------------------
INSERT INTO `cc_coupon_product_relation` VALUES (2, 13, 14, '凝露蜜芽云南滇红');

-- ----------------------------
-- Table structure for cc_delivery_address
-- ----------------------------
DROP TABLE IF EXISTS `cc_delivery_address`;
CREATE TABLE `cc_delivery_address`  (
  `id` int(11) UNSIGNED NOT NULL AUTO_INCREMENT,
  `customer_id` int(11) UNSIGNED NULL DEFAULT NULL,
  `province` varchar(255) CHARACTER SET utf8mb4 COLLATE utf8mb4_0900_ai_ci NULL DEFAULT NULL COMMENT '省',
  `city` varchar(255) CHARACTER SET utf8mb4 COLLATE utf8mb4_0900_ai_ci NULL DEFAULT NULL COMMENT '市',
  `county` varchar(255) CHARACTER SET utf8mb4 COLLATE utf8mb4_0900_ai_ci NULL DEFAULT NULL COMMENT '县',
  `full_address` varchar(255) CHARACTER SET utf8mb4 COLLATE utf8mb4_0900_ai_ci NULL DEFAULT NULL COMMENT '详细地址',
  `default_flag` tinyint(3) UNSIGNED NULL DEFAULT NULL COMMENT '是否为默认地址0是1不是',
  `delivery_name` varchar(255) CHARACTER SET utf8mb4 COLLATE utf8mb4_0900_ai_ci NULL DEFAULT NULL COMMENT '收货人',
  `phone` char(11) CHARACTER SET utf8mb4 COLLATE utf8mb4_0900_ai_ci NULL DEFAULT NULL COMMENT '联系方式',
  `area_code` varchar(10) CHARACTER SET utf8mb4 COLLATE utf8mb4_0900_ai_ci NULL DEFAULT NULL COMMENT '配合vant地址选择器的字段',
  PRIMARY KEY (`id`) USING BTREE
) ENGINE = InnoDB AUTO_INCREMENT = 8 CHARACTER SET = utf8mb4 COLLATE = utf8mb4_0900_ai_ci ROW_FORMAT = Dynamic;

-- ----------------------------
-- Records of cc_delivery_address
-- ----------------------------
INSERT INTO `cc_delivery_address` VALUES (4, 8, '浙江省', '湖州市', '德清县', '武康街道104号', 0, 'fcl', '18768215189', '330521');
INSERT INTO `cc_delivery_address` VALUES (6, 9, '浙江省', '湖州市', '德清县', '武康街道104', 0, 'fcl', '18768215189', '330521');
INSERT INTO `cc_delivery_address` VALUES (7, 9, '浙江省', '杭州市', '余杭区', '良渚街道', 1, 'fcl', '18785415482', '330110');
INSERT INTO `cc_delivery_address` VALUES (8, 8, '浙江省', '杭州市', '上城区', 'dadafad', 1, '达瓦达瓦', '18788844444', '330102');

-- ----------------------------
-- Table structure for cc_post
-- ----------------------------
DROP TABLE IF EXISTS `cc_post`;
CREATE TABLE `cc_post`  (
  `id` int(11) UNSIGNED NOT NULL AUTO_INCREMENT,
  `customer_id` int(10) UNSIGNED NULL DEFAULT NULL COMMENT '用户ID',
  `title` varchar(100) CHARACTER SET utf8mb4 COLLATE utf8mb4_0900_ai_ci NULL DEFAULT NULL COMMENT '帖子标题',
  `content` varchar(500) CHARACTER SET utf8mb4 COLLATE utf8mb4_0900_ai_ci NULL DEFAULT NULL COMMENT '内容',
  `pageview` int(11) UNSIGNED NULL DEFAULT NULL COMMENT '点击量',
  `like_count` int(11) UNSIGNED NULL DEFAULT NULL COMMENT '点赞',
  `comment_count` int(11) UNSIGNED NULL DEFAULT NULL COMMENT '评论量',
  `pic` varchar(255) CHARACTER SET utf8mb4 COLLATE utf8mb4_0900_ai_ci NULL DEFAULT NULL COMMENT '图片逗号分割',
  `create_time` timestamp(0) NULL DEFAULT NULL COMMENT '创建时间',
  PRIMARY KEY (`id`) USING BTREE
) ENGINE = InnoDB AUTO_INCREMENT = 3 CHARACTER SET = utf8mb4 COLLATE = utf8mb4_0900_ai_ci ROW_FORMAT = Dynamic;

-- ----------------------------
-- Records of cc_post
-- ----------------------------
INSERT INTO `cc_post` VALUES (2, 8, '测试文章添加', '测试大王的防守i方式反抗精神放松是免费VS地方，到现在分词u士大夫怎么封闭式的开发是没法比u是否这块地方和v哦士大夫的风格和vui哦地方法规是，都没法牛轭是否是，的发挥iOS地方述代码，发hi瑟夫省得麻烦的思考方面，给打开i和 管理解耦i敌人进攻得分偶的鞠躬i的父母分类解耦i果然是近两年佛i认识的解放立刻撒的念佛i第三积分牛客就偶然是你们客服工号是忍冬人撒立刻解放毫安skis的机会公司那个客户看i就归还给理科女i哦对房价反过来事发后洒家离开对方欧洲的就够受的了吗伦敦上空经过日破就，没素质的就能够i圣诞节，虚拟的voids就率能力考试大纲尽量快点返工i色结果外婆欸时间管道符，吗哦i的覅结果两人都是莫i当日机构i都让你美国绿卡电风扇广泛，开始在那个哦i软件管理开始。', 22, 1, 1, '20230407/168087569537353.jpg,', '2023-04-07 21:55:03');
INSERT INTO `cc_post` VALUES (3, 8, '测试标题', '测试内容啊达瓦大大大达娃', 1, 1, 0, '', '2023-05-05 09:49:35');

-- ----------------------------
-- Table structure for cc_post_comment
-- ----------------------------
DROP TABLE IF EXISTS `cc_post_comment`;
CREATE TABLE `cc_post_comment`  (
  `id` int(11) UNSIGNED NOT NULL AUTO_INCREMENT,
  `customer_id` int(11) UNSIGNED NULL DEFAULT NULL,
  `post_id` int(11) UNSIGNED NULL DEFAULT NULL,
  `content` varchar(255) CHARACTER SET utf8mb4 COLLATE utf8mb4_0900_ai_ci NULL DEFAULT NULL,
  `username` varchar(255) CHARACTER SET utf8mb4 COLLATE utf8mb4_0900_ai_ci NULL DEFAULT NULL,
  `avatar` varchar(255) CHARACTER SET utf8mb4 COLLATE utf8mb4_0900_ai_ci NULL DEFAULT NULL,
  `create_time` timestamp(0) NULL DEFAULT NULL,
  PRIMARY KEY (`id`) USING BTREE
) ENGINE = InnoDB AUTO_INCREMENT = 5 CHARACTER SET = utf8mb4 COLLATE = utf8mb4_0900_ai_ci ROW_FORMAT = Dynamic;

-- ----------------------------
-- Records of cc_post_comment
-- ----------------------------
INSERT INTO `cc_post_comment` VALUES (1, 8, 1, '好写的非常好', 'fcl123', 'https://fclmall-oss.oss-cn-hangzhou.aliyuncs.com/salt_fish.gif', '2023-04-07 16:54:18');
INSERT INTO `cc_post_comment` VALUES (2, 8, 1, '你好呀', 'fcl123', 'https://fclmall-oss.oss-cn-hangzhou.aliyuncs.com/salt_fish.gif', '2023-04-07 17:10:11');
INSERT INTO `cc_post_comment` VALUES (3, 8, 1, '你好不好呀', 'fcl123', 'https://fclmall-oss.oss-cn-hangzhou.aliyuncs.com/salt_fish.gif', '2023-04-07 17:14:41');
INSERT INTO `cc_post_comment` VALUES (4, 8, 2, '你好呀', 'fcl123', 'https://fclmall-oss.oss-cn-hangzhou.aliyuncs.com/salt_fish.gif', '2023-04-07 22:04:22');
INSERT INTO `cc_post_comment` VALUES (5, 8, 1, '你好呀！！！', 'fcl123', 'https://fclmall-oss.oss-cn-hangzhou.aliyuncs.com/salt_fish.gif', '2023-05-04 21:45:33');

-- ----------------------------
-- Table structure for cc_post_like_relation
-- ----------------------------
DROP TABLE IF EXISTS `cc_post_like_relation`;
CREATE TABLE `cc_post_like_relation`  (
  `id` int(11) UNSIGNED NOT NULL AUTO_INCREMENT,
  `post_id` int(11) UNSIGNED NULL DEFAULT NULL COMMENT '文章id',
  `customer_id` int(11) UNSIGNED NULL DEFAULT NULL COMMENT '点赞用户id',
  PRIMARY KEY (`id`) USING BTREE
) ENGINE = InnoDB AUTO_INCREMENT = 5 CHARACTER SET = utf8mb4 COLLATE = utf8mb4_0900_ai_ci ROW_FORMAT = Dynamic;

-- ----------------------------
-- Records of cc_post_like_relation
-- ----------------------------
INSERT INTO `cc_post_like_relation` VALUES (4, 2, 8);
INSERT INTO `cc_post_like_relation` VALUES (5, 3, 8);

-- ----------------------------
-- Table structure for cc_product_favorite
-- ----------------------------
DROP TABLE IF EXISTS `cc_product_favorite`;
CREATE TABLE `cc_product_favorite`  (
  `id` int(11) UNSIGNED NOT NULL AUTO_INCREMENT,
  `product_id` int(11) UNSIGNED NULL DEFAULT NULL COMMENT '商品编号',
  `customer_id` int(10) UNSIGNED NULL DEFAULT NULL COMMENT '收藏用户编号',
  `product_name` varchar(255) CHARACTER SET utf8mb4 COLLATE utf8mb4_0900_ai_ci NULL DEFAULT NULL COMMENT '商品名字',
  `product_cover` varchar(255) CHARACTER SET utf8mb4 COLLATE utf8mb4_0900_ai_ci NULL DEFAULT NULL COMMENT '商品展示图',
  `product_price` decimal(10, 2) UNSIGNED NULL DEFAULT NULL COMMENT '商品价格',
  `create_time` timestamp(0) NULL DEFAULT CURRENT_TIMESTAMP(0) COMMENT '收藏时间',
  PRIMARY KEY (`id`) USING BTREE
) ENGINE = InnoDB AUTO_INCREMENT = 7 CHARACTER SET = utf8mb4 COLLATE = utf8mb4_0900_ai_ci ROW_FORMAT = Dynamic;

-- ----------------------------
-- Records of cc_product_favorite
-- ----------------------------
INSERT INTO `cc_product_favorite` VALUES (5, 12, 9, '浅尝-蜜香小种（正山小种）', '20230324/16796344303170166719_0.jpg', 4.80, '2023-03-29 23:16:59');
INSERT INTO `cc_product_favorite` VALUES (6, 32, 8, '云南凤庆高海拔古树滇红', '20230324/16796349480120010596_0.jpg', 99.00, '2023-05-11 15:08:01');
INSERT INTO `cc_product_favorite` VALUES (7, 35, 8, '云南凤庆高海拔古树滇红', '20230324/16796349480120010596_0.jpg', 99.00, '2023-05-13 22:17:25');

-- ----------------------------
-- Table structure for customer
-- ----------------------------
DROP TABLE IF EXISTS `customer`;
CREATE TABLE `customer`  (
  `id` int(11) UNSIGNED NOT NULL AUTO_INCREMENT,
  `username` varchar(40) CHARACTER SET utf8mb4 COLLATE utf8mb4_0900_ai_ci NULL DEFAULT NULL COMMENT '用户名',
  `password` char(32) CHARACTER SET utf8mb4 COLLATE utf8mb4_0900_ai_ci NULL DEFAULT NULL COMMENT '密码',
  `phone` char(11) CHARACTER SET utf8mb4 COLLATE utf8mb4_0900_ai_ci NULL DEFAULT NULL COMMENT '电话',
  `gender` tinyint(3) UNSIGNED NULL DEFAULT NULL COMMENT '性别',
  `nick_name` varchar(40) CHARACTER SET utf8mb4 COLLATE utf8mb4_0900_ai_ci NULL DEFAULT NULL COMMENT '昵称',
  `avatar` varchar(255) CHARACTER SET utf8mb4 COLLATE utf8mb4_0900_ai_ci NULL DEFAULT NULL COMMENT '头像',
  `points` int(11) UNSIGNED NULL DEFAULT 0 COMMENT '积分',
  `create_time` timestamp(0) NULL DEFAULT CURRENT_TIMESTAMP(0) COMMENT '注册时间',
  PRIMARY KEY (`id`) USING BTREE
) ENGINE = InnoDB AUTO_INCREMENT = 10 CHARACTER SET = utf8mb4 COLLATE = utf8mb4_0900_ai_ci ROW_FORMAT = Dynamic;

-- ----------------------------
-- Records of customer
-- ----------------------------
INSERT INTO `customer` VALUES (1, 'test', 'e10adc3949ba59abbe56e057f20f883e', '13874514872', 0, 'winter', 'https://fclmall-oss.oss-cn-hangzhou.aliyuncs.com/salt_fish.gif', 0, '2023-03-30 13:29:21');
INSERT INTO `customer` VALUES (2, 'test2', 'e10adc3949ba59abbe56e057f20f883e', '13874514872', 0, 'winter', 'https://fclmall-oss.oss-cn-hangzhou.aliyuncs.com/salt_fish.gif', 0, '2023-03-30 13:29:21');
INSERT INTO `customer` VALUES (3, 'test3', 'e10adc3949ba59abbe56e057f20f883e', '13874514871', 0, 'winter', 'https://fclmall-oss.oss-cn-hangzhou.aliyuncs.com/salt_fish.gif', 0, '2023-03-30 13:29:21');
INSERT INTO `customer` VALUES (6, 'tset3', 'e10adc3949ba59abbe56e057f20f883e', '18765412148', 0, 'dadawda', 'https://fclmall-oss.oss-cn-hangzhou.aliyuncs.com/salt_fish.gif', 0, '2023-03-30 13:29:21');
INSERT INTO `customer` VALUES (7, 'test4', 'e10adc3949ba59abbe56e057f20f883e', '18765414189', 0, 'dfsdfsad', 'https://fclmall-oss.oss-cn-hangzhou.aliyuncs.com/salt_fish.gif', 0, '2023-03-30 13:29:21');
INSERT INTO `customer` VALUES (8, 'fcl123', 'e10adc3949ba59abbe56e057f20f883e', '18094630052', 0, '咸鱼干', 'https://fclmall-oss.oss-cn-hangzhou.aliyuncs.com/salt_fish.gif', 325, '2023-03-30 13:29:21');
INSERT INTO `customer` VALUES (9, 'cc9', 'e10adc3949ba59abbe56e057f20f883e', '18768215189', 1, '你是sb', 'https://fclmall-oss.oss-cn-hangzhou.aliyuncs.com/ccmall/image/20230326/1679845816465sh.gif', 100, '2023-03-30 13:29:21');
INSERT INTO `customer` VALUES (10, 'cc10', 'f7a74052ccf449bc3b51da974f78eec4', '13587236434', 2, '用户_10', 'https://fclmall-oss.oss-cn-hangzhou.aliyuncs.com/salt_fish.gif', 0, '2023-04-10 09:54:27');

-- ----------------------------
-- Table structure for excel_output_job
-- ----------------------------
DROP TABLE IF EXISTS `excel_output_job`;
CREATE TABLE `excel_output_job`  (
  `id` int(11) UNSIGNED NOT NULL AUTO_INCREMENT,
  `job_name` varchar(255) CHARACTER SET utf8mb4 COLLATE utf8mb4_0900_ai_ci NULL DEFAULT NULL,
  `job_status` tinyint(3) UNSIGNED NULL DEFAULT NULL,
  `create_time` timestamp(0) NULL DEFAULT NULL,
  `finish_time` timestamp(0) NULL DEFAULT NULL,
  `download_url` varchar(255) CHARACTER SET utf8mb4 COLLATE utf8mb4_0900_ai_ci NULL DEFAULT NULL,
  `failed_reason` varchar(2000) CHARACTER SET utf8mb4 COLLATE utf8mb4_0900_ai_ci NULL DEFAULT NULL,
  PRIMARY KEY (`id`) USING BTREE
) ENGINE = InnoDB AUTO_INCREMENT = 3 CHARACTER SET = utf8mb4 COLLATE = utf8mb4_0900_ai_ci ROW_FORMAT = Dynamic;

-- ----------------------------
-- Records of excel_output_job
-- ----------------------------
INSERT INTO `excel_output_job` VALUES (1, '测试任务', 3, '2023-05-13 00:46:43', NULL, 'https://fclmall-oss.oss-cn-hangzhou.aliyuncs.com/excel/m1u2vd4d009ibattxvlw.xlsx', NULL);
INSERT INTO `excel_output_job` VALUES (2, '测试任务2', 3, '2023-05-13 00:56:31', '2023-05-13 00:56:32', 'https://fclmall-oss.oss-cn-hangzhou.aliyuncs.com/excel/m1u2vd4d009ibattxvlw.xlsx', NULL);
INSERT INTO `excel_output_job` VALUES (3, '二十分色法是', 3, '2023-05-13 22:19:38', '2023-05-13 22:19:39', 'https://fclmall-oss.oss-cn-hangzhou.aliyuncs.com/excel/lljc8uujnq5g2gd4nfdd.xlsx', NULL);

-- ----------------------------
-- Table structure for order_detail
-- ----------------------------
DROP TABLE IF EXISTS `order_detail`;
CREATE TABLE `order_detail`  (
  `id` int(11) UNSIGNED NOT NULL AUTO_INCREMENT,
  `order_id` int(11) UNSIGNED NULL DEFAULT NULL COMMENT '订单表ID',
  `product_id` int(10) UNSIGNED NULL DEFAULT NULL COMMENT '订单商品ID',
  `product_name` varchar(100) CHARACTER SET utf8mb4 COLLATE utf8mb4_0900_ai_ci NULL DEFAULT NULL COMMENT '商品名称',
  `product_cnt` int(11) UNSIGNED NULL DEFAULT NULL COMMENT '购买商品数量',
  `product_price` decimal(10, 2) UNSIGNED NULL DEFAULT NULL COMMENT '购买商品单价',
  `create_time` timestamp(0) NULL DEFAULT CURRENT_TIMESTAMP(0) ON UPDATE CURRENT_TIMESTAMP(0) COMMENT '最后修改时间',
  `product_cover` varchar(255) CHARACTER SET utf8mb4 COLLATE utf8mb4_0900_ai_ci NULL DEFAULT NULL COMMENT '商品图片',
  PRIMARY KEY (`id`) USING BTREE
) ENGINE = InnoDB AUTO_INCREMENT = 22 CHARACTER SET = utf8mb4 COLLATE = utf8mb4_0900_ai_ci ROW_FORMAT = Dynamic;

-- ----------------------------
-- Records of order_detail
-- ----------------------------
INSERT INTO `order_detail` VALUES (1, 1, 20, '新工艺正山小种3号', 1, 99.00, '2023-03-31 00:06:58', '20230324/16796351110960032475_0.jpeg');
INSERT INTO `order_detail` VALUES (2, 1, 10, '意大利普雷吉奥限量版', 2, 99.00, '2023-03-31 00:06:58', '20230324/1679634036009IMG_0646(20230324-125900).JPG');
INSERT INTO `order_detail` VALUES (3, 2, 12, '浅尝-蜜香小种（正山小种）', 2, 4.80, '2023-03-31 14:49:23', '20230324/16796344303170166719_0.jpg');
INSERT INTO `order_detail` VALUES (4, 2, 6, '艺术酒过雨荷53度酱香型白酒4*500ml', 1, 980.00, '2023-03-31 14:49:23', '20230324/1679633182480IMG_0625(20230324-124226).JPG');
INSERT INTO `order_detail` VALUES (5, 3, 18, '云南凤庆高海拔古树滇红', 1, 99.00, '2023-03-31 15:39:35', '20230324/16796349480120010596_0.jpg');
INSERT INTO `order_detail` VALUES (6, 4, 8, '西班牙爱语莫斯卡托起泡酒750ml/瓶', 2, 89.00, '2023-03-31 15:45:35', '20230324/1679633677281IMG_0638(20230324-125207).JPG');
INSERT INTO `order_detail` VALUES (7, 5, 26, '云南凤庆高海拔古树滇红', 2, 99.00, '2023-04-01 12:54:17', '20230324/16796349480120010596_0.jpg');
INSERT INTO `order_detail` VALUES (8, 6, 26, '云南凤庆高海拔古树滇红', 4, 99.00, '2023-04-01 12:58:22', '20230324/16796349480120010596_0.jpg');
INSERT INTO `order_detail` VALUES (9, 7, 26, '云南凤庆高海拔古树滇红', 1, 99.00, '2023-04-01 12:58:40', '20230324/16796349480120010596_0.jpg');
INSERT INTO `order_detail` VALUES (10, 8, 26, '云南凤庆高海拔古树滇红', 1, 99.00, '2023-04-01 12:59:04', '20230324/16796349480120010596_0.jpg');
INSERT INTO `order_detail` VALUES (11, 9, 9, '法国15度诺伯特酒窖干红单只礼盒装750ml/瓶', 2, 128.00, '2023-05-04 22:39:31', '20230324/1679633814132IMG_0640(20230324-125452).JPG');
INSERT INTO `order_detail` VALUES (12, 10, 14, '凝露蜜芽云南滇红', 1, 89.00, '2023-05-05 09:58:48', '20230324/16796346123570015676_0.jpg');
INSERT INTO `order_detail` VALUES (13, 10, 2, '东书房纯酿酒53度酱香型白酒', 1, 888.00, '2023-05-05 09:58:48', '20230312/1678624554528IMG_0574(20230306-214118).JPG');
INSERT INTO `order_detail` VALUES (14, 11, 29, '测试商品', 1, 20.00, '2023-05-05 13:17:58', '20230505/1683251725554茶具套装.png');
INSERT INTO `order_detail` VALUES (15, 12, 25, '云南凤庆高海拔古树滇红', 4, 99.00, '2023-05-05 13:26:05', '20230324/16796349480120010596_0.jpg');
INSERT INTO `order_detail` VALUES (16, 12, 18, '云南凤庆高海拔古树滇红', 5, 99.00, '2023-05-05 13:26:05', '20230324/16796349480120010596_0.jpg');
INSERT INTO `order_detail` VALUES (17, 13, 19, '浅尝-金丝滇红', 26, 5.80, '2023-05-11 16:19:16', '20230324/16796350336140166715_0.jpg');
INSERT INTO `order_detail` VALUES (18, 14, 23, '云南凤庆高海拔古树滇红', 2, 99.00, '2023-05-13 10:07:53', '20230324/16796349480120010596_0.jpg');
INSERT INTO `order_detail` VALUES (19, 14, 30, '东书房纯酿酒53度酱香型白酒', 3, 888.00, '2023-05-13 10:07:53', '20230312/1678624554528IMG_0574(20230306-214118).JPG');
INSERT INTO `order_detail` VALUES (20, 14, 6, '艺术酒过雨荷53度酱香型白酒4*500ml', 3, 980.00, '2023-05-13 10:07:53', '20230324/1679633182480IMG_0625(20230324-124226).JPG');
INSERT INTO `order_detail` VALUES (21, 15, 35, '云南凤庆高海拔古树滇红', 2, 99.00, '2023-05-13 22:17:48', '20230324/16796349480120010596_0.jpg');
INSERT INTO `order_detail` VALUES (22, 15, 19, '浅尝-金丝滇红', 3, 5.80, '2023-05-13 22:17:48', '20230324/16796350336140166715_0.jpg');

-- ----------------------------
-- Table structure for order_master
-- ----------------------------
DROP TABLE IF EXISTS `order_master`;
CREATE TABLE `order_master`  (
  `id` int(11) UNSIGNED NOT NULL AUTO_INCREMENT COMMENT '编号',
  `order_id` varchar(20) CHARACTER SET utf8mb4 COLLATE utf8mb4_0900_ai_ci NULL DEFAULT NULL COMMENT '订单编号',
  `customer_id` int(11) UNSIGNED NULL DEFAULT NULL COMMENT '用户编号',
  `coupon_id` int(11) UNSIGNED NULL DEFAULT NULL COMMENT '优惠券',
  `customer_username` varchar(200) CHARACTER SET utf8mb4 COLLATE utf8mb4_0900_ai_ci NULL DEFAULT NULL COMMENT '用户名',
  `total_amount` decimal(10, 2) UNSIGNED NULL DEFAULT NULL COMMENT '订单总价',
  `pay_amount` decimal(10, 2) UNSIGNED NULL DEFAULT NULL COMMENT '应付总价',
  `freight_amount` decimal(10, 2) UNSIGNED NULL DEFAULT NULL COMMENT '运费金额',
  `integration_amount` decimal(10, 2) UNSIGNED NULL DEFAULT NULL COMMENT '积分抵扣金额',
  `coupon_amount` decimal(10, 2) UNSIGNED NULL DEFAULT NULL COMMENT '优惠券抵扣金额',
  `pay_type` tinyint(3) UNSIGNED NULL DEFAULT NULL COMMENT '支付方式【1->支付宝；2->微信；3->银联； 4->货到付款；】',
  `order_status` tinyint(3) UNSIGNED NULL DEFAULT NULL COMMENT '订单状态【0->待付款；1->待发货；2->已发货；3->已完成；4->已关闭；5->无效订单】',
  `integration` int(11) NULL DEFAULT NULL COMMENT '可以获得的积分',
  `receiver_name` varchar(100) CHARACTER SET utf8mb4 COLLATE utf8mb4_0900_ai_ci NULL DEFAULT NULL COMMENT '收货人姓名',
  `receiver_phone` varchar(32) CHARACTER SET utf8mb4 COLLATE utf8mb4_0900_ai_ci NULL DEFAULT NULL COMMENT '收货人电话',
  `receiver_province` varchar(32) CHARACTER SET utf8mb4 COLLATE utf8mb4_0900_ai_ci NULL DEFAULT NULL COMMENT '省份/直辖市',
  `receiver_city` varchar(32) CHARACTER SET utf8mb4 COLLATE utf8mb4_0900_ai_ci NULL DEFAULT NULL COMMENT '城市',
  `receiver_county` varchar(32) CHARACTER SET utf8mb4 COLLATE utf8mb4_0900_ai_ci NULL DEFAULT NULL COMMENT '区县',
  `receiver_detail_address` varchar(255) CHARACTER SET utf8mb4 COLLATE utf8mb4_0900_ai_ci NULL DEFAULT NULL COMMENT '详细地址',
  `note` varchar(255) CHARACTER SET utf8mb4 COLLATE utf8mb4_0900_ai_ci NULL DEFAULT NULL COMMENT '订单备注',
  `confirm_status` tinyint(3) UNSIGNED NULL DEFAULT NULL COMMENT '确认收货状态[0->未确认；1->已确认]',
  `delete_status` tinyint(3) UNSIGNED NULL DEFAULT 0 COMMENT '删除状态【0->未删除；1->已删除】',
  `payment_time` timestamp(0) NULL DEFAULT NULL COMMENT '支付时间',
  `order_time` timestamp(0) NULL DEFAULT CURRENT_TIMESTAMP(0) COMMENT '下单时间',
  `delivery_time` timestamp(0) NULL DEFAULT NULL COMMENT '发货时间',
  `receive_time` timestamp(0) NULL DEFAULT NULL COMMENT '确认收货时间',
  `order_type` tinyint(3) NULL DEFAULT NULL COMMENT '订单类型0配送1自提',
  PRIMARY KEY (`id`) USING BTREE
) ENGINE = InnoDB AUTO_INCREMENT = 15 CHARACTER SET = utf8mb4 COLLATE = utf8mb4_0900_ai_ci ROW_FORMAT = Dynamic;

-- ----------------------------
-- Records of order_master
-- ----------------------------
INSERT INTO `order_master` VALUES (1, '1641472088379232256', 9, 4, 'cc9', 297.00, 247.00, NULL, NULL, 50.00, 1, 3, 100, 'fcl', '18768215189', '浙江省', '湖州市', '德清县', '武康街道104', NULL, 1, 0, NULL, '2023-03-31 00:06:58', NULL, '2023-04-01 13:30:09', 0);
INSERT INTO `order_master` VALUES (2, '1641694157100552192', 9, 4, 'cc9', 989.60, 939.60, NULL, NULL, 50.00, 1, 4, 24, NULL, NULL, NULL, NULL, NULL, NULL, NULL, 0, 0, NULL, '2023-03-31 14:49:23', NULL, NULL, 1);
INSERT INTO `order_master` VALUES (3, '1641706791082397696', 9, NULL, 'cc9', 99.00, NULL, NULL, NULL, NULL, 1, 4, 90, 'fcl', '18785415482', '浙江省', '杭州市', '余杭区', '良渚街道', NULL, 0, 1, NULL, '2023-03-31 15:39:35', NULL, NULL, 0);
INSERT INTO `order_master` VALUES (4, '1641708298972434432', 9, NULL, 'cc9', 178.00, 178.00, NULL, NULL, 0.00, 1, 4, 10, 'fcl', '18768215189', '浙江省', '湖州市', '德清县', '武康街道104', NULL, 0, 0, NULL, '2023-03-31 15:45:35', NULL, NULL, 0);
INSERT INTO `order_master` VALUES (5, '1642027581531230208', 9, NULL, 'cc9', NULL, NULL, NULL, NULL, NULL, 1, 4, 90, 'fcl', '18768215189', '浙江省', '湖州市', '德清县', '武康街道104', NULL, 0, 1, NULL, '2023-04-01 12:54:17', NULL, NULL, 0);
INSERT INTO `order_master` VALUES (6, '1642028606333915136', 9, NULL, 'cc9', 396.00, 396.00, NULL, NULL, 0.00, 1, 4, 90, 'fcl', '18768215189', '浙江省', '湖州市', '德清县', '武康街道104', NULL, 0, 0, NULL, '2023-04-01 12:58:22', NULL, NULL, 0);
INSERT INTO `order_master` VALUES (7, '1642028680619233280', 9, NULL, 'cc9', 99.00, 99.00, NULL, NULL, 0.00, 1, 4, 90, NULL, NULL, NULL, NULL, NULL, NULL, NULL, 0, 0, NULL, '2023-04-01 12:58:40', NULL, NULL, 1);
INSERT INTO `order_master` VALUES (8, '1642028781412552704', 9, NULL, 'cc9', 99.00, 99.00, NULL, NULL, 0.00, 1, 0, 90, NULL, NULL, NULL, NULL, NULL, NULL, NULL, 0, 1, NULL, '2023-04-01 12:59:04', NULL, NULL, 1);
INSERT INTO `order_master` VALUES (9, '1654133660092207104', 8, 11, 'fcl123', 256.00, 246.00, NULL, NULL, 10.00, 1, 4, 10, NULL, NULL, NULL, NULL, NULL, NULL, NULL, 0, 0, '2023-05-05 10:01:11', '2023-05-04 22:39:31', '2023-05-05 10:32:44', NULL, 1);
INSERT INTO `order_master` VALUES (10, '1654304605352235008', 8, NULL, 'fcl123', 977.00, 977.00, NULL, NULL, 0.00, 1, 3, 140, 'fcl', '18768215189', '浙江省', '湖州市', '德清县', '武康街道104号', NULL, 1, 0, '2023-05-05 10:02:16', '2023-05-05 09:58:48', '2023-05-05 13:16:12', '2023-05-05 13:16:41', 0);
INSERT INTO `order_master` VALUES (11, '1654354728459440128', 8, NULL, 'fcl123', 20.00, 20.00, NULL, NULL, 0.00, 1, 4, 10, NULL, NULL, NULL, NULL, NULL, NULL, NULL, 1, 0, '2023-05-05 13:18:05', '2023-05-05 13:17:58', '2023-05-05 13:18:21', '2023-05-05 13:18:29', 1);
INSERT INTO `order_master` VALUES (12, '1654356767755210752', 8, 10, 'fcl123', 891.00, 871.00, NULL, NULL, 20.00, 1, 4, 180, NULL, NULL, NULL, NULL, NULL, NULL, NULL, 0, 0, '2023-05-11 15:03:31', '2023-05-05 13:26:05', '2023-05-11 15:19:19', NULL, 1);
INSERT INTO `order_master` VALUES (13, '1656574680067215360', 8, 14, 'fcl123', 150.80, 140.80, NULL, NULL, 10.00, 1, 3, 5, 'fcl', '18768215189', '浙江省', '湖州市', '德清县', '武康街道104号', NULL, 1, 0, '2023-05-11 16:19:32', '2023-05-11 16:19:16', '2023-05-11 16:38:26', '2023-05-11 16:40:02', 0);
INSERT INTO `order_master` VALUES (14, '1657205993996554240', 8, NULL, 'fcl123', 5802.00, 5802.00, NULL, NULL, 0.00, 1, 3, 170, '达瓦达瓦', '18788844444', '浙江省', '杭州市', '上城区', 'dadafad', NULL, 1, 0, '2023-05-13 10:08:00', '2023-05-13 10:07:53', '2023-05-13 10:08:27', '2023-05-13 22:17:59', 0);
INSERT INTO `order_master` VALUES (15, '1657389685029212160', 8, 15, 'fcl123', 215.40, 210.40, NULL, NULL, 5.00, 1, 0, 95, NULL, NULL, NULL, NULL, NULL, NULL, NULL, 0, 0, NULL, '2023-05-13 22:17:48', NULL, NULL, 1);

-- ----------------------------
-- Table structure for order_return_apply
-- ----------------------------
DROP TABLE IF EXISTS `order_return_apply`;
CREATE TABLE `order_return_apply`  (
  `id` int(11) UNSIGNED NOT NULL AUTO_INCREMENT,
  `order_id` int(11) UNSIGNED NULL DEFAULT NULL,
  `customer_id` int(11) UNSIGNED NULL DEFAULT NULL,
  `reason` varchar(255) CHARACTER SET utf8mb4 COLLATE utf8mb4_0900_ai_ci NULL DEFAULT NULL COMMENT '退款原因',
  `return_price` decimal(10, 2) UNSIGNED NULL DEFAULT NULL COMMENT '退款金额',
  `handle_note` varchar(255) CHARACTER SET utf8mb4 COLLATE utf8mb4_0900_ai_ci NULL DEFAULT NULL COMMENT '处理备注',
  `status` tinyint(3) UNSIGNED NULL DEFAULT NULL COMMENT '申请状态：0->待处理；1->退货中；2->已完成；3->已拒绝',
  `create_time` timestamp(0) NULL DEFAULT NULL COMMENT '创建时间',
  `order_sn` varchar(20) CHARACTER SET utf8mb4 COLLATE utf8mb4_0900_ai_ci NULL DEFAULT NULL COMMENT '订单编号',
  `return_name` varchar(255) CHARACTER SET utf8mb4 COLLATE utf8mb4_0900_ai_ci NULL DEFAULT NULL COMMENT '退货人姓名',
  `return_phone` varchar(255) CHARACTER SET utf8mb4 COLLATE utf8mb4_0900_ai_ci NULL DEFAULT NULL COMMENT '退货人电话',
  `handle_time` timestamp(0) NULL DEFAULT NULL COMMENT '处理时间',
  PRIMARY KEY (`id`) USING BTREE
) ENGINE = InnoDB AUTO_INCREMENT = 5 CHARACTER SET = utf8mb4 COLLATE = utf8mb4_0900_ai_ci ROW_FORMAT = Dynamic;

-- ----------------------------
-- Records of order_return_apply
-- ----------------------------
INSERT INTO `order_return_apply` VALUES (1, 1, 9, '垃圾', 247.00, '你才是sb', 3, '2023-04-01 17:11:59', '1641472088379232256', 'fcl', '18768215189', '2023-04-03 13:22:42');
INSERT INTO `order_return_apply` VALUES (2, 9, 8, '不想要了', 246.00, '不行', 3, '2023-05-11 15:05:01', '1654133660092207104', NULL, NULL, '2023-05-11 15:12:47');
INSERT INTO `order_return_apply` VALUES (3, 11, 8, '大大大 ', 20.00, NULL, 2, '2023-05-11 15:20:44', '1654354728459440128', NULL, NULL, '2023-05-11 15:29:51');
INSERT INTO `order_return_apply` VALUES (4, 12, 8, '四渡赤水对方的', 871.00, NULL, 2, '2023-05-11 15:20:50', '1654356767755210752', NULL, NULL, '2023-05-11 15:29:55');
INSERT INTO `order_return_apply` VALUES (5, 9, 8, '达瓦娃', 246.00, NULL, 1, '2023-05-11 15:39:49', '1654133660092207104', NULL, NULL, '2023-05-11 16:35:27');

-- ----------------------------
-- Table structure for persona_2023_05
-- ----------------------------
DROP TABLE IF EXISTS `persona_2023_05`;
CREATE TABLE `persona_2023_05`  (
  `id` int(11) UNSIGNED NOT NULL AUTO_INCREMENT,
  `phone` varchar(11) CHARACTER SET utf8mb4 COLLATE utf8mb4_0900_ai_ci NULL DEFAULT NULL,
  `gender` varchar(11) CHARACTER SET utf8mb4 COLLATE utf8mb4_0900_ai_ci NULL DEFAULT NULL,
  `age` tinyint(3) UNSIGNED NULL DEFAULT NULL,
  `career` varchar(11) CHARACTER SET utf8mb4 COLLATE utf8mb4_0900_ai_ci NULL DEFAULT NULL,
  `income` decimal(10, 2) UNSIGNED NULL DEFAULT NULL,
  `hasCar` varchar(11) CHARACTER SET utf8mb4 COLLATE utf8mb4_0900_ai_ci NULL DEFAULT NULL,
  `hasHome` varchar(11) CHARACTER SET utf8mb4 COLLATE utf8mb4_0900_ai_ci NULL DEFAULT NULL,
  `educationalLevel` varchar(11) CHARACTER SET utf8mb4 COLLATE utf8mb4_0900_ai_ci NULL DEFAULT NULL,
  `countryOfOrigin` varchar(11) CHARACTER SET utf8mb4 COLLATE utf8mb4_0900_ai_ci NULL DEFAULT NULL,
  PRIMARY KEY (`id`) USING BTREE
) ENGINE = InnoDB AUTO_INCREMENT = 90 CHARACTER SET = utf8mb4 COLLATE = utf8mb4_0900_ai_ci ROW_FORMAT = Dynamic;

-- ----------------------------
-- Records of persona_2023_05
-- ----------------------------
INSERT INTO `persona_2023_05` VALUES (1, '18768215189', '男', 21, '军人', 10000.00, '是', '是', '高中', '杭州');
INSERT INTO `persona_2023_05` VALUES (2, '18768215190', '男', 21, '医生', 10000.00, '是', '是', '博士', '嘉兴');
INSERT INTO `persona_2023_05` VALUES (3, '18768215191', '男', 24, '教师', 8000.00, '未知', '是', '硕士', '北京');
INSERT INTO `persona_2023_05` VALUES (4, '18768215192', '女', 21, '护士', 10000.00, '是', '是', '本科', '上海');
INSERT INTO `persona_2023_05` VALUES (5, '18768215193', '男', 23, '演员', 30000.00, '是', '是', '本科', '杭州');
INSERT INTO `persona_2023_05` VALUES (6, '18768215194', '男', 21, '工人', 5000.00, '否', '是', '专科', '杭州');
INSERT INTO `persona_2023_05` VALUES (7, '18768215195', '男', 22, '医生', 10000.00, '是', '是', '博士', '杭州');
INSERT INTO `persona_2023_05` VALUES (8, '18768215196', '男', 21, '医生', 20000.00, '未知', '是', '博士', '杭州');
INSERT INTO `persona_2023_05` VALUES (9, '18768215197', '女', 45, '护士', 10000.00, '是', '是', '本科', '杭州');
INSERT INTO `persona_2023_05` VALUES (10, '18768215197', '男', 21, '军人', 10000.00, '是', '是', '高中', '杭州');
INSERT INTO `persona_2023_05` VALUES (11, '18768215198', '男', 21, '医生', 10000.00, '是', '是', '博士', '嘉兴');
INSERT INTO `persona_2023_05` VALUES (12, '18768215199', '男', 24, '教师', 8000.00, '未知', '是', '硕士', '北京');
INSERT INTO `persona_2023_05` VALUES (13, '18768215200', '女', 21, '护士', 10000.00, '是', '是', '本科', '上海');
INSERT INTO `persona_2023_05` VALUES (14, '18768215201', '男', 23, '演员', 30000.00, '是', '是', '本科', '杭州');
INSERT INTO `persona_2023_05` VALUES (15, '18768215202', '男', 21, '工人', 5000.00, '否', '是', '专科', '杭州');
INSERT INTO `persona_2023_05` VALUES (16, '18768215203', '男', 22, '医生', 10000.00, '是', '是', '博士', '杭州');
INSERT INTO `persona_2023_05` VALUES (17, '18768215204', '男', 21, '医生', 20000.00, '未知', '是', '博士', '杭州');
INSERT INTO `persona_2023_05` VALUES (18, '18768215205', '女', 45, '护士', 10000.00, '是', '是', '本科', '杭州');
INSERT INTO `persona_2023_05` VALUES (19, '18768215206', '男', 21, '军人', 10000.00, '是', '是', '高中', '杭州');
INSERT INTO `persona_2023_05` VALUES (20, '18768215207', '男', 21, '医生', 10000.00, '是', '是', '博士', '嘉兴');
INSERT INTO `persona_2023_05` VALUES (21, '18768215208', '男', 24, '教师', 8000.00, '未知', '是', '硕士', '北京');
INSERT INTO `persona_2023_05` VALUES (22, '18768215209', '女', 21, '护士', 10000.00, '是', '是', '本科', '上海');
INSERT INTO `persona_2023_05` VALUES (23, '18768215210', '男', 23, '演员', 30000.00, '是', '是', '本科', '杭州');
INSERT INTO `persona_2023_05` VALUES (24, '18768215211', '男', 21, '工人', 5000.00, '否', '是', '专科', '杭州');
INSERT INTO `persona_2023_05` VALUES (25, '18768215212', '男', 22, '医生', 10000.00, '是', '是', '博士', '杭州');
INSERT INTO `persona_2023_05` VALUES (26, '18768215213', '男', 21, '医生', 20000.00, '未知', '是', '博士', '杭州');
INSERT INTO `persona_2023_05` VALUES (27, '18768215214', '女', 45, '护士', 10000.00, '是', '是', '本科', '杭州');
INSERT INTO `persona_2023_05` VALUES (28, '18768215215', '男', 21, '军人', 10000.00, '是', '是', '高中', '杭州');
INSERT INTO `persona_2023_05` VALUES (29, '18768215216', '男', 21, '医生', 10000.00, '是', '是', '博士', '嘉兴');
INSERT INTO `persona_2023_05` VALUES (30, '18768215217', '男', 24, '教师', 8000.00, '未知', '是', '硕士', '北京');
INSERT INTO `persona_2023_05` VALUES (31, '18768215218', '女', 21, '护士', 10000.00, '是', '是', '本科', '上海');
INSERT INTO `persona_2023_05` VALUES (32, '18768215219', '男', 23, '演员', 30000.00, '是', '是', '本科', '杭州');
INSERT INTO `persona_2023_05` VALUES (33, '18768215220', '男', 21, '工人', 5000.00, '否', '是', '专科', '杭州');
INSERT INTO `persona_2023_05` VALUES (34, '18768215221', '男', 22, '医生', 10000.00, '是', '是', '博士', '杭州');
INSERT INTO `persona_2023_05` VALUES (35, '18768215222', '男', 21, '医生', 20000.00, '未知', '是', '博士', '杭州');
INSERT INTO `persona_2023_05` VALUES (36, '18768215223', '女', 45, '护士', 10000.00, '是', '是', '本科', '杭州');
INSERT INTO `persona_2023_05` VALUES (37, '18768215215', '男', 21, '军人', 10000.00, '是', '是', '高中', '杭州');
INSERT INTO `persona_2023_05` VALUES (38, '18768215216', '男', 21, '医生', 10000.00, '是', '是', '博士', '嘉兴');
INSERT INTO `persona_2023_05` VALUES (39, '18768215217', '男', 24, '教师', 8000.00, '未知', '是', '硕士', '北京');
INSERT INTO `persona_2023_05` VALUES (40, '18768215218', '女', 21, '护士', 10000.00, '是', '是', '本科', '上海');
INSERT INTO `persona_2023_05` VALUES (41, '18768215219', '男', 23, '演员', 30000.00, '是', '是', '本科', '杭州');
INSERT INTO `persona_2023_05` VALUES (42, '18768215220', '男', 21, '工人', 5000.00, '否', '是', '专科', '杭州');
INSERT INTO `persona_2023_05` VALUES (43, '18768215221', '男', 22, '医生', 10000.00, '是', '是', '博士', '杭州');
INSERT INTO `persona_2023_05` VALUES (44, '18768215222', '男', 21, '医生', 20000.00, '未知', '是', '博士', '杭州');
INSERT INTO `persona_2023_05` VALUES (45, '18768215223', '女', 45, '护士', 10000.00, '是', '是', '本科', '杭州');
INSERT INTO `persona_2023_05` VALUES (46, '18768215215', '男', 21, '军人', 10000.00, '是', '是', '高中', '杭州');
INSERT INTO `persona_2023_05` VALUES (47, '18768215216', '男', 21, '医生', 10000.00, '是', '是', '博士', '嘉兴');
INSERT INTO `persona_2023_05` VALUES (48, '18768215217', '男', 24, '教师', 8000.00, '未知', '是', '硕士', '北京');
INSERT INTO `persona_2023_05` VALUES (49, '18768215218', '女', 21, '护士', 10000.00, '是', '是', '本科', '上海');
INSERT INTO `persona_2023_05` VALUES (50, '18768215219', '男', 23, '演员', 30000.00, '是', '是', '本科', '杭州');
INSERT INTO `persona_2023_05` VALUES (51, '18768215220', '男', 21, '工人', 5000.00, '否', '是', '专科', '杭州');
INSERT INTO `persona_2023_05` VALUES (52, '18768215221', '男', 22, '医生', 10000.00, '是', '是', '博士', '杭州');
INSERT INTO `persona_2023_05` VALUES (53, '18768215222', '男', 21, '医生', 20000.00, '未知', '是', '博士', '杭州');
INSERT INTO `persona_2023_05` VALUES (54, '18768215223', '女', 45, '护士', 10000.00, '是', '是', '本科', '杭州');
INSERT INTO `persona_2023_05` VALUES (55, '18768215215', '男', 21, '军人', 10000.00, '是', '是', '高中', '杭州');
INSERT INTO `persona_2023_05` VALUES (56, '18768215216', '男', 21, '医生', 10000.00, '是', '是', '博士', '嘉兴');
INSERT INTO `persona_2023_05` VALUES (57, '18768215217', '男', 24, '教师', 8000.00, '未知', '是', '硕士', '北京');
INSERT INTO `persona_2023_05` VALUES (58, '18768215218', '女', 21, '护士', 10000.00, '是', '是', '本科', '上海');
INSERT INTO `persona_2023_05` VALUES (59, '18768215219', '男', 23, '演员', 30000.00, '是', '是', '本科', '杭州');
INSERT INTO `persona_2023_05` VALUES (60, '18768215220', '男', 21, '工人', 5000.00, '否', '是', '专科', '杭州');
INSERT INTO `persona_2023_05` VALUES (61, '18768215221', '男', 22, '医生', 10000.00, '是', '是', '博士', '杭州');
INSERT INTO `persona_2023_05` VALUES (62, '18768215222', '男', 21, '医生', 20000.00, '未知', '是', '博士', '杭州');
INSERT INTO `persona_2023_05` VALUES (63, '18768215223', '女', 45, '护士', 10000.00, '是', '是', '本科', '杭州');
INSERT INTO `persona_2023_05` VALUES (64, '18768215215', '男', 21, '军人', 10000.00, '是', '是', '高中', '杭州');
INSERT INTO `persona_2023_05` VALUES (65, '18768215216', '男', 21, '医生', 10000.00, '是', '是', '博士', '嘉兴');
INSERT INTO `persona_2023_05` VALUES (66, '18768215217', '男', 24, '教师', 8000.00, '未知', '是', '硕士', '北京');
INSERT INTO `persona_2023_05` VALUES (67, '18768215218', '女', 21, '护士', 10000.00, '是', '是', '本科', '上海');
INSERT INTO `persona_2023_05` VALUES (68, '18768215219', '男', 23, '演员', 30000.00, '是', '是', '本科', '杭州');
INSERT INTO `persona_2023_05` VALUES (69, '18768215220', '男', 21, '工人', 5000.00, '否', '是', '专科', '杭州');
INSERT INTO `persona_2023_05` VALUES (70, '18768215221', '男', 22, '医生', 10000.00, '是', '是', '博士', '杭州');
INSERT INTO `persona_2023_05` VALUES (71, '18768215222', '男', 21, '医生', 20000.00, '未知', '是', '博士', '杭州');
INSERT INTO `persona_2023_05` VALUES (72, '18768215223', '女', 45, '护士', 10000.00, '是', '是', '本科', '杭州');
INSERT INTO `persona_2023_05` VALUES (73, '18768215224', '男', 21, '军人', 10000.00, '是', '是', '高中', '杭州');
INSERT INTO `persona_2023_05` VALUES (74, '18768215225', '男', 21, '医生', 10000.00, '是', '是', '博士', '嘉兴');
INSERT INTO `persona_2023_05` VALUES (75, '18768215226', '男', 24, '教师', 8000.00, '未知', '是', '硕士', '北京');
INSERT INTO `persona_2023_05` VALUES (76, '18768215227', '女', 21, '护士', 10000.00, '是', '是', '本科', '上海');
INSERT INTO `persona_2023_05` VALUES (77, '18768215228', '男', 23, '演员', 30000.00, '是', '是', '本科', '杭州');
INSERT INTO `persona_2023_05` VALUES (78, '18768215229', '男', 21, '工人', 5000.00, '否', '是', '专科', '杭州');
INSERT INTO `persona_2023_05` VALUES (79, '18768215230', '男', 22, '医生', 10000.00, '是', '是', '博士', '杭州');
INSERT INTO `persona_2023_05` VALUES (80, '18768215231', '男', 21, '医生', 20000.00, '未知', '是', '博士', '杭州');
INSERT INTO `persona_2023_05` VALUES (81, '18768215232', '女', 45, '护士', 10000.00, '是', '是', '本科', '杭州');
INSERT INTO `persona_2023_05` VALUES (82, '18768215232', '男', 21, '军人', 10000.00, '是', '是', '高中', '杭州');
INSERT INTO `persona_2023_05` VALUES (83, '18768215233', '男', 21, '医生', 10000.00, '是', '是', '博士', '嘉兴');
INSERT INTO `persona_2023_05` VALUES (84, '18768215234', '男', 24, '教师', 8000.00, '未知', '是', '硕士', '北京');
INSERT INTO `persona_2023_05` VALUES (85, '18768215235', '女', 21, '护士', 10000.00, '是', '是', '本科', '上海');
INSERT INTO `persona_2023_05` VALUES (86, '18768215236', '男', 23, '演员', 30000.00, '是', '是', '本科', '杭州');
INSERT INTO `persona_2023_05` VALUES (87, '18768215237', '男', 21, '工人', 5000.00, '否', '是', '专科', '杭州');
INSERT INTO `persona_2023_05` VALUES (88, '18768215238', '男', 22, '医生', 10000.00, '是', '是', '博士', '杭州');
INSERT INTO `persona_2023_05` VALUES (89, '18768215239', '男', 21, '医生', 20000.00, '未知', '是', '博士', '杭州');
INSERT INTO `persona_2023_05` VALUES (90, '18768215240', '女', 45, '护士', 10000.00, '是', '是', '本科', '杭州');

-- ----------------------------
-- Table structure for product
-- ----------------------------
DROP TABLE IF EXISTS `product`;
CREATE TABLE `product`  (
  `id` int(10) UNSIGNED NOT NULL AUTO_INCREMENT,
  `product_name` varchar(100) CHARACTER SET utf8mb4 COLLATE utf8mb4_0900_ai_ci NULL DEFAULT NULL,
  `price` decimal(10, 2) UNSIGNED NULL DEFAULT NULL,
  `product_cover` varchar(500) CHARACTER SET utf8mb4 COLLATE utf8mb4_0900_ai_ci NULL DEFAULT NULL COMMENT '封面图，最多5张 以逗号分割',
  `product_pics` varchar(500) CHARACTER SET utf8mb4 COLLATE utf8mb4_0900_ai_ci NULL DEFAULT NULL COMMENT '详情图，最多4张 以逗号分割',
  `category_id` int(11) UNSIGNED NULL DEFAULT NULL COMMENT '子分类编号',
  `category_id_parent` int(11) NULL DEFAULT NULL COMMENT '父分类编号',
  `stock` int(11) UNSIGNED NULL DEFAULT NULL COMMENT '库存',
  `subtitle` varchar(100) CHARACTER SET utf8mb4 COLLATE utf8mb4_0900_ai_ci NULL DEFAULT NULL COMMENT '副标题',
  `publish_status` tinyint(3) NULL DEFAULT NULL COMMENT '上架状态0上架1下架',
  `promotion_price` decimal(10, 2) UNSIGNED NULL DEFAULT NULL COMMENT '促销价格',
  `promotion_start_time` datetime(0) NULL DEFAULT NULL COMMENT '促销开始时间',
  `promotion_end_time` datetime(0) NULL DEFAULT NULL COMMENT '促销结束时间',
  `promotion_per_limit` int(11) NULL DEFAULT NULL COMMENT '活动限购数量',
  `description` varchar(255) CHARACTER SET utf8mb4 COLLATE utf8mb4_0900_ai_ci NULL DEFAULT NULL COMMENT '描述',
  `recommend_status` tinyint(3) NOT NULL COMMENT '推荐状态；0->不推荐；1->推荐',
  `new_status` tinyint(3) NULL DEFAULT NULL COMMENT '新品状态:0->不是新品；1->新品',
  `gift_point` int(11) UNSIGNED NULL DEFAULT NULL COMMENT '赠送的积分',
  PRIMARY KEY (`id`) USING BTREE
) ENGINE = InnoDB AUTO_INCREMENT = 38 CHARACTER SET = utf8mb4 COLLATE = utf8mb4_0900_ai_ci ROW_FORMAT = Dynamic;

-- ----------------------------
-- Records of product
-- ----------------------------
INSERT INTO `product` VALUES (2, '东书房纯酿酒53度酱香型白酒', 888.00, '20230312/1678624554528IMG_0574(20230306-214118).JPG,', '20230312/1678624573524IMG_0574(20230306-214118).JPG,20230312/1678624577865IMG_0575(20230306-214121).JPG,', 6, 1, 20, '浪费时间法律上方式的；是的发涩', 0, NULL, NULL, NULL, NULL, '发生口角合法上的覅瑟夫哦是的发涩飞蛾发上的覅u是是否闭塞', 1, 1, 60);
INSERT INTO `product` VALUES (3, '东书房2023新米10斤五十元', 119.00, '20230314/1678802021111IMG_0569.PNG,', '20230314/1678802033580IMG_0570(20230306-214100).JPG,20230314/1678802037677IMG_0571(20230306-214102).JPG,20230314/1678802042337IMG_0572(20230306-214105).JPG,20230314/1678802047989IMG_0573(20230306-214108).JPG,', 19, 18, 300, '东书房2023新米10斤五十元', 0, NULL, NULL, NULL, NULL, '东书房2023新米10斤五十元', 1, 1, 20);
INSERT INTO `product` VALUES (6, '艺术酒过雨荷53度酱香型白酒4*500ml', 980.00, '20230324/1679633182480IMG_0625(20230324-124226).JPG,20230324/1679633184875IMG_0626(20230324-124228).JPG,20230324/1679633187111IMG_0627(20230324-124231).JPG,20230324/1679633189039IMG_0628(20230324-124235).JPG,', '20230324/1679633192439IMG_0629(20230324-124248).JPG,20230324/1679633195108IMG_0630(20230324-124252).JPG,20230324/1679633197424IMG_0631(20230324-124255).JPG,20230324/1679633200503IMG_0632(20230324-124303).JPG,', 6, 1, 100, '发士大夫大师傅撒大苏打', 0, NULL, NULL, NULL, NULL, '倒萨犯得上发射点发士大夫士大夫大夫士大夫地方大师傅发射点犯得上发生的发生的范文芳是第三方士大夫', 1, 1, 20);
INSERT INTO `product` VALUES (7, '四年纯坤沙53度酱香型白酒500ML 纯粮酿造', 128.00, '20230324/1679633480401IMG_0633(20230324-124902).JPG,20230324/1679633482470IMG_0634(20230324-124905).JPG,20230324/1679633487749IMG_0635(20230324-124908).JPG,', '20230324/1679633490601IMG_0636(20230324-124915).JPG,20230324/1679633493041IMG_0637(20230324-124918).JPG,', 6, 1, 100, '第三方是覅瑟夫范德萨发给 地方官梵蒂冈范德萨发生的放无色商场市佛色', 0, NULL, NULL, NULL, NULL, '范德萨发的束缚松大发的束缚松大发的束缚松大第三方撒大大十分松大松大佛色佛色范德萨打', 1, 1, 5);
INSERT INTO `product` VALUES (8, '西班牙爱语莫斯卡托起泡酒750ml/瓶', 89.00, '20230324/1679633677281IMG_0638(20230324-125207).JPG,', '20230324/1679633679156IMG_0639(20230324-125213).JPG,', 7, 1, 100, '大达娃大士大夫大师傅但是梵蒂冈地方官', 0, NULL, NULL, NULL, NULL, '粉色粉色粉色发的束缚都是士大夫为是否士大夫瑟夫额外收费士大夫士大夫为', 1, 1, 10);
INSERT INTO `product` VALUES (9, '法国15度诺伯特酒窖干红单只礼盒装750ml/瓶', 128.00, '20230324/1679633814132IMG_0640(20230324-125452).JPG,20230324/1679633817286IMG_0641(20230324-125458).JPG,', '20230324/1679633820704IMG_0642(20230324-125503).JPG,20230324/1679633823900IMG_0643(20230324-125505).JPG,20230324/1679633827168IMG_0644(20230324-125508).JPG,20230324/1679633830584IMG_0645(20230324-125510).JPG,', 7, 1, 10, '是的分色法违法而无法', 0, NULL, NULL, NULL, NULL, '反对大师傅撒第三方sa', 1, 1, 10);
INSERT INTO `product` VALUES (10, '意大利普雷吉奥限量版', 99.00, '20230324/1679634036009IMG_0646(20230324-125900).JPG,20230324/1679634039187IMG_0647(20230324-125905).JPG,20230324/1679634042257IMG_0648(20230324-125908).JPG,20230324/1679634045985IMG_0649(20230324-125910).JPG,', '20230324/1679634050717IMG_0650(20230324-125917).JPG,20230324/1679634054569IMG_0651(20230324-125919).JPG,20230324/1679634057715IMG_0652(20230324-125922).JPG,20230324/1679634062917IMG_0653(20230324-125924).JPG,20230324/1679634066085IMG_0654(20230324-125928).JPG,', 7, 1, 100, '手动阀手动阀色粉色大', 0, NULL, NULL, NULL, NULL, '士大夫撒旦飞洒地方地方都是发的束缚算法撒旦对事故发生的鬼地方', 1, 1, 10);
INSERT INTO `product` VALUES (11, '浅尝-金螺滇红', 5.80, '20230324/16796343322680166716_0.jpg,20230324/16796343350230166717_0.png,20230324/16796343368510154259_0.jpg,', '20230324/16796343406136378797062701794331312011.jpg,20230324/16796343439356378797062621343415629402.jpg,20230324/16796343457236378797062642420453128109.jpg,', 16, 2, 100, '来自彩云之南的甜蜜问候', 0, NULL, NULL, NULL, NULL, '发射点发射点犯得上大师傅但是第三方第三方第三方地方都是', 1, 1, 5);
INSERT INTO `product` VALUES (12, '浅尝-蜜香小种（正山小种）', 4.80, '20230324/16796344303170166719_0.jpg,20230324/16796344329230154240_0.jpg,20230324/16796344345760154241_0.jpg,', '20230324/16796344375756378797066055823314054488.jpg,20230324/16796344400696378797066073720657244533.jpg,20230324/16796344428506378797066115904392415876.jpg,', 16, 2, 100, '还原传统烟熏小种的桂圆香', 0, NULL, NULL, NULL, NULL, '大师傅大师傅但是发地方松大发 ', 1, 1, 4);
INSERT INTO `product` VALUES (13, '云南凤庆经典蜜香滇红', 88.00, '20230324/16796345173500015671_0.jpg,20230324/16796345199200015670_0.jpg,20230324/16796345217430015672_0.jpg,20230324/16796345235720130744_0.png,', '20230324/16796345282526364452683802315335900875.jpg,20230324/16796345308246364452683830441504114495.jpg,20230324/16796345325286364452683857003528098869.jpg,20230324/16796345345696364452683907006741012783.jpg,', 16, 2, 200, '一股新鲜、清爽的蜜香', 0, NULL, NULL, NULL, NULL, '大电风扇犯得上房贷首付地方豆腐干多个复度g', 1, 1, 80);
INSERT INTO `product` VALUES (14, '凝露蜜芽云南滇红', 89.00, '20230324/16796346123570015676_0.jpg,20230324/16796346139830015677_0.jpg,20230324/16796346156180015679_0.jpg,', '20230324/16796346176646364452725212044512891532.jpg,20230324/16796346201076364452725321421717691175.jpg,20230324/16796346223436364452725366732374619181.jpg,', 16, 2, 500, '鲜香醇和 甜甜的味道真好喝', 0, NULL, NULL, NULL, NULL, '菲大使馆犯得上广泛的广泛的否打个否打个的风格梵蒂冈反对Greg我国', 1, 1, 80);
INSERT INTO `product` VALUES (15, '浅尝-灰芽金骏眉', 7.90, '20230324/16796346982840166724_0.jpg,20230324/16796347007000166725_0.png,20230324/16796347024540154252_0.jpg,', '20230324/16796347064006378797073070113224850653.jpg,20230324/16796347086186378797073081619242935043.jpg,20230324/16796347107366378797073119119982120478.jpg,', 16, 2, 500, '风味升级的金骏眉新贵品种', 0, NULL, NULL, NULL, NULL, '给的风格的撒古典风格热热身高浮雕高浮雕', 1, 1, 7);
INSERT INTO `product` VALUES (16, '无烟工艺正山小种2号', 89.00, '20230324/16796347818190032467_0.jpg,20230324/16796347840510032468_0.jpg,20230324/16796347857890032470_0.jpg,20230324/16796347892920032494_0.jpg,', '20230324/16796347922286364832881276362108633644.jpg,20230324/16796347949526364832881326362451547558.jpg,20230324/16796347974336364832881373238201704809.jpg,', 16, 2, 100, '由传统工艺制成，入口顺滑，耐泡度高达10泡', 0, NULL, NULL, NULL, NULL, '发射点发生分色法', 1, 1, 80);
INSERT INTO `product` VALUES (17, '全芽黄芽金骏眉2号', 99.00, '20230324/16796348658670012960_0.jpg,20230324/16796348677930012964_0.jpg,20230324/16796348694150161010_0.png,', '20230324/16796348721796363745919258392124344397.jpg,20230324/16796348748496363745919395897951331134.jpg,20230324/16796348771536363745919445894258417220.jpg,', 16, 2, 500, '纯正金骏眉标准，采用全芽焙制，薯蜜香自然，醇浓而不腻味', 0, NULL, NULL, NULL, NULL, '是否输入粉色粉色色色二梵蒂冈地方官', 0, 1, 10);
INSERT INTO `product` VALUES (18, '云南凤庆高海拔古树滇红', 99.00, '20230324/16796349480120010596_0.jpg,20230324/16796349501380014005_0.jpg,', '20230324/16796349528996362467976247047188214183.jpg,20230324/16796349549666362467976284547539028748.jpg,20230324/16796349570336362467976393921884229104.jpg,', 16, 2, 500, '采用80年以上的古树原料制作，手工工艺细制而成', 0, NULL, NULL, NULL, NULL, '夫人的个人的风格的如果', 0, 0, 90);
INSERT INTO `product` VALUES (19, '浅尝-金丝滇红', 5.80, '20230324/16796350336140166715_0.jpg,20230324/16796350356440166714_0.png,20230324/16796350374250154266_0.jpg,', '20230324/16796350408176378797059303316089395114.jpg,20230324/16796350426636378797059288428559147244.jpg,20230324/16796350445916378797059321235345947716.jpg,', 16, 2, 474, '纯净无杂味的蜜香沁人心脾', 0, NULL, NULL, NULL, NULL, '纯净无杂味的蜜香沁人心脾', 0, 0, 5);
INSERT INTO `product` VALUES (20, '新工艺正山小种3号', 99.00, '20230324/16796351110960032475_0.jpeg,20230324/16796351132200032476_0.jpeg,20230324/16796351152460032495_0.jpg,', '20230324/16796351178736364832985567920544086121.jpg,20230324/16796351201016364832985597607525528986.jpg,20230324/16796351222036364832985935109547197905.jpg,20230324/16796351241406364832986219486145196247.jpg,', 16, 2, 100, '等级高，选取一芽一两叶，耐泡度可达8泡以上', 0, NULL, NULL, NULL, NULL, '等级高，选取一芽一两叶，耐泡度可达8泡以上', 0, 0, 90);
INSERT INTO `product` VALUES (21, '武夷山灰芽花香金骏眉3号', 128.00, '20230324/16796351965440012966_0.jpeg,20230324/16796351984740012967_0.jpeg,20230324/16796352003050012996_0.jpeg,20230324/16796352023060012965_0.jpeg,', '20230324/16796352054696363745933794516846651362.jpg,20230324/16796352078306363745933821078512666988.jpg,20230324/16796352096496363745933857016592008970.jpg,20230324/16796352114366363745933908585561567638.jpg,20230324/16796352131996363745933966395191911154.jpg,', 16, 2, 700, '全芽采摘，特色是香气浓，口感偏向清甜类型，适合简单泡饮', 0, NULL, NULL, NULL, NULL, '全芽采摘，特色是香气浓，口感偏向清甜类型，适合简单泡饮', 0, 0, 100);
INSERT INTO `product` VALUES (22, '云南凤庆高海拔古树滇红', 99.00, '20230324/16796349480120010596_0.jpg,20230324/16796349501380014005_0.jpg,', '20230324/16796349528996362467976247047188214183.jpg,20230324/16796349549666362467976284547539028748.jpg,20230324/16796349570336362467976393921884229104.jpg,', 16, 2, 499, '采用80年以上的古树原料制作，手工工艺细制而成', 0, NULL, NULL, NULL, NULL, '夫人的个人的风格的如果', 0, 0, 90);
INSERT INTO `product` VALUES (23, '云南凤庆高海拔古树滇红', 99.00, '20230324/16796349480120010596_0.jpg,20230324/16796349501380014005_0.jpg,', '20230324/16796349528996362467976247047188214183.jpg,20230324/16796349549666362467976284547539028748.jpg,20230324/16796349570336362467976393921884229104.jpg,', 16, 2, 499, '采用80年以上的古树原料制作，手工工艺细制而成', 0, NULL, NULL, NULL, NULL, '夫人的个人的风格的如果', 0, 0, 90);
INSERT INTO `product` VALUES (24, '云南凤庆高海拔古树滇红', 99.00, '20230324/16796349480120010596_0.jpg,20230324/16796349501380014005_0.jpg,', '20230324/16796349528996362467976247047188214183.jpg,20230324/16796349549666362467976284547539028748.jpg,20230324/16796349570336362467976393921884229104.jpg,', 16, 2, 499, '采用80年以上的古树原料制作，手工工艺细制而成', 0, NULL, NULL, NULL, NULL, '夫人的个人的风格的如果', 0, 0, 90);
INSERT INTO `product` VALUES (25, '云南凤庆高海拔古树滇红', 99.00, '20230324/16796349480120010596_0.jpg,20230324/16796349501380014005_0.jpg,', '20230324/16796349528996362467976247047188214183.jpg,20230324/16796349549666362467976284547539028748.jpg,20230324/16796349570336362467976393921884229104.jpg,', 16, 2, 499, '采用80年以上的古树原料制作，手工工艺细制而成', 0, NULL, NULL, NULL, NULL, '夫人的个人的风格的如果', 0, 0, 90);
INSERT INTO `product` VALUES (26, '云南凤庆高海拔古树滇红', 99.00, '20230324/16796349480120010596_0.jpg,20230324/16796349501380014005_0.jpg,', '20230324/16796349528996362467976247047188214183.jpg,20230324/16796349549666362467976284547539028748.jpg,20230324/16796349570336362467976393921884229104.jpg,', 16, 2, 491, '采用80年以上的古树原料制作，手工工艺细制而成', 0, NULL, NULL, NULL, NULL, '夫人的个人的风格的如果', 0, 0, 90);
INSERT INTO `product` VALUES (27, '西班牙爱语莫斯卡托起泡酒750ml/瓶', 89.00, '20230324/1679633677281IMG_0638(20230324-125207).JPG,', '20230324/1679633679156IMG_0639(20230324-125213).JPG,', 7, 1, 98, '大达娃大士大夫大师傅但是梵蒂冈地方官', 0, NULL, NULL, NULL, NULL, '粉色粉色粉色发的束缚都是士大夫为是否士大夫瑟夫额外收费士大夫士大夫为', 1, 1, 10);
INSERT INTO `product` VALUES (28, '法国15度诺伯特酒窖干红单只礼盒装750ml/瓶', 128.00, '20230324/1679633814132IMG_0640(20230324-125452).JPG,20230324/1679633817286IMG_0641(20230324-125458).JPG,', '20230324/1679633820704IMG_0642(20230324-125503).JPG,20230324/1679633823900IMG_0643(20230324-125505).JPG,20230324/1679633827168IMG_0644(20230324-125508).JPG,20230324/1679633830584IMG_0645(20230324-125510).JPG,', 7, 1, 8, '是的分色法违法而无法', 0, NULL, NULL, NULL, NULL, '反对大师傅撒第三方sa', 1, 1, 10);
INSERT INTO `product` VALUES (29, '测试商品', 20.00, '20230505/1683251725554茶具套装.png,', '20230505/1683251731787办公杯.png,20230505/1683251737238茶叶罐.png,', 20, 18, 99, '测试商品', 0, NULL, NULL, NULL, NULL, '测试商品', 1, 1, 10);
INSERT INTO `product` VALUES (30, '东书房纯酿酒53度酱香型白酒', 888.00, '20230312/1678624554528IMG_0574(20230306-214118).JPG,', '20230312/1678624573524IMG_0574(20230306-214118).JPG,20230312/1678624577865IMG_0575(20230306-214121).JPG,', 6, 1, 19, '浪费时间法律上方式的；是的发涩', 0, NULL, NULL, NULL, NULL, '发生口角合法上的覅瑟夫哦是的发涩飞蛾发上的覅u是是否闭塞', 1, 1, 60);
INSERT INTO `product` VALUES (31, '凝露蜜芽云南滇红', 89.00, '20230324/16796346123570015676_0.jpg,20230324/16796346139830015677_0.jpg,20230324/16796346156180015679_0.jpg,', '20230324/16796346176646364452725212044512891532.jpg,20230324/16796346201076364452725321421717691175.jpg,20230324/16796346223436364452725366732374619181.jpg,', 16, 2, 499, '鲜香醇和 甜甜的味道真好喝', 0, NULL, NULL, NULL, NULL, '菲大使馆犯得上广泛的广泛的否打个否打个的风格梵蒂冈反对Greg我国', 1, 1, 80);
INSERT INTO `product` VALUES (32, '云南凤庆高海拔古树滇红', 99.00, '20230324/16796349480120010596_0.jpg,20230324/16796349501380014005_0.jpg,', '20230324/16796349528996362467976247047188214183.jpg,20230324/16796349549666362467976284547539028748.jpg,20230324/16796349570336362467976393921884229104.jpg,', 16, 2, 495, '采用80年以上的古树原料制作，手工工艺细制而成', 0, NULL, NULL, NULL, NULL, '夫人的个人的风格的如果', 0, 0, 90);
INSERT INTO `product` VALUES (33, '云南凤庆高海拔古树滇红', 99.00, '20230324/16796349480120010596_0.jpg,20230324/16796349501380014005_0.jpg,', '20230324/16796349528996362467976247047188214183.jpg,20230324/16796349549666362467976284547539028748.jpg,20230324/16796349570336362467976393921884229104.jpg,', 16, 2, 495, '采用80年以上的古树原料制作，手工工艺细制而成', 0, NULL, NULL, NULL, NULL, '夫人的个人的风格的如果', 0, 0, 90);
INSERT INTO `product` VALUES (34, '艺术酒过雨荷53度酱香型白酒4*500ml', 980.00, '20230324/1679633182480IMG_0625(20230324-124226).JPG,20230324/1679633184875IMG_0626(20230324-124228).JPG,20230324/1679633187111IMG_0627(20230324-124231).JPG,20230324/1679633189039IMG_0628(20230324-124235).JPG,', '20230324/1679633192439IMG_0629(20230324-124248).JPG,20230324/1679633195108IMG_0630(20230324-124252).JPG,20230324/1679633197424IMG_0631(20230324-124255).JPG,20230324/1679633200503IMG_0632(20230324-124303).JPG,', 6, 1, 97, '发士大夫大师傅撒大苏打', 0, NULL, NULL, NULL, NULL, '倒萨犯得上发射点发士大夫士大夫大夫士大夫地方大师傅发射点犯得上发生的发生的范文芳是第三方士大夫', 1, 1, 20);
INSERT INTO `product` VALUES (35, '云南凤庆高海拔古树滇红', 99.00, '20230324/16796349480120010596_0.jpg,20230324/16796349501380014005_0.jpg,', '20230324/16796349528996362467976247047188214183.jpg,20230324/16796349549666362467976284547539028748.jpg,20230324/16796349570336362467976393921884229104.jpg,', 16, 2, 497, '采用80年以上的古树原料制作，手工工艺细制而成', 0, NULL, NULL, NULL, NULL, '夫人的个人的风格的如果', 0, 0, 90);
INSERT INTO `product` VALUES (36, '东书房纯酿酒53度酱香型白酒', 888.00, '20230312/1678624554528IMG_0574(20230306-214118).JPG,', '20230312/1678624573524IMG_0574(20230306-214118).JPG,20230312/1678624577865IMG_0575(20230306-214121).JPG,', 6, 1, 16, '浪费时间法律上方式的；是的发涩', 0, NULL, NULL, NULL, NULL, '发生口角合法上的覅瑟夫哦是的发涩飞蛾发上的覅u是是否闭塞', 1, 1, 60);
INSERT INTO `product` VALUES (37, '浅尝-金丝滇红', 5.80, '20230324/16796350336140166715_0.jpg,20230324/16796350356440166714_0.png,20230324/16796350374250154266_0.jpg,', '20230324/16796350408176378797059303316089395114.jpg,20230324/16796350426636378797059288428559147244.jpg,20230324/16796350445916378797059321235345947716.jpg,', 16, 2, 471, '纯净无杂味的蜜香沁人心脾', 0, NULL, NULL, NULL, NULL, '纯净无杂味的蜜香沁人心脾', 0, 0, 5);
INSERT INTO `product` VALUES (38, '云南凤庆高海拔古树滇红', 99.00, '20230324/16796349480120010596_0.jpg,20230324/16796349501380014005_0.jpg,', '20230324/16796349528996362467976247047188214183.jpg,20230324/16796349549666362467976284547539028748.jpg,20230324/16796349570336362467976393921884229104.jpg,', 16, 2, 495, '采用80年以上的古树原料制作，手工工艺细制而成', 0, NULL, NULL, NULL, NULL, '夫人的个人的风格的如果', 0, 0, 90);

-- ----------------------------
-- Table structure for product_category
-- ----------------------------
DROP TABLE IF EXISTS `product_category`;
CREATE TABLE `product_category`  (
  `id` int(11) UNSIGNED NOT NULL AUTO_INCREMENT,
  `parent_id` int(11) UNSIGNED NULL DEFAULT 0 COMMENT '上级分类编号0表示一级',
  `name` varchar(60) CHARACTER SET utf8mb4 COLLATE utf8mb4_0900_ai_ci NULL DEFAULT NULL,
  `level` tinyint(3) NULL DEFAULT 0 COMMENT '0=1级 1=2级',
  `nav_status` tinyint(3) NULL DEFAULT 0 COMMENT '是否显示在导航栏 0不显示 1显示',
  `show_status` tinyint(3) NULL DEFAULT NULL COMMENT '显示状态 0不显示 1显示',
  `sort` int(11) NULL DEFAULT NULL COMMENT '排序',
  `icon` varchar(255) CHARACTER SET utf8mb4 COLLATE utf8mb4_0900_ai_ci NULL DEFAULT NULL COMMENT '图标',
  `description` varchar(255) CHARACTER SET utf8mb4 COLLATE utf8mb4_0900_ai_ci NULL DEFAULT NULL COMMENT '描述',
  PRIMARY KEY (`id`) USING BTREE
) ENGINE = InnoDB AUTO_INCREMENT = 49 CHARACTER SET = utf8mb4 COLLATE = utf8mb4_0900_ai_ci ROW_FORMAT = Dynamic;

-- ----------------------------
-- Records of product_category
-- ----------------------------
INSERT INTO `product_category` VALUES (1, 0, '酒', 0, 1, 1, 1, 'http://fclmall-oss.oss-cn-hangzhou.aliyuncs.com/ccmall/image/20230504/1683207875108酒馆.png', '酒水大分类');
INSERT INTO `product_category` VALUES (2, 0, '茶', 0, 1, 1, 1, 'http://fclmall-oss.oss-cn-hangzhou.aliyuncs.com/ccmall/image/20230318/1679124590033茶道.png', '茶分类ZXZX');
INSERT INTO `product_category` VALUES (6, 1, '白酒', 1, 0, 1, 2, 'http://fclmall-oss.oss-cn-hangzhou.aliyuncs.com/ccmall/image/20230504/1683207886056白酒.png', '白酒');
INSERT INTO `product_category` VALUES (7, 1, '葡萄酒', 1, 0, 1, 2, 'http://fclmall-oss.oss-cn-hangzhou.aliyuncs.com/ccmall/image/20230314/1678799757674葡萄酒.png', '葡萄酒');
INSERT INTO `product_category` VALUES (8, 1, '啤酒', 1, 0, 1, 2, 'http://fclmall-oss.oss-cn-hangzhou.aliyuncs.com/ccmall/image/20230314/1678799860518啤酒.png', '啤酒');
INSERT INTO `product_category` VALUES (9, 1, '洋酒', 1, 0, 1, 2, 'http://fclmall-oss.oss-cn-hangzhou.aliyuncs.com/ccmall/image/20230314/1678800156964洋酒.png', '洋酒');
INSERT INTO `product_category` VALUES (10, 1, '黄酒', 1, 0, 1, 2, 'http://fclmall-oss.oss-cn-hangzhou.aliyuncs.com/ccmall/image/20230314/1678800189070黄酒.png', '黄酒');
INSERT INTO `product_category` VALUES (11, 2, '普洱', 1, 0, 1, 2, 'http://fclmall-oss.oss-cn-hangzhou.aliyuncs.com/ccmall/image/20230314/1678800231378普洱.png', '普洱');
INSERT INTO `product_category` VALUES (12, 2, '绿茶', 1, 0, 1, 2, 'http://fclmall-oss.oss-cn-hangzhou.aliyuncs.com/ccmall/image/20230314/1678800259927绿茶.png', '绿茶');
INSERT INTO `product_category` VALUES (13, 2, '白茶', 1, 0, 1, 2, 'http://fclmall-oss.oss-cn-hangzhou.aliyuncs.com/ccmall/image/20230314/1678800287627白茶.png', '白茶');
INSERT INTO `product_category` VALUES (14, 2, '青茶', 1, 0, 1, 2, 'http://fclmall-oss.oss-cn-hangzhou.aliyuncs.com/ccmall/image/20230314/1678800320992清茶.png', '青茶');
INSERT INTO `product_category` VALUES (15, 2, '花茶', 1, 0, 1, 2, 'http://fclmall-oss.oss-cn-hangzhou.aliyuncs.com/ccmall/image/20230314/1678800366162花茶.png', '花茶');
INSERT INTO `product_category` VALUES (16, 2, '红茶', 1, 0, 1, 2, 'http://fclmall-oss.oss-cn-hangzhou.aliyuncs.com/ccmall/image/20230314/1678800390207红茶.png', '红茶');
INSERT INTO `product_category` VALUES (17, 2, '袋泡', 1, 0, 1, 2, 'http://fclmall-oss.oss-cn-hangzhou.aliyuncs.com/ccmall/image/20230314/1678800423428袋泡.png', '袋泡');
INSERT INTO `product_category` VALUES (18, 0, '粮油调味', 0, 1, 1, 1, 'http://fclmall-oss.oss-cn-hangzhou.aliyuncs.com/ccmall/image/20230318/1679124641327油粮.png', '粮油调味大分类');
INSERT INTO `product_category` VALUES (19, 18, '米面', 1, 0, 1, 3, 'http://fclmall-oss.oss-cn-hangzhou.aliyuncs.com/ccmall/image/20230314/1678800621880米面.png', '米面');
INSERT INTO `product_category` VALUES (20, 18, '食用油', 1, 0, 1, 3, 'http://fclmall-oss.oss-cn-hangzhou.aliyuncs.com/ccmall/image/20230314/1678800656828食用油.png', '食用油');
INSERT INTO `product_category` VALUES (21, 18, '杂粮', 1, 0, 1, 3, 'http://fclmall-oss.oss-cn-hangzhou.aliyuncs.com/ccmall/image/20230314/1678800699938杂粮.png', '杂粮');
INSERT INTO `product_category` VALUES (22, 18, '厨房调味', 1, 0, 1, 3, 'http://fclmall-oss.oss-cn-hangzhou.aliyuncs.com/ccmall/image/20230314/1678800722877厨房调味.png', '厨房调味');
INSERT INTO `product_category` VALUES (23, 18, '南北干货', 1, 0, 1, 3, 'http://fclmall-oss.oss-cn-hangzhou.aliyuncs.com/ccmall/image/20230314/1678800874443南北干货.png', '南北干货');
INSERT INTO `product_category` VALUES (24, 18, '挂面/粉丝/速食', 1, 0, 1, 3, 'http://fclmall-oss.oss-cn-hangzhou.aliyuncs.com/ccmall/image/20230314/1678800945423挂面粉丝速食.png', '挂面/粉丝/速食');
INSERT INTO `product_category` VALUES (25, 0, '生鲜肉蛋', 0, 1, 1, 1, 'http://fclmall-oss.oss-cn-hangzhou.aliyuncs.com/ccmall/image/20230318/1679124677035生鲜.png', '生鲜肉蛋');
INSERT INTO `product_category` VALUES (26, 25, '水果', 1, 0, 1, 5, 'http://fclmall-oss.oss-cn-hangzhou.aliyuncs.com/ccmall/image/20230314/1678801003667水果.png', '水果');
INSERT INTO `product_category` VALUES (27, 25, '海鲜水产', 1, 0, 1, 4, 'http://fclmall-oss.oss-cn-hangzhou.aliyuncs.com/ccmall/image/20230314/1678801029546海鲜水产.png', '海鲜水产');
INSERT INTO `product_category` VALUES (28, 25, '肉蛋', 1, 0, 1, 2, 'http://fclmall-oss.oss-cn-hangzhou.aliyuncs.com/ccmall/image/20230314/1678801057180肉蛋.png', '肉蛋');
INSERT INTO `product_category` VALUES (29, 25, '蔬菜', 1, 0, 1, 2, 'http://fclmall-oss.oss-cn-hangzhou.aliyuncs.com/ccmall/image/20230314/1678801081428蔬菜.png', '蔬菜');
INSERT INTO `product_category` VALUES (30, 0, '咖啡', 0, 1, 1, 1, 'http://fclmall-oss.oss-cn-hangzhou.aliyuncs.com/ccmall/image/20230318/1679124699081咖啡.png', '咖啡');
INSERT INTO `product_category` VALUES (31, 30, '咖啡豆', 1, 0, 1, 3, 'http://fclmall-oss.oss-cn-hangzhou.aliyuncs.com/ccmall/image/20230314/1678801130340咖啡豆.png', '咖啡豆');
INSERT INTO `product_category` VALUES (32, 30, '三合一速溶', 1, 0, 1, 2, 'http://fclmall-oss.oss-cn-hangzhou.aliyuncs.com/ccmall/image/20230314/1678801160476三合一速溶.png', '三合一速溶');
INSERT INTO `product_category` VALUES (33, 0, '休闲零食', 0, 1, 1, 1, 'http://fclmall-oss.oss-cn-hangzhou.aliyuncs.com/ccmall/image/20230318/1679124713241零食.png', '休闲零食');
INSERT INTO `product_category` VALUES (34, 33, '休闲食品', 1, 0, 1, 2, 'http://fclmall-oss.oss-cn-hangzhou.aliyuncs.com/ccmall/image/20230314/1678801219127休闲食品.png', '休闲食品');
INSERT INTO `product_category` VALUES (35, 33, '饮品果汁', 1, 0, 1, 2, 'http://fclmall-oss.oss-cn-hangzhou.aliyuncs.com/ccmall/image/20230314/1678801249273饮品果汁.png', '饮品果汁');
INSERT INTO `product_category` VALUES (36, 33, '坚果炒货', 1, 0, 1, 2, 'http://fclmall-oss.oss-cn-hangzhou.aliyuncs.com/ccmall/image/20230314/1678801276112坚果炒货.png', '坚果炒货');
INSERT INTO `product_category` VALUES (37, 33, '饼干蛋糕', 1, 0, 1, 2, 'http://fclmall-oss.oss-cn-hangzhou.aliyuncs.com/ccmall/image/20230314/1678801302550饼干蛋糕.png', '饼干蛋糕');
INSERT INTO `product_category` VALUES (38, 0, '家具日用', 0, 1, 1, 1, 'http://fclmall-oss.oss-cn-hangzhou.aliyuncs.com/ccmall/image/20230318/1679124736084日用.png', '家居日用');
INSERT INTO `product_category` VALUES (39, 38, '医疗防疫', 1, 0, 1, 4, 'http://fclmall-oss.oss-cn-hangzhou.aliyuncs.com/ccmall/image/20230314/1678801366344医疗防疫.png', '医疗防疫');
INSERT INTO `product_category` VALUES (40, 38, '美妆个护', 1, 0, 0, 3, 'http://fclmall-oss.oss-cn-hangzhou.aliyuncs.com/ccmall/image/20230314/1678801391736美妆个护.png', '美妆个护');
INSERT INTO `product_category` VALUES (41, 38, '鞋袜', 1, 0, 0, 6, 'http://fclmall-oss.oss-cn-hangzhou.aliyuncs.com/ccmall/image/20230314/1678801421402鞋袜.png', '鞋袜');
INSERT INTO `product_category` VALUES (42, 0, '家电', 0, 1, 1, 1, 'http://fclmall-oss.oss-cn-hangzhou.aliyuncs.com/ccmall/image/20230318/1679124766549地方特色.png', '家电');
INSERT INTO `product_category` VALUES (43, 42, '手机配件', 1, 0, 1, 3, 'http://fclmall-oss.oss-cn-hangzhou.aliyuncs.com/ccmall/image/20230314/1678801465518手机配件.png', '手机配件');
INSERT INTO `product_category` VALUES (44, 42, '移动电源', 1, 0, 1, 2, 'http://fclmall-oss.oss-cn-hangzhou.aliyuncs.com/ccmall/image/20230314/1678801504176移动电源.png', '移动电源');
INSERT INTO `product_category` VALUES (45, 0, '汽车用品', 0, 1, 1, 1, '', '汽车用品');
INSERT INTO `product_category` VALUES (46, 45, '车载支架', 1, 0, 1, 2, 'http://fclmall-oss.oss-cn-hangzhou.aliyuncs.com/ccmall/image/20230314/1678801555408车载支架.png', '车载支架');
INSERT INTO `product_category` VALUES (47, 0, '陶瓷', 0, 1, 1, 1, 'http://fclmall-oss.oss-cn-hangzhou.aliyuncs.com/ccmall/image/20230318/1679124814346陶瓷.png', '陶瓷');
INSERT INTO `product_category` VALUES (48, 47, '办公杯', 1, 0, 1, 2, 'http://fclmall-oss.oss-cn-hangzhou.aliyuncs.com/ccmall/image/20230314/1678801593169办公杯.png', '办公杯');
INSERT INTO `product_category` VALUES (49, 47, '壶', 1, 0, 1, 6, 'http://fclmall-oss.oss-cn-hangzhou.aliyuncs.com/ccmall/image/20230314/1678801614615壶.png', '壶');

-- ----------------------------
-- Table structure for product_comment
-- ----------------------------
DROP TABLE IF EXISTS `product_comment`;
CREATE TABLE `product_comment`  (
  `id` int(11) UNSIGNED NOT NULL AUTO_INCREMENT,
  `product_id` int(11) UNSIGNED NULL DEFAULT NULL COMMENT '商品编号',
  `order_id` int(11) UNSIGNED NULL DEFAULT NULL COMMENT '订单编号',
  `customer_id` int(11) UNSIGNED NULL DEFAULT NULL COMMENT '用户编号',
  `content` varchar(300) CHARACTER SET utf8mb4 COLLATE utf8mb4_0900_ai_ci NULL DEFAULT NULL COMMENT '评论内容',
  `comment_pic` varchar(300) CHARACTER SET utf8mb4 COLLATE utf8mb4_0900_ai_ci NULL DEFAULT NULL COMMENT '评论带的图片逗号分割最多3张',
  `create_time` timestamp(0) NULL DEFAULT CURRENT_TIMESTAMP(0) COMMENT '评论时间',
  `score` tinyint(3) UNSIGNED NULL DEFAULT NULL COMMENT '评分',
  `username` varchar(255) CHARACTER SET utf8mb4 COLLATE utf8mb4_0900_ai_ci NULL DEFAULT NULL,
  `avatar` varchar(255) CHARACTER SET utf8mb4 COLLATE utf8mb4_0900_ai_ci NULL DEFAULT NULL,
  PRIMARY KEY (`id`) USING BTREE
) ENGINE = InnoDB AUTO_INCREMENT = 16 CHARACTER SET = utf8mb4 COLLATE = utf8mb4_0900_ai_ci ROW_FORMAT = Dynamic;

-- ----------------------------
-- Records of product_comment
-- ----------------------------
INSERT INTO `product_comment` VALUES (1, 10, 1, 9, '好', NULL, '2023-04-01 16:56:51', 5, 'cc9', 'https://fclmall-oss.oss-cn-hangzhou.aliyuncs.com/ccmall/image/20230326/1679845816465sh.gif');
INSERT INTO `product_comment` VALUES (2, 10, 1, 9, '好', NULL, '2023-04-01 16:56:51', 5, 'cc9', 'https://fclmall-oss.oss-cn-hangzhou.aliyuncs.com/ccmall/image/20230326/1679845816465sh.gif');
INSERT INTO `product_comment` VALUES (3, 10, 1, 9, '好', NULL, '2023-04-01 16:56:51', 5, 'cc9', 'https://fclmall-oss.oss-cn-hangzhou.aliyuncs.com/ccmall/image/20230326/1679845816465sh.gif');
INSERT INTO `product_comment` VALUES (4, 10, 1, 9, '好', NULL, '2023-04-01 16:56:51', 5, 'cc9', 'https://fclmall-oss.oss-cn-hangzhou.aliyuncs.com/ccmall/image/20230326/1679845816465sh.gif');
INSERT INTO `product_comment` VALUES (5, 10, 1, 9, '好', NULL, '2023-04-01 16:56:51', 5, 'cc9', 'https://fclmall-oss.oss-cn-hangzhou.aliyuncs.com/ccmall/image/20230326/1679845816465sh.gif');
INSERT INTO `product_comment` VALUES (6, 10, 1, 9, '好', NULL, '2023-04-01 16:56:51', 5, 'cc9', 'https://fclmall-oss.oss-cn-hangzhou.aliyuncs.com/ccmall/image/20230326/1679845816465sh.gif');
INSERT INTO `product_comment` VALUES (7, 10, 1, 9, '好', NULL, '2023-04-01 16:56:51', 5, 'cc9', 'https://fclmall-oss.oss-cn-hangzhou.aliyuncs.com/ccmall/image/20230326/1679845816465sh.gif');
INSERT INTO `product_comment` VALUES (8, 10, 1, 9, '好', NULL, '2023-04-01 16:56:51', 5, 'cc9', 'https://fclmall-oss.oss-cn-hangzhou.aliyuncs.com/ccmall/image/20230326/1679845816465sh.gif');
INSERT INTO `product_comment` VALUES (9, 10, 1, 9, '好', NULL, '2023-04-01 16:56:51', 5, 'cc9', 'https://fclmall-oss.oss-cn-hangzhou.aliyuncs.com/ccmall/image/20230326/1679845816465sh.gif');
INSERT INTO `product_comment` VALUES (10, 10, 1, 9, '好', NULL, '2023-04-01 16:56:51', 5, 'cc9', 'https://fclmall-oss.oss-cn-hangzhou.aliyuncs.com/ccmall/image/20230326/1679845816465sh.gif');
INSERT INTO `product_comment` VALUES (11, 14, 10, 8, '好', NULL, '2023-05-11 15:05:54', 4, 'fcl123', 'https://fclmall-oss.oss-cn-hangzhou.aliyuncs.com/salt_fish.gif');
INSERT INTO `product_comment` VALUES (12, 2, 10, 8, '不好', NULL, '2023-05-11 15:06:00', 1, 'fcl123', 'https://fclmall-oss.oss-cn-hangzhou.aliyuncs.com/salt_fish.gif');
INSERT INTO `product_comment` VALUES (13, 29, 11, 8, '非常好', NULL, '2023-05-11 15:06:07', 5, 'fcl123', 'https://fclmall-oss.oss-cn-hangzhou.aliyuncs.com/salt_fish.gif');
INSERT INTO `product_comment` VALUES (14, 19, 13, 8, '好喝', NULL, '2023-05-11 16:40:12', 5, 'fcl123', 'https://fclmall-oss.oss-cn-hangzhou.aliyuncs.com/salt_fish.gif');
INSERT INTO `product_comment` VALUES (15, 23, 14, 8, '不好', NULL, '2023-05-13 22:18:07', 1, 'fcl123', 'https://fclmall-oss.oss-cn-hangzhou.aliyuncs.com/salt_fish.gif');
INSERT INTO `product_comment` VALUES (16, 6, 14, 8, '好', NULL, '2023-05-13 22:18:14', 5, 'fcl123', 'https://fclmall-oss.oss-cn-hangzhou.aliyuncs.com/salt_fish.gif');

-- ----------------------------
-- Table structure for product_to_be_comment
-- ----------------------------
DROP TABLE IF EXISTS `product_to_be_comment`;
CREATE TABLE `product_to_be_comment`  (
  `id` int(11) UNSIGNED NOT NULL AUTO_INCREMENT,
  `customer_id` int(11) UNSIGNED NULL DEFAULT NULL COMMENT '用户编号',
  `product_id` int(11) UNSIGNED NULL DEFAULT NULL COMMENT '商品编号',
  `product_name` varchar(255) CHARACTER SET utf8mb4 COLLATE utf8mb4_0900_ai_ci NULL DEFAULT NULL,
  `product_cover` varchar(255) CHARACTER SET utf8mb4 COLLATE utf8mb4_0900_ai_ci NULL DEFAULT NULL,
  `product_count` int(11) NULL DEFAULT NULL,
  `product_price` decimal(10, 2) UNSIGNED NULL DEFAULT NULL,
  `create_time` timestamp(0) NULL DEFAULT NULL,
  `order_id` int(10) UNSIGNED NULL DEFAULT NULL,
  PRIMARY KEY (`id`) USING BTREE
) ENGINE = InnoDB AUTO_INCREMENT = 9 CHARACTER SET = utf8mb4 COLLATE = utf8mb4_0900_ai_ci ROW_FORMAT = Dynamic;

-- ----------------------------
-- Records of product_to_be_comment
-- ----------------------------
INSERT INTO `product_to_be_comment` VALUES (1, 9, 20, '新工艺正山小种3号', '20230324/16796351110960032475_0.jpeg', 1, 99.00, '2023-04-01 13:30:09', 1);
INSERT INTO `product_to_be_comment` VALUES (8, 8, 30, '东书房纯酿酒53度酱香型白酒', '20230312/1678624554528IMG_0574(20230306-214118).JPG', 3, 888.00, '2023-05-13 22:17:59', 14);

-- ----------------------------
-- Table structure for sys_login_log
-- ----------------------------
DROP TABLE IF EXISTS `sys_login_log`;
CREATE TABLE `sys_login_log`  (
  `id` int(10) UNSIGNED NOT NULL AUTO_INCREMENT,
  `username` varchar(40) CHARACTER SET utf8mb4 COLLATE utf8mb4_0900_ai_ci NULL DEFAULT NULL,
  `ip_addr` varchar(128) CHARACTER SET utf8mb4 COLLATE utf8mb4_0900_ai_ci NULL DEFAULT NULL,
  `user_agent` varchar(255) CHARACTER SET utf8mb4 COLLATE utf8mb4_0900_ai_ci NOT NULL COMMENT '浏览器登录类型',
  `create_time` timestamp(0) NULL DEFAULT CURRENT_TIMESTAMP(0) ON UPDATE CURRENT_TIMESTAMP(0) COMMENT '登录时间',
  PRIMARY KEY (`id`) USING BTREE
) ENGINE = InnoDB AUTO_INCREMENT = 137 CHARACTER SET = utf8mb4 COLLATE = utf8mb4_0900_ai_ci ROW_FORMAT = Dynamic;

-- ----------------------------
-- Records of sys_login_log
-- ----------------------------
INSERT INTO `sys_login_log` VALUES (1, 'admin', '127.0.0.1', 'Chrome', '2023-02-06 21:41:33');
INSERT INTO `sys_login_log` VALUES (2, 'admin', '127.0.0.1', 'Chrome', '2023-02-07 21:16:43');
INSERT INTO `sys_login_log` VALUES (3, 'admin', '127.0.0.1', 'Chrome', '2023-02-07 21:29:14');
INSERT INTO `sys_login_log` VALUES (4, 'admin', '127.0.0.1', 'Chrome', '2023-02-07 22:25:00');
INSERT INTO `sys_login_log` VALUES (5, 'admin', '127.0.0.1', 'Chrome', '2023-02-08 21:41:30');
INSERT INTO `sys_login_log` VALUES (6, 'admin', '127.0.0.1', 'Chrome', '2023-02-08 21:52:36');
INSERT INTO `sys_login_log` VALUES (7, 'admin', '169.254.18.2', 'Unknown', '2023-02-12 15:29:41');
INSERT INTO `sys_login_log` VALUES (8, 'admin', '127.0.0.1', 'Chrome', '2023-02-15 21:23:12');
INSERT INTO `sys_login_log` VALUES (9, 'admin', '127.0.0.1', 'Chrome', '2023-02-15 21:37:38');
INSERT INTO `sys_login_log` VALUES (10, 'admin', '127.0.0.1', 'Chrome', '2023-02-15 21:37:42');
INSERT INTO `sys_login_log` VALUES (11, 'admin', '127.0.0.1', 'Chrome', '2023-02-15 21:49:01');
INSERT INTO `sys_login_log` VALUES (12, 'admin', '127.0.0.1', 'Chrome', '2023-02-15 21:54:50');
INSERT INTO `sys_login_log` VALUES (13, 'admin', '127.0.0.1', 'Chrome', '2023-02-15 22:11:53');
INSERT INTO `sys_login_log` VALUES (14, 'admin', '127.0.0.1', 'Chrome', '2023-02-15 22:29:59');
INSERT INTO `sys_login_log` VALUES (15, 'admin', '127.0.0.1', 'Chrome', '2023-02-15 22:29:59');
INSERT INTO `sys_login_log` VALUES (16, 'admin', '127.0.0.1', 'Chrome', '2023-02-15 22:42:10');
INSERT INTO `sys_login_log` VALUES (17, 'admin', '127.0.0.1', 'Chrome', '2023-02-15 22:42:11');
INSERT INTO `sys_login_log` VALUES (18, 'admin', '127.0.0.1', 'Chrome', '2023-02-15 23:04:11');
INSERT INTO `sys_login_log` VALUES (19, 'admin', '127.0.0.1', 'Chrome', '2023-02-15 23:04:25');
INSERT INTO `sys_login_log` VALUES (20, 'admin', '127.0.0.1', 'Chrome', '2023-02-15 23:04:51');
INSERT INTO `sys_login_log` VALUES (21, 'admin', '127.0.0.1', 'Chrome', '2023-02-17 16:48:09');
INSERT INTO `sys_login_log` VALUES (22, 'admin', '127.0.0.1', 'Chrome', '2023-02-17 16:57:02');
INSERT INTO `sys_login_log` VALUES (23, 'admin', '127.0.0.1', 'Chrome', '2023-02-17 17:47:16');
INSERT INTO `sys_login_log` VALUES (24, 'admin', '127.0.0.1', 'Chrome', '2023-02-17 17:56:39');
INSERT INTO `sys_login_log` VALUES (25, 'admin', '127.0.0.1', 'Chrome', '2023-02-17 18:02:29');
INSERT INTO `sys_login_log` VALUES (26, 'admin', '127.0.0.1', 'Chrome', '2023-02-17 18:21:18');
INSERT INTO `sys_login_log` VALUES (27, 'admin', '127.0.0.1', 'Chrome', '2023-02-17 18:27:34');
INSERT INTO `sys_login_log` VALUES (28, 'admin', '127.0.0.1', 'Chrome', '2023-02-17 18:36:46');
INSERT INTO `sys_login_log` VALUES (29, 'admin', '169.254.18.2', 'Unknown', '2023-02-17 18:50:44');
INSERT INTO `sys_login_log` VALUES (30, 'admin', '127.0.0.1', 'Chrome', '2023-02-17 19:03:06');
INSERT INTO `sys_login_log` VALUES (31, 'admin', '127.0.0.1', 'Chrome', '2023-02-17 19:43:14');
INSERT INTO `sys_login_log` VALUES (32, 'admin', '127.0.0.1', 'Chrome', '2023-02-17 19:48:28');
INSERT INTO `sys_login_log` VALUES (33, 'admin', '127.0.0.1', 'Chrome', '2023-02-17 22:15:23');
INSERT INTO `sys_login_log` VALUES (34, 'admin', '127.0.0.1', 'Chrome', '2023-02-17 22:26:04');
INSERT INTO `sys_login_log` VALUES (35, 'admin', '127.0.0.1', 'Chrome', '2023-02-17 22:52:14');
INSERT INTO `sys_login_log` VALUES (36, 'admin', '127.0.0.1', 'Chrome', '2023-02-18 15:49:03');
INSERT INTO `sys_login_log` VALUES (37, 'admin', '127.0.0.1', 'Chrome', '2023-02-18 16:40:06');
INSERT INTO `sys_login_log` VALUES (38, 'admin', '127.0.0.1', 'Chrome', '2023-02-18 17:11:50');
INSERT INTO `sys_login_log` VALUES (39, 'admin', '127.0.0.1', 'Chrome', '2023-02-18 17:16:42');
INSERT INTO `sys_login_log` VALUES (40, 'admin', '127.0.0.1', 'Chrome', '2023-02-18 20:26:04');
INSERT INTO `sys_login_log` VALUES (41, 'admin', '169.254.18.2', 'Unknown', '2023-02-18 20:32:39');
INSERT INTO `sys_login_log` VALUES (42, 'admin', '169.254.18.2', 'Unknown', '2023-02-18 20:34:15');
INSERT INTO `sys_login_log` VALUES (43, 'admin', '169.254.18.2', 'Unknown', '2023-02-18 20:38:27');
INSERT INTO `sys_login_log` VALUES (44, 'admin', '127.0.0.1', 'Chrome', '2023-02-27 20:56:55');
INSERT INTO `sys_login_log` VALUES (45, 'admin', '169.254.18.2', 'Unknown', '2023-02-27 21:06:05');
INSERT INTO `sys_login_log` VALUES (46, 'admin', '127.0.0.1', 'Chrome', '2023-02-27 21:40:39');
INSERT INTO `sys_login_log` VALUES (47, 'admin', '127.0.0.1', 'Chrome', '2023-02-28 10:12:59');
INSERT INTO `sys_login_log` VALUES (48, 'admin', '127.0.0.1', 'Chrome', '2023-02-28 11:04:32');
INSERT INTO `sys_login_log` VALUES (49, 'admin', '169.254.18.2', 'Unknown', '2023-03-04 16:14:05');
INSERT INTO `sys_login_log` VALUES (50, 'admin', '127.0.0.1', 'Chrome', '2023-03-04 16:50:39');
INSERT INTO `sys_login_log` VALUES (51, 'admin', '169.254.18.2', 'Unknown', '2023-03-10 08:50:11');
INSERT INTO `sys_login_log` VALUES (52, 'admin', '127.0.0.1', 'Chrome', '2023-03-12 13:42:48');
INSERT INTO `sys_login_log` VALUES (53, 'admin', '127.0.0.1', 'Chrome', '2023-03-12 13:58:35');
INSERT INTO `sys_login_log` VALUES (54, 'admin', '127.0.0.1', 'Chrome', '2023-03-12 14:05:23');
INSERT INTO `sys_login_log` VALUES (55, 'admin', '127.0.0.1', 'Chrome', '2023-03-12 14:13:45');
INSERT INTO `sys_login_log` VALUES (56, 'admin', '127.0.0.1', 'Chrome', '2023-03-12 14:25:17');
INSERT INTO `sys_login_log` VALUES (57, 'admin', '127.0.0.1', 'Chrome', '2023-03-12 14:34:46');
INSERT INTO `sys_login_log` VALUES (58, 'admin', '127.0.0.1', 'Chrome', '2023-03-12 16:10:50');
INSERT INTO `sys_login_log` VALUES (59, 'admin', '127.0.0.1', 'Chrome', '2023-03-12 16:24:57');
INSERT INTO `sys_login_log` VALUES (60, 'admin', '127.0.0.1', 'Chrome', '2023-03-12 16:31:08');
INSERT INTO `sys_login_log` VALUES (61, 'admin', '127.0.0.1', 'Chrome', '2023-03-12 16:46:51');
INSERT INTO `sys_login_log` VALUES (62, 'admin', '127.0.0.1', 'Chrome', '2023-03-12 17:09:06');
INSERT INTO `sys_login_log` VALUES (63, 'admin', '127.0.0.1', 'Chrome', '2023-03-12 20:22:43');
INSERT INTO `sys_login_log` VALUES (64, 'admin', '169.254.18.2', 'Unknown', '2023-03-13 17:24:01');
INSERT INTO `sys_login_log` VALUES (65, 'admin', '127.0.0.1', 'Chrome', '2023-03-13 17:36:16');
INSERT INTO `sys_login_log` VALUES (66, 'admin', '127.0.0.1', 'Chrome', '2023-03-14 21:12:49');
INSERT INTO `sys_login_log` VALUES (67, 'admin', '169.254.18.2', 'Unknown', '2023-03-16 17:22:40');
INSERT INTO `sys_login_log` VALUES (68, 'admin', '127.0.0.1', 'Chrome', '2023-03-16 17:41:43');
INSERT INTO `sys_login_log` VALUES (69, 'admin', '127.0.0.1', 'Chrome', '2023-03-16 17:54:09');
INSERT INTO `sys_login_log` VALUES (70, 'admin', '127.0.0.1', 'Chrome', '2023-03-16 20:33:19');
INSERT INTO `sys_login_log` VALUES (71, 'admin', '127.0.0.1', 'Chrome', '2023-03-16 21:08:00');
INSERT INTO `sys_login_log` VALUES (72, 'admin', '169.254.18.2', 'Unknown', '2023-03-17 21:38:51');
INSERT INTO `sys_login_log` VALUES (73, 'admin', '169.254.18.2', 'Unknown', '2023-03-17 21:38:59');
INSERT INTO `sys_login_log` VALUES (74, 'admin', '127.0.0.1', 'Chrome', '2023-03-17 21:49:19');
INSERT INTO `sys_login_log` VALUES (75, 'admin', '169.254.18.2', 'Unknown', '2023-03-17 23:19:42');
INSERT INTO `sys_login_log` VALUES (76, 'admin', '169.254.18.2', 'Unknown', '2023-03-17 23:22:25');
INSERT INTO `sys_login_log` VALUES (77, 'admin', '127.0.0.1', 'Chrome', '2023-03-18 15:29:19');
INSERT INTO `sys_login_log` VALUES (78, 'admin', '127.0.0.1', 'Chrome', '2023-03-24 11:06:54');
INSERT INTO `sys_login_log` VALUES (79, 'admin', '127.0.0.1', 'Chrome', '2023-03-24 11:14:08');
INSERT INTO `sys_login_log` VALUES (80, 'admin', '169.254.18.2', 'Unknown', '2023-03-24 12:35:10');
INSERT INTO `sys_login_log` VALUES (81, 'admin', '169.254.18.2', 'Unknown', '2023-03-28 18:09:35');
INSERT INTO `sys_login_log` VALUES (82, 'admin', '127.0.0.1', 'Chrome', '2023-03-28 19:57:12');
INSERT INTO `sys_login_log` VALUES (83, 'admin', '127.0.0.1', 'Chrome', '2023-03-28 20:30:21');
INSERT INTO `sys_login_log` VALUES (84, 'admin', '127.0.0.1', 'Chrome', '2023-03-28 20:36:57');
INSERT INTO `sys_login_log` VALUES (85, 'admin', '127.0.0.1', 'Chrome', '2023-03-28 20:44:32');
INSERT INTO `sys_login_log` VALUES (86, 'admin', '127.0.0.1', 'Chrome', '2023-03-28 21:04:08');
INSERT INTO `sys_login_log` VALUES (87, 'admin', '127.0.0.1', 'Chrome', '2023-03-28 22:51:02');
INSERT INTO `sys_login_log` VALUES (88, 'admin', '127.0.0.1', 'Chrome', '2023-03-28 23:25:21');
INSERT INTO `sys_login_log` VALUES (89, 'admin', '127.0.0.1', 'Chrome', '2023-03-29 10:19:34');
INSERT INTO `sys_login_log` VALUES (90, 'admin', '127.0.0.1', 'Chrome', '2023-03-29 11:30:30');
INSERT INTO `sys_login_log` VALUES (91, 'admin', '127.0.0.1', 'Chrome', '2023-04-02 15:27:51');
INSERT INTO `sys_login_log` VALUES (92, 'admin', '169.254.18.2', 'Unknown', '2023-04-02 16:25:44');
INSERT INTO `sys_login_log` VALUES (93, 'admin', '169.254.18.2', 'Unknown', '2023-04-02 16:28:38');
INSERT INTO `sys_login_log` VALUES (94, 'admin', '127.0.0.1', 'Chrome', '2023-04-02 18:40:20');
INSERT INTO `sys_login_log` VALUES (95, 'admin', '127.0.0.1', 'Chrome', '2023-04-03 10:34:54');
INSERT INTO `sys_login_log` VALUES (96, 'admin', '127.0.0.1', 'MSEdge', '2023-04-03 10:38:44');
INSERT INTO `sys_login_log` VALUES (97, 'admin', '127.0.0.1', 'MSEdge', '2023-04-03 10:39:27');
INSERT INTO `sys_login_log` VALUES (98, 'admin', '127.0.0.1', 'Chrome', '2023-04-03 11:00:28');
INSERT INTO `sys_login_log` VALUES (99, 'admin', '127.0.0.1', 'Chrome', '2023-04-03 11:07:36');
INSERT INTO `sys_login_log` VALUES (100, 'admin', '127.0.0.1', 'Chrome', '2023-04-03 11:22:54');
INSERT INTO `sys_login_log` VALUES (101, 'admin', '169.254.18.2', 'Unknown', '2023-04-03 12:58:32');
INSERT INTO `sys_login_log` VALUES (102, 'admin', '127.0.0.1', 'Chrome', '2023-04-03 13:07:01');
INSERT INTO `sys_login_log` VALUES (103, 'admin', '169.254.18.2', 'Unknown', '2023-04-03 14:06:33');
INSERT INTO `sys_login_log` VALUES (104, 'admin', '169.254.18.2', 'Unknown', '2023-04-03 15:07:11');
INSERT INTO `sys_login_log` VALUES (105, 'admin', '127.0.0.1', 'Chrome', '2023-04-03 15:22:18');
INSERT INTO `sys_login_log` VALUES (106, 'admin', '127.0.0.1', 'Chrome', '2023-04-03 15:56:06');
INSERT INTO `sys_login_log` VALUES (107, 'admin', '127.0.0.1', 'Chrome', '2023-04-03 16:21:36');
INSERT INTO `sys_login_log` VALUES (108, 'admin', '127.0.0.1', 'Chrome', '2023-04-09 17:17:20');
INSERT INTO `sys_login_log` VALUES (109, 'admin', '127.0.0.1', 'Chrome', '2023-05-04 20:55:40');
INSERT INTO `sys_login_log` VALUES (110, 'admin', '127.0.0.1', 'MSEdge', '2023-05-04 21:17:52');
INSERT INTO `sys_login_log` VALUES (111, 'admin', '127.0.0.1', 'MSEdge', '2023-05-04 21:24:58');
INSERT INTO `sys_login_log` VALUES (112, 'admin', '127.0.0.1', 'Chrome', '2023-05-04 21:31:42');
INSERT INTO `sys_login_log` VALUES (113, 'admin', '127.0.0.1', 'Chrome', '2023-05-04 21:32:55');
INSERT INTO `sys_login_log` VALUES (114, 'admin', '127.0.0.1', 'Chrome', '2023-05-04 22:31:00');
INSERT INTO `sys_login_log` VALUES (115, 'admin', '127.0.0.1', 'Chrome', '2023-05-05 09:43:42');
INSERT INTO `sys_login_log` VALUES (116, 'fcltest', '127.0.0.1', 'Chrome', '2023-05-05 09:53:55');
INSERT INTO `sys_login_log` VALUES (117, 'admin', '127.0.0.1', 'Chrome', '2023-05-05 09:54:23');
INSERT INTO `sys_login_log` VALUES (118, 'admin', '127.0.0.1', 'Chrome', '2023-05-05 10:03:09');
INSERT INTO `sys_login_log` VALUES (119, 'admin', '169.254.18.2', 'Unknown', '2023-05-05 10:12:50');
INSERT INTO `sys_login_log` VALUES (120, 'admin', '127.0.0.1', 'Chrome', '2023-05-05 13:15:20');
INSERT INTO `sys_login_log` VALUES (121, 'admin', '127.0.0.1', 'Chrome', '2023-05-11 15:10:04');
INSERT INTO `sys_login_log` VALUES (122, 'admin', '10.13.65.196', 'Unknown', '2023-05-11 19:51:25');
INSERT INTO `sys_login_log` VALUES (123, 'admin', '10.13.65.196', 'Unknown', '2023-05-11 21:54:26');
INSERT INTO `sys_login_log` VALUES (124, 'admin', '127.0.0.1', 'Chrome', '2023-05-12 13:25:53');
INSERT INTO `sys_login_log` VALUES (125, 'admin', '127.0.0.1', 'Chrome', '2023-05-12 13:54:19');
INSERT INTO `sys_login_log` VALUES (126, 'admin', '127.0.0.1', 'Chrome', '2023-05-12 14:19:54');
INSERT INTO `sys_login_log` VALUES (127, 'admin', '127.0.0.1', 'Chrome', '2023-05-12 14:50:54');
INSERT INTO `sys_login_log` VALUES (128, 'admin', '127.0.0.1', 'Chrome', '2023-05-12 21:23:13');
INSERT INTO `sys_login_log` VALUES (129, 'admin', '127.0.0.1', 'Chrome', '2023-05-12 21:38:28');
INSERT INTO `sys_login_log` VALUES (130, 'admin', '127.0.0.1', 'Chrome', '2023-05-12 22:14:44');
INSERT INTO `sys_login_log` VALUES (131, 'admin', '127.0.0.1', 'Chrome', '2023-05-13 10:04:11');
INSERT INTO `sys_login_log` VALUES (132, 'fcltest', '127.0.0.1', 'Chrome', '2023-05-13 10:12:38');
INSERT INTO `sys_login_log` VALUES (133, 'tetsddd', '127.0.0.1', 'Chrome', '2023-05-13 10:13:03');
INSERT INTO `sys_login_log` VALUES (134, 'admin', '127.0.0.1', 'Chrome', '2023-05-13 10:13:33');
INSERT INTO `sys_login_log` VALUES (135, 'test3', '127.0.0.1', 'Chrome', '2023-05-13 10:14:31');
INSERT INTO `sys_login_log` VALUES (136, 'admin', '127.0.0.1', 'Chrome', '2023-05-13 10:14:51');
INSERT INTO `sys_login_log` VALUES (137, 'admin', '127.0.0.1', 'Chrome', '2023-05-13 22:16:57');

-- ----------------------------
-- Table structure for sys_menu
-- ----------------------------
DROP TABLE IF EXISTS `sys_menu`;
CREATE TABLE `sys_menu`  (
  `id` int(10) UNSIGNED NOT NULL AUTO_INCREMENT COMMENT '编号',
  `parent_id` int(10) UNSIGNED NOT NULL DEFAULT 0 COMMENT '所属上级',
  `name` varchar(20) CHARACTER SET utf8mb4 COLLATE utf8mb4_0900_ai_ci NOT NULL DEFAULT '' COMMENT '名称',
  `type` tinyint(3) UNSIGNED NOT NULL DEFAULT 0 COMMENT '类型(0:目录,1:菜单,2:按钮)',
  `path` varchar(100) CHARACTER SET utf8mb4 COLLATE utf8mb4_0900_ai_ci NULL DEFAULT NULL COMMENT '路由地址',
  `component` varchar(100) CHARACTER SET utf8mb4 COLLATE utf8mb4_0900_ai_ci NULL DEFAULT NULL COMMENT '组件路径',
  `perms` varchar(100) CHARACTER SET utf8mb4 COLLATE utf8mb4_0900_ai_ci NULL DEFAULT NULL COMMENT '权限标识',
  `icon` varchar(100) CHARACTER SET utf8mb4 COLLATE utf8mb4_0900_ai_ci NULL DEFAULT NULL COMMENT '图标',
  `sort_value` int(11) NULL DEFAULT NULL COMMENT '排序',
  `status` tinyint(4) NULL DEFAULT NULL COMMENT '状态(0:禁止,1:正常)',
  `create_time` timestamp(0) NOT NULL DEFAULT CURRENT_TIMESTAMP(0) COMMENT '创建时间',
  `update_time` timestamp(0) NOT NULL DEFAULT CURRENT_TIMESTAMP(0) ON UPDATE CURRENT_TIMESTAMP(0) COMMENT '更新时间',
  `is_deleted` tinyint(3) UNSIGNED NOT NULL DEFAULT 0 COMMENT '删除标记（0:可用 1:已删除）',
  PRIMARY KEY (`id`) USING BTREE,
  INDEX `idx_parent_id`(`parent_id`) USING BTREE
) ENGINE = InnoDB AUTO_INCREMENT = 65 CHARACTER SET = utf8mb4 COLLATE = utf8mb4_0900_ai_ci ROW_FORMAT = Dynamic;

-- ----------------------------
-- Records of sys_menu
-- ----------------------------
INSERT INTO `sys_menu` VALUES (2, 0, '系统管理', 0, 'system', 'Layout', NULL, 'el-icon-s-tools', 1, 1, '2021-05-31 18:05:37', '2023-02-15 22:57:28', 0);
INSERT INTO `sys_menu` VALUES (3, 2, '用户管理', 1, 'sysuser', 'sysuser/index', '', 'el-icon-s-custom', 1, 1, '2021-05-31 18:05:37', '2023-01-29 16:04:40', 0);
INSERT INTO `sys_menu` VALUES (4, 2, '角色管理', 1, 'sysrole', 'sysrole/index', '', 'el-icon-user-solid', 2, 1, '2021-05-31 18:05:37', '2023-01-29 16:04:42', 0);
INSERT INTO `sys_menu` VALUES (5, 2, '菜单管理', 1, 'sysmenu', 'sysmenu/index', '', 'el-icon-s-unfold', 3, 1, '2021-05-31 18:05:37', '2023-01-29 16:20:38', 0);
INSERT INTO `sys_menu` VALUES (6, 3, '查看', 2, NULL, '', 'bnt.sysUser.list', NULL, 1, 1, '2021-05-31 18:05:37', '2023-01-29 15:27:39', 0);
INSERT INTO `sys_menu` VALUES (7, 3, '添加', 2, NULL, NULL, 'bnt.sysUser.add', NULL, 1, 1, '2021-05-31 18:05:37', '2022-06-09 09:22:38', 0);
INSERT INTO `sys_menu` VALUES (8, 3, '修改', 2, NULL, NULL, 'bnt.sysUser.update', NULL, 1, 1, '2021-05-31 18:05:37', '2022-06-09 09:22:38', 0);
INSERT INTO `sys_menu` VALUES (9, 3, '删除', 2, NULL, NULL, 'bnt.sysUser.remove', NULL, 1, 1, '2021-05-31 18:05:37', '2022-06-09 09:22:38', 0);
INSERT INTO `sys_menu` VALUES (10, 4, '查看', 2, NULL, NULL, 'bnt.sysRole.list', NULL, 1, 1, '2021-05-31 18:05:37', '2022-06-09 09:22:38', 0);
INSERT INTO `sys_menu` VALUES (11, 4, '添加', 2, NULL, NULL, 'bnt.sysRole.add', NULL, 1, 1, '2021-05-31 18:05:37', '2022-06-09 09:22:38', 0);
INSERT INTO `sys_menu` VALUES (12, 4, '修改', 2, NULL, NULL, 'bnt.sysRole.update', NULL, 1, 1, '2021-05-31 18:05:37', '2022-06-09 09:22:38', 0);
INSERT INTO `sys_menu` VALUES (13, 4, '删除', 2, NULL, NULL, 'bnt.sysRole.remove', NULL, 1, 1, '2021-05-31 18:05:37', '2022-06-09 09:22:38', 0);
INSERT INTO `sys_menu` VALUES (14, 5, '查看', 2, NULL, NULL, 'bnt.sysMenu.list', NULL, 1, 1, '2021-05-31 18:05:37', '2022-06-09 09:22:38', 0);
INSERT INTO `sys_menu` VALUES (15, 5, '添加', 2, NULL, NULL, 'bnt.sysMenu.add', NULL, 1, 1, '2021-05-31 18:05:37', '2022-06-09 09:22:38', 0);
INSERT INTO `sys_menu` VALUES (16, 5, '修改', 2, NULL, NULL, 'bnt.sysMenu.update', NULL, 1, 1, '2021-05-31 18:05:37', '2022-06-09 09:22:38', 0);
INSERT INTO `sys_menu` VALUES (17, 5, '删除', 2, NULL, NULL, 'bnt.sysMenu.remove', NULL, 1, 1, '2021-05-31 18:05:37', '2022-06-09 09:22:38', 0);
INSERT INTO `sys_menu` VALUES (18, 3, '分配角色', 2, NULL, NULL, 'bnt.sysUser.assignRole', NULL, 1, 1, '2022-05-23 17:14:32', '2022-06-09 09:22:38', 0);
INSERT INTO `sys_menu` VALUES (19, 4, '分配权限', 2, 'conferredAuth', 'authtree/index', 'bnt.sysRole.assignAuth', NULL, 1, 1, '2022-05-23 17:18:14', '2023-01-29 16:05:43', 0);
INSERT INTO `sys_menu` VALUES (20, 2, '部门管理', 1, 'sysDept', 'system/sysDept/list', '', 'el-icon-s-operation', 4, 1, '2022-05-24 10:07:05', '2023-04-02 22:06:29', 1);
INSERT INTO `sys_menu` VALUES (21, 20, '查看', 2, NULL, NULL, 'bnt.sysDept.list', NULL, 1, 1, '2022-05-24 10:07:44', '2022-06-09 09:22:38', 0);
INSERT INTO `sys_menu` VALUES (22, 2, '岗位管理', 1, 'sysPost', 'system/sysPost/list', '', 'el-icon-more-outline', 5, 1, '2022-05-24 10:25:30', '2023-04-02 22:06:44', 1);
INSERT INTO `sys_menu` VALUES (23, 22, '查看', 2, NULL, NULL, 'bnt.sysPost.list', NULL, 1, 1, '2022-05-24 10:25:45', '2022-06-09 09:22:38', 0);
INSERT INTO `sys_menu` VALUES (24, 20, '添加', 2, NULL, NULL, 'bnt.sysDept.add', NULL, 1, 1, '2022-05-25 15:31:27', '2022-06-09 09:22:38', 0);
INSERT INTO `sys_menu` VALUES (25, 20, '修改', 2, NULL, NULL, 'bnt.sysDept.update', NULL, 1, 1, '2022-05-25 15:31:41', '2022-06-09 09:22:38', 0);
INSERT INTO `sys_menu` VALUES (26, 20, '删除', 2, NULL, NULL, 'bnt.sysDept.remove', NULL, 1, 1, '2022-05-25 15:31:59', '2022-06-09 09:22:38', 0);
INSERT INTO `sys_menu` VALUES (27, 22, '添加', 2, NULL, NULL, 'bnt.sysPost.add', NULL, 1, 1, '2022-05-25 15:32:44', '2022-06-09 09:22:38', 0);
INSERT INTO `sys_menu` VALUES (28, 22, '修改', 2, NULL, NULL, 'bnt.sysPost.update', NULL, 1, 1, '2022-05-25 15:32:58', '2022-06-09 09:22:38', 0);
INSERT INTO `sys_menu` VALUES (29, 22, '删除', 2, NULL, NULL, 'bnt.sysPost.remove', NULL, 1, 1, '2022-05-25 15:33:11', '2022-06-09 09:22:38', 0);
INSERT INTO `sys_menu` VALUES (30, 2, '操作日志', 1, 'sysweblog', 'sysweblog/index', '', 'el-icon-document-remove', 7, 1, '2022-05-26 16:09:59', '2023-05-04 21:35:31', 0);
INSERT INTO `sys_menu` VALUES (31, 30, '查看', 2, NULL, NULL, 'bnt.sysOperLog.list', NULL, 1, 1, '2022-05-26 16:10:17', '2022-06-09 09:22:38', 0);
INSERT INTO `sys_menu` VALUES (32, 2, '登录日志', 1, 'sysloginlog', 'sysloginlog/index', '', 'el-icon-s-goods', 8, 1, '2022-05-26 16:36:13', '2023-05-04 21:35:33', 0);
INSERT INTO `sys_menu` VALUES (33, 32, '查看', 2, NULL, NULL, 'bnt.sysLoginLog.list', NULL, 1, 1, '2022-05-26 16:36:31', '2022-06-09 09:36:36', 0);
INSERT INTO `sys_menu` VALUES (34, 2, '日志管理', 0, 'log', 'sysweblog/index', '', 'el-icon-tickets', 6, 1, '2022-05-31 13:23:07', '2023-05-04 21:35:09', 1);
INSERT INTO `sys_menu` VALUES (40, 0, '商品', 0, 'product', 'Layout', '', 'el-icon-s-goods', 1, 1, '2023-02-12 17:14:31', '2023-02-15 21:30:48', 0);
INSERT INTO `sys_menu` VALUES (41, 40, '商品分类', 1, 'category', 'product/category/index', '', 'el-icon-s-operation', 1, 1, '2023-02-12 17:16:57', '2023-02-15 21:39:58', 0);
INSERT INTO `sys_menu` VALUES (42, 41, '分类添加', 2, 'category/add', 'product/category/addOrEdit', '', '', 1, 1, '2023-02-17 17:03:11', '2023-02-17 17:45:06', 0);
INSERT INTO `sys_menu` VALUES (43, 41, '分类修改', 2, 'category/edit', 'product/category/addOrEdit', 'category.edit', '', 1, 1, '2023-02-17 17:49:14', '2023-02-17 17:49:14', 0);
INSERT INTO `sys_menu` VALUES (44, 0, '用户', 0, 'customer', 'Layout', '', 'el-icon-s-custom', 1, 1, '2023-02-27 21:20:36', '2023-02-27 21:20:51', 0);
INSERT INTO `sys_menu` VALUES (45, 44, '用户列表', 1, 'customer/list', 'customer/index', '', 'el-icon-s-unfold', 1, 1, '2023-02-27 21:24:09', '2023-02-27 21:24:09', 0);
INSERT INTO `sys_menu` VALUES (46, 40, '商品列表', 1, 'goods', 'product/goods/index', '', 'el-icon-s-goods', 1, 1, '2023-03-04 16:53:06', '2023-03-04 16:53:06', 0);
INSERT INTO `sys_menu` VALUES (47, 46, '商品添加', 2, 'goods/add', 'product/goods/add', 'goods.add', '', 1, 1, '2023-03-12 16:14:57', '2023-03-12 16:14:57', 0);
INSERT INTO `sys_menu` VALUES (48, 46, '商品更新', 2, 'goods/update', 'product/goods/update', 'goods.update', '', 1, 1, '2023-03-13 17:45:07', '2023-03-13 17:45:07', 0);
INSERT INTO `sys_menu` VALUES (49, 0, '营销', 0, 'marketing', 'Layout', '', 'el-icon-tickets', 1, 1, '2023-03-14 22:06:24', '2023-03-14 22:09:41', 0);
INSERT INTO `sys_menu` VALUES (50, 49, '广告列表', 1, 'advertise', 'marketing/advertisment/index', '', 'el-icon-document-remove', 1, 1, '2023-03-14 22:09:12', '2023-03-14 22:15:28', 0);
INSERT INTO `sys_menu` VALUES (51, 50, '广告添加', 2, 'advertise/add', 'marketing/advertisment/adAdd', 'advertisment.add', '', 4, 1, '2023-03-16 20:50:28', '2023-03-16 20:53:19', 0);
INSERT INTO `sys_menu` VALUES (52, 50, '广告更新', 2, 'advertise/update', 'marketing/advertisment/adUpdate', 'advertisment.update', '', 6, 1, '2023-03-16 21:20:47', '2023-03-16 21:20:47', 0);
INSERT INTO `sys_menu` VALUES (53, 49, '优惠券', 1, 'coupon', 'marketing/coupon/index', '', 'el-icon-tickets', 1, 1, '2023-03-28 19:58:51', '2023-03-28 19:58:51', 0);
INSERT INTO `sys_menu` VALUES (54, 53, '优惠券添加', 2, 'coupon/add', 'marketing/coupon/add', 'coupon.add', '', 3, 1, '2023-03-28 20:01:51', '2023-03-28 20:01:51', 0);
INSERT INTO `sys_menu` VALUES (55, 53, '优惠券编辑', 2, 'coupon/edit', 'marketing/coupon/edit', 'coupon.edit', '', 3, 1, '2023-03-28 20:02:27', '2023-03-28 20:02:27', 0);
INSERT INTO `sys_menu` VALUES (56, 53, '优惠券详情', 2, 'coupon/detail', 'marketing/coupon/detail', 'coupon.detail', '', 3, 1, '2023-03-28 20:04:00', '2023-03-28 20:04:00', 0);
INSERT INTO `sys_menu` VALUES (57, 0, '订单', 0, 'order', 'Layout', '', 'el-icon-tickets', 1, 1, '2023-04-02 15:29:12', '2023-04-03 11:23:48', 0);
INSERT INTO `sys_menu` VALUES (58, 57, '订单列表', 1, 'orderList', 'order/index', '', 'el-icon-more-outline', 1, 1, '2023-04-02 15:30:35', '2023-04-02 15:30:35', 0);
INSERT INTO `sys_menu` VALUES (60, 58, '订单详情', 2, 'orderDetail', 'order/detail', 'order.detail', '', 1, 1, '2023-04-03 10:51:22', '2023-04-03 10:51:22', 0);
INSERT INTO `sys_menu` VALUES (61, 57, '售后申请列表', 1, 'afterSalesList', 'order/afterSalesList', '', 'el-icon-tickets', 1, 1, '2023-04-03 11:39:03', '2023-04-03 11:39:50', 0);
INSERT INTO `sys_menu` VALUES (62, 40, '商品评论', 1, 'comment', 'product/comment/index', '', 'el-icon-tickets', 1, 1, '2023-04-03 13:57:08', '2023-04-03 13:57:08', 0);
INSERT INTO `sys_menu` VALUES (63, 0, '数据分析', 0, 'dataAnalysis', 'Layout', '', 'el-icon-s-help', 1, 1, '2023-05-12 13:26:37', '2023-05-12 13:31:40', 0);
INSERT INTO `sys_menu` VALUES (64, 63, '用户画像分析', 1, 'persona', 'dataanalysis/persona/index', '', 'el-icon-user-solid', 1, 1, '2023-05-12 13:29:52', '2023-05-12 13:29:52', 0);
INSERT INTO `sys_menu` VALUES (65, 63, '任务列表', 1, 'joblist', 'dataanalysis/exceljob/index', '', 'el-icon-s-unfold', 1, 1, '2023-05-12 13:31:01', '2023-05-12 13:32:04', 0);

-- ----------------------------
-- Table structure for sys_role
-- ----------------------------
DROP TABLE IF EXISTS `sys_role`;
CREATE TABLE `sys_role`  (
  `id` int(10) UNSIGNED NOT NULL AUTO_INCREMENT COMMENT '角色id',
  `role_name` varchar(20) CHARACTER SET utf8mb4 COLLATE utf8mb4_0900_ai_ci NULL DEFAULT NULL COMMENT '角色名称',
  `role_code` varchar(20) CHARACTER SET utf8mb4 COLLATE utf8mb4_0900_ai_ci NULL DEFAULT NULL COMMENT '角色编码',
  `description` varchar(255) CHARACTER SET utf8mb4 COLLATE utf8mb4_0900_ai_ci NULL DEFAULT NULL COMMENT '角色描述',
  `create_time` timestamp(0) NULL DEFAULT CURRENT_TIMESTAMP(0) COMMENT '创建时间',
  `update_time` timestamp(0) NULL DEFAULT CURRENT_TIMESTAMP(0) ON UPDATE CURRENT_TIMESTAMP(0) COMMENT '更新时间',
  `deleted` tinyint(3) UNSIGNED NULL DEFAULT 0 COMMENT '是否删除标记0可用1已删除',
  PRIMARY KEY (`id`) USING BTREE
) ENGINE = InnoDB AUTO_INCREMENT = 17 CHARACTER SET = utf8mb4 COLLATE = utf8mb4_0900_ai_ci ROW_FORMAT = Dynamic;

-- ----------------------------
-- Records of sys_role
-- ----------------------------
INSERT INTO `sys_role` VALUES (1, '系统管理员', 'SYSTEM', '系统管理员', '2021-05-31 18:09:18', '2023-01-10 21:57:22', 0);
INSERT INTO `sys_role` VALUES (2, '普通管理员', 'COMMON', '普通管理员', '2021-06-01 08:38:40', '2023-01-10 21:57:24', 0);
INSERT INTO `sys_role` VALUES (3, '测试1', 'ce1', '测试角色1', '2023-01-14 17:59:59', '2023-01-14 21:03:39', 1);
INSERT INTO `sys_role` VALUES (4, '测试4', 'ce4', '测试角色4', '2023-01-14 18:00:39', '2023-01-14 21:03:39', 1);
INSERT INTO `sys_role` VALUES (5, '测试5', 'ce5', '测试角色5', '2023-01-14 18:00:39', '2023-01-31 11:38:40', 1);
INSERT INTO `sys_role` VALUES (6, '测试6', 'ce6', '测试角色6', '2023-01-14 18:00:39', '2023-01-14 22:38:58', 1);
INSERT INTO `sys_role` VALUES (7, '测试角色7', 'csqi', '擦快点哈康', '2023-01-14 18:00:39', '2023-01-31 11:38:41', 1);
INSERT INTO `sys_role` VALUES (8, '用户管理员', 'yhgly', '用户管理员', '2022-06-08 17:39:04', '2023-01-10 21:57:25', 0);
INSERT INTO `sys_role` VALUES (9, '测试9', 'ce9', '测试角色9', '2023-01-14 18:01:26', '2023-01-31 11:38:46', 1);
INSERT INTO `sys_role` VALUES (10, '测试10前端', 'ce10', '测试角色10前端', '2023-01-14 18:01:26', '2023-01-31 11:38:48', 1);
INSERT INTO `sys_role` VALUES (11, '测试11', 'ce11', '测试角色11', '2023-01-14 18:01:27', '2023-01-14 21:03:56', 1);
INSERT INTO `sys_role` VALUES (12, '测试', 'cs', '测试描述', '2023-01-10 21:31:11', '2023-01-31 11:38:50', 1);
INSERT INTO `sys_role` VALUES (13, '测试角色', '测试角色编码', '描述', '2023-01-14 20:02:57', '2023-01-31 11:38:51', 1);
INSERT INTO `sys_role` VALUES (14, '测试角色前端', 'dafdha', '发货发开发啊', '2023-01-14 20:26:45', '2023-01-31 11:38:36', 1);
INSERT INTO `sys_role` VALUES (15, '测试6', 'ce6', '测试角色6', '2023-01-14 22:14:50', '2023-01-31 11:38:26', 1);
INSERT INTO `sys_role` VALUES (16, '测试角色222', 'csjsbm', '描述', '2023-01-15 16:31:02', '2023-01-31 11:38:24', 1);
INSERT INTO `sys_role` VALUES (17, '测试管理员', 'testadmin', '用户系统测试的角色', '2023-01-31 11:39:30', '2023-01-31 11:39:30', 0);

-- ----------------------------
-- Table structure for sys_role_menu
-- ----------------------------
DROP TABLE IF EXISTS `sys_role_menu`;
CREATE TABLE `sys_role_menu`  (
  `id` int(10) UNSIGNED NOT NULL AUTO_INCREMENT,
  `role_id` int(10) UNSIGNED NULL DEFAULT 0,
  `menu_id` int(10) UNSIGNED NULL DEFAULT 0,
  `create_time` timestamp(0) NULL DEFAULT CURRENT_TIMESTAMP(0),
  `update_time` timestamp(0) NULL DEFAULT CURRENT_TIMESTAMP(0) ON UPDATE CURRENT_TIMESTAMP(0),
  PRIMARY KEY (`id`) USING BTREE
) ENGINE = InnoDB AUTO_INCREMENT = 81 CHARACTER SET = utf8mb4 COLLATE = utf8mb4_0900_ai_ci ROW_FORMAT = Dynamic;

-- ----------------------------
-- Records of sys_role_menu
-- ----------------------------
INSERT INTO `sys_role_menu` VALUES (57, 2, 2, '2023-05-05 09:52:20', '2023-05-05 09:52:20');
INSERT INTO `sys_role_menu` VALUES (58, 2, 3, '2023-05-05 09:52:20', '2023-05-05 09:52:20');
INSERT INTO `sys_role_menu` VALUES (59, 2, 6, '2023-05-05 09:52:20', '2023-05-05 09:52:20');
INSERT INTO `sys_role_menu` VALUES (60, 2, 7, '2023-05-05 09:52:20', '2023-05-05 09:52:20');
INSERT INTO `sys_role_menu` VALUES (61, 2, 8, '2023-05-05 09:52:20', '2023-05-05 09:52:20');
INSERT INTO `sys_role_menu` VALUES (62, 2, 9, '2023-05-05 09:52:20', '2023-05-05 09:52:20');
INSERT INTO `sys_role_menu` VALUES (63, 2, 18, '2023-05-05 09:52:20', '2023-05-05 09:52:20');
INSERT INTO `sys_role_menu` VALUES (64, 2, 4, '2023-05-05 09:52:20', '2023-05-05 09:52:20');
INSERT INTO `sys_role_menu` VALUES (65, 2, 10, '2023-05-05 09:52:20', '2023-05-05 09:52:20');
INSERT INTO `sys_role_menu` VALUES (66, 2, 11, '2023-05-05 09:52:20', '2023-05-05 09:52:20');
INSERT INTO `sys_role_menu` VALUES (67, 2, 12, '2023-05-05 09:52:20', '2023-05-05 09:52:20');
INSERT INTO `sys_role_menu` VALUES (68, 2, 13, '2023-05-05 09:52:20', '2023-05-05 09:52:20');
INSERT INTO `sys_role_menu` VALUES (69, 2, 19, '2023-05-05 09:52:20', '2023-05-05 09:52:20');
INSERT INTO `sys_role_menu` VALUES (70, 2, 5, '2023-05-05 09:52:20', '2023-05-05 09:52:20');
INSERT INTO `sys_role_menu` VALUES (71, 2, 14, '2023-05-05 09:52:20', '2023-05-05 09:52:20');
INSERT INTO `sys_role_menu` VALUES (72, 2, 15, '2023-05-05 09:52:20', '2023-05-05 09:52:20');
INSERT INTO `sys_role_menu` VALUES (73, 2, 16, '2023-05-05 09:52:20', '2023-05-05 09:52:20');
INSERT INTO `sys_role_menu` VALUES (74, 2, 17, '2023-05-05 09:52:20', '2023-05-05 09:52:20');
INSERT INTO `sys_role_menu` VALUES (75, 17, 2, '2023-05-13 10:12:06', '2023-05-13 10:12:06');
INSERT INTO `sys_role_menu` VALUES (76, 17, 3, '2023-05-13 10:12:06', '2023-05-13 10:12:06');
INSERT INTO `sys_role_menu` VALUES (77, 17, 6, '2023-05-13 10:12:06', '2023-05-13 10:12:06');
INSERT INTO `sys_role_menu` VALUES (78, 17, 7, '2023-05-13 10:12:06', '2023-05-13 10:12:06');
INSERT INTO `sys_role_menu` VALUES (79, 17, 8, '2023-05-13 10:12:06', '2023-05-13 10:12:06');
INSERT INTO `sys_role_menu` VALUES (80, 17, 9, '2023-05-13 10:12:06', '2023-05-13 10:12:06');
INSERT INTO `sys_role_menu` VALUES (81, 17, 18, '2023-05-13 10:12:06', '2023-05-13 10:12:06');

-- ----------------------------
-- Table structure for sys_user
-- ----------------------------
DROP TABLE IF EXISTS `sys_user`;
CREATE TABLE `sys_user`  (
  `id` int(20) UNSIGNED NOT NULL AUTO_INCREMENT COMMENT '后台系统会员id',
  `user_name` varchar(20) CHARACTER SET utf8mb4 COLLATE utf8mb4_0900_ai_ci NOT NULL COMMENT '用户名',
  `password` char(32) CHARACTER SET utf8mb4 COLLATE utf8mb4_0900_ai_ci NOT NULL COMMENT '密码',
  `name` varchar(50) CHARACTER SET utf8mb4 COLLATE utf8mb4_0900_ai_ci NULL DEFAULT NULL COMMENT '姓名',
  `id_card` char(18) CHARACTER SET utf8mb4 COLLATE utf8mb4_0900_ai_ci NULL DEFAULT NULL COMMENT '身份证',
  `phone` char(11) CHARACTER SET utf8mb4 COLLATE utf8mb4_0900_ai_ci NULL DEFAULT NULL COMMENT '电话',
  `avatar` varchar(255) CHARACTER SET utf8mb4 COLLATE utf8mb4_0900_ai_ci NULL DEFAULT NULL COMMENT '头像地址',
  `dept_id` bigint(20) NULL DEFAULT NULL COMMENT '部门编号',
  `post_id` bigint(20) NULL DEFAULT NULL COMMENT '岗位编号',
  `description` varchar(255) CHARACTER SET utf8mb4 COLLATE utf8mb4_0900_ai_ci NULL DEFAULT NULL COMMENT '描述',
  `status` tinyint(3) UNSIGNED NULL DEFAULT 1 COMMENT '账号状态1：正常0停用',
  `creat_time` timestamp(0) NOT NULL DEFAULT CURRENT_TIMESTAMP(0) COMMENT '账号创建时间',
  `update_time` timestamp(0) NOT NULL DEFAULT CURRENT_TIMESTAMP(0) ON UPDATE CURRENT_TIMESTAMP(0) COMMENT '账号更新时间',
  `deleted` tinyint(3) UNSIGNED NULL DEFAULT 0 COMMENT '删除标记0 可用 1已删除',
  PRIMARY KEY (`id`) USING BTREE,
  UNIQUE INDEX `idx_username`(`user_name`) USING BTREE COMMENT '用户登录账号的唯一标识'
) ENGINE = InnoDB AUTO_INCREMENT = 19 CHARACTER SET = utf8mb4 COLLATE = utf8mb4_0900_ai_ci ROW_FORMAT = Dynamic;

-- ----------------------------
-- Records of sys_user
-- ----------------------------
INSERT INTO `sys_user` VALUES (1, 'admin', 'e10adc3949ba59abbe56e057f20f883e', '管理员', '330521200004033012', '18788555211', NULL, NULL, NULL, NULL, 1, '2023-01-08 22:18:52', '2023-01-14 23:28:07', 0);
INSERT INTO `sys_user` VALUES (2, 'test2', 'e10adc3949ba59abbe56e057f20f883e', '测试', NULL, '18755588554', NULL, NULL, NULL, NULL, 0, '2023-01-09 22:32:09', '2023-01-10 21:08:06', 0);
INSERT INTO `sys_user` VALUES (3, 'test3', 'e10adc3949ba59abbe56e057f20f883e', '测试', '330521200105033015', '18755588554', NULL, NULL, NULL, '测试', 1, '2023-01-09 22:32:09', '2023-01-10 21:08:08', 0);
INSERT INTO `sys_user` VALUES (4, 'cs4', 'e10adc3949ba59abbe56e057f20f883e', '测试4', '330521200107043012', '18768215189', NULL, NULL, NULL, NULL, 1, '2023-01-14 23:33:29', '2023-01-15 00:07:46', 1);
INSERT INTO `sys_user` VALUES (5, 'cs5', 'e10adc3949ba59abbe56e057f20f883e', '测试5', '330521200107043011', '18768215181', NULL, NULL, NULL, NULL, 1, '2023-01-14 23:33:29', '2023-01-15 00:07:46', 1);
INSERT INTO `sys_user` VALUES (6, 'cdawdawds6', 'e10adc3949ba59abbe56e057f20f883e', '测试', '330521200107043016', '18768215182', NULL, NULL, NULL, '前端测试用户信息修改', 1, '2023-01-14 23:33:29', '2023-01-31 11:36:35', 1);
INSERT INTO `sys_user` VALUES (7, 'cs7', 'e10adc3949ba59abbe56e057f20f883e', '测试7', '330521200107043017', '18768215183', NULL, NULL, NULL, NULL, 0, '2023-01-14 23:33:29', '2023-01-14 23:33:29', 0);
INSERT INTO `sys_user` VALUES (8, 'cs8', 'e10adc3949ba59abbe56e057f20f883e', '测试8', '330521200107043018', '18768215184', NULL, NULL, NULL, NULL, 1, '2023-01-14 23:33:29', '2023-01-15 00:11:01', 1);
INSERT INTO `sys_user` VALUES (9, 'dddcs9', 'e10adc3949ba59abbe56e057f20f883e', '测试', '330521200107043019', '18768215185', NULL, NULL, NULL, '测试前端用户信息修改', 1, '2023-01-14 23:33:29', '2023-01-31 11:36:42', 1);
INSERT INTO `sys_user` VALUES (10, 'cs10', 'e10adc3949ba59abbe56e057f20f883e', '测试10', '330521200107043010', '18768215186', NULL, NULL, NULL, NULL, 1, '2023-01-14 23:33:29', '2023-01-31 11:36:38', 1);
INSERT INTO `sys_user` VALUES (11, 'test', '123456', '测试', NULL, '18755588554', NULL, NULL, NULL, NULL, 1, '2023-01-08 23:16:33', '2023-01-31 11:36:40', 1);
INSERT INTO `sys_user` VALUES (12, 'test1', 'e10adc3949ba59abbe56e057f20f883e', '测试', NULL, '18755588554', NULL, NULL, NULL, NULL, 1, '2023-01-09 22:32:09', '2023-01-31 11:36:32', 1);
INSERT INTO `sys_user` VALUES (13, 'adadwd', 'e10adc3949ba59abbe56e057f20f883e', '士大夫萨芬', '330521200104013012', '18484221542', NULL, NULL, NULL, '测试前端用户信息修改', 1, '2023-01-15 00:42:43', '2023-01-31 11:36:30', 1);
INSERT INTO `sys_user` VALUES (14, 'dadada', 'e10adc3949ba59abbe56e057f20f883e', '大新id修改为integer', '330521200401023012', '18768521482', NULL, NULL, NULL, '随便写', 1, '2023-01-15 16:19:48', '2023-01-31 11:35:47', 1);
INSERT INTO `sys_user` VALUES (17, 'dadadadd', 'e10adc3949ba59abbe56e057f20f883e', '大达娃大ddddd', '330521200401023012', '18768521482', NULL, NULL, NULL, '随便写', 1, '2023-01-15 16:31:23', '2023-01-31 11:35:43', 1);
INSERT INTO `sys_user` VALUES (18, 'fcltest', 'e10adc3949ba59abbe56e057f20f883e', '测试前端权限用户', '330521200308023015', '18754874511', NULL, NULL, NULL, '测试前端权限的用户', 1, '2023-01-31 11:37:50', '2023-01-31 11:37:50', 0);
INSERT INTO `sys_user` VALUES (19, 'tetsddd', 'e10adc3949ba59abbe56e057f20f883e', '达瓦达瓦', '330521200405063015', '18755544112', NULL, NULL, NULL, '发发发vvv', 1, '2023-02-07 22:28:34', '2023-02-07 22:28:34', 0);

-- ----------------------------
-- Table structure for sys_user_role
-- ----------------------------
DROP TABLE IF EXISTS `sys_user_role`;
CREATE TABLE `sys_user_role`  (
  `id` int(10) UNSIGNED NOT NULL AUTO_INCREMENT,
  `role_id` int(10) UNSIGNED NULL DEFAULT NULL COMMENT '角色编号',
  `user_id` int(10) UNSIGNED NULL DEFAULT NULL COMMENT '系统用户编号',
  PRIMARY KEY (`id`) USING BTREE
) ENGINE = InnoDB AUTO_INCREMENT = 27 CHARACTER SET = utf8mb4 COLLATE = utf8mb4_0900_ai_ci ROW_FORMAT = Dynamic;

-- ----------------------------
-- Records of sys_user_role
-- ----------------------------
INSERT INTO `sys_user_role` VALUES (1, 1, 1);
INSERT INTO `sys_user_role` VALUES (20, 3, 9);
INSERT INTO `sys_user_role` VALUES (21, 2, 2);
INSERT INTO `sys_user_role` VALUES (22, 3, 2);
INSERT INTO `sys_user_role` VALUES (23, 10, 2);
INSERT INTO `sys_user_role` VALUES (26, 17, 18);
INSERT INTO `sys_user_role` VALUES (27, 8, 18);

-- ----------------------------
-- Table structure for sys_web_log
-- ----------------------------
DROP TABLE IF EXISTS `sys_web_log`;
CREATE TABLE `sys_web_log`  (
  `description` varchar(255) CHARACTER SET utf8mb4 COLLATE utf8mb4_0900_ai_ci NULL DEFAULT NULL,
  `username` varchar(40) CHARACTER SET utf8mb4 COLLATE utf8mb4_0900_ai_ci NULL DEFAULT NULL,
  `start_time` timestamp(0) NULL DEFAULT CURRENT_TIMESTAMP(0) COMMENT '操作时间',
  `spend_time` int(10) UNSIGNED NULL DEFAULT NULL COMMENT '消耗时间',
  `base_path` varchar(255) CHARACTER SET utf8mb4 COLLATE utf8mb4_0900_ai_ci NULL DEFAULT NULL,
  `uri` varchar(255) CHARACTER SET utf8mb4 COLLATE utf8mb4_0900_ai_ci NULL DEFAULT NULL,
  `url` varchar(255) CHARACTER SET utf8mb4 COLLATE utf8mb4_0900_ai_ci NULL DEFAULT NULL,
  `method` varchar(10) CHARACTER SET utf8mb4 COLLATE utf8mb4_0900_ai_ci NULL DEFAULT NULL,
  `ip` varchar(255) CHARACTER SET utf8mb4 COLLATE utf8mb4_0900_ai_ci NULL DEFAULT NULL,
  `parameter` varchar(500) CHARACTER SET utf8mb4 COLLATE utf8mb4_0900_ai_ci NULL DEFAULT NULL COMMENT '请求参数',
  `result` varchar(8000) CHARACTER SET utf8mb4 COLLATE utf8mb4_0900_ai_ci NULL DEFAULT NULL COMMENT '返回结果'
) ENGINE = InnoDB CHARACTER SET = utf8mb4 COLLATE = utf8mb4_0900_ai_ci ROW_FORMAT = Dynamic;

-- ----------------------------
-- Records of sys_web_log
-- ----------------------------
INSERT INTO `sys_web_log` VALUES ('查询用户分页及搜索', NULL, '2023-02-07 21:16:58', 41, 'http://localhost:9000', '/ccmall/sys/sysuser/list', 'http://localhost:9000/ccmall/sys/sysuser/list', 'GET', '127.0.0.1', '{\"keyword\":\"\"}', '{\"code\":200,\"data\":{\"current\":1,\"hitCount\":false,\"optimizeCountSql\":true,\"orders\":[],\"pages\":1,\"records\":[{\"creatTime\":\"2023-01-08T22:18:52\",\"deleted\":0,\"id\":1,\"idCard\":\"330521200004033012\",\"name\":\"管理员\",\"password\":\"e10adc3949ba59abbe56e057f20f883e\",\"phone\":\"18788555211\",\"status\":1,\"updateTime\":\"2023-01-14T23:28:07\",\"userName\":\"admin\"},{\"creatTime\":\"2023-01-09T22:32:09\",\"deleted\":0,\"id\":2,\"name\":\"测试\",\"password\":\"e10adc3949ba59abbe56e057f20f883e\",\"phone\":\"18755588554\",\"status\":0,\"updateTime\":\"2023-01-10T21:08:06\",\"userName\":\"test2\"},{\"creatTime\":\"2023-01-09T22:32:09\",\"deleted\":0,\"description\":\"测试\",\"id\":3,\"idCard\":\"330521200105033015\",\"name\":\"测试\",\"password\":\"e10adc3949ba59abbe56e057f20f883e\",\"phone\":\"18755588554\",\"status\":1,\"updateTime\":\"2023-01-10T21:08:08\",\"userName\":\"test3\"},{\"creatTime\":\"2023-01-14T23:33:29\",\"deleted\":0,\"id\":7,\"idCard\":\"330521200107043017\",\"name\":\"测试7\",\"password\":\"e10adc3949ba59abbe56e057f20f883e\",\"phone\":\"18768215183\",\"status\":0,\"updateTime\":\"2023-01-14T23:33:29\",\"userName\":\"cs7\"},{\"creatTime\":\"2023-01-31T11:37:50\",\"deleted\":0,\"description\":\"测试前端权限的用户\",\"id\":18,\"idCard\":\"330521200308023015\",\"name\":\"测试前端权限用户\",\"password\":\"e10adc3949ba59abbe56e057f20f883e\",\"phone\":\"18754874511\",\"status\":1,\"updateTime\":\"2023-01-31T11:37:50\",\"userName\":\"fcltest\"}],\"searchCount\":true,\"size\":10,\"total\":5},\"message\":\"操作成功\"}');
INSERT INTO `sys_web_log` VALUES ('查询用户分页及搜索', NULL, '2023-02-07 21:18:19', 28, 'http://localhost:9000', '/ccmall/sys/sysuser/list', 'http://localhost:9000/ccmall/sys/sysuser/list', 'GET', '127.0.0.1', '{\"keyword\":\"\"}', '{\"code\":200,\"data\":{\"current\":1,\"hitCount\":false,\"optimizeCountSql\":true,\"orders\":[],\"pages\":1,\"records\":[{\"creatTime\":\"2023-01-08T22:18:52\",\"deleted\":0,\"id\":1,\"idCard\":\"330521200004033012\",\"name\":\"管理员\",\"password\":\"e10adc3949ba59abbe56e057f20f883e\",\"phone\":\"18788555211\",\"status\":1,\"updateTime\":\"2023-01-14T23:28:07\",\"userName\":\"admin\"},{\"creatTime\":\"2023-01-09T22:32:09\",\"deleted\":0,\"id\":2,\"name\":\"测试\",\"password\":\"e10adc3949ba59abbe56e057f20f883e\",\"phone\":\"18755588554\",\"status\":0,\"updateTime\":\"2023-01-10T21:08:06\",\"userName\":\"test2\"},{\"creatTime\":\"2023-01-09T22:32:09\",\"deleted\":0,\"description\":\"测试\",\"id\":3,\"idCard\":\"330521200105033015\",\"name\":\"测试\",\"password\":\"e10adc3949ba59abbe56e057f20f883e\",\"phone\":\"18755588554\",\"status\":1,\"updateTime\":\"2023-01-10T21:08:08\",\"userName\":\"test3\"},{\"creatTime\":\"2023-01-14T23:33:29\",\"deleted\":0,\"id\":7,\"idCard\":\"330521200107043017\",\"name\":\"测试7\",\"password\":\"e10adc3949ba59abbe56e057f20f883e\",\"phone\":\"18768215183\",\"status\":0,\"updateTime\":\"2023-01-14T23:33:29\",\"userName\":\"cs7\"},{\"creatTime\":\"2023-01-31T11:37:50\",\"deleted\":0,\"description\":\"测试前端权限的用户\",\"id\":18,\"idCard\":\"330521200308023015\",\"name\":\"测试前端权限用户\",\"password\":\"e10adc3949ba59abbe56e057f20f883e\",\"phone\":\"18754874511\",\"status\":1,\"updateTime\":\"2023-01-31T11:37:50\",\"userName\":\"fcltest\"}],\"searchCount\":true,\"size\":10,\"total\":5},\"message\":\"操作成功\"}');
INSERT INTO `sys_web_log` VALUES ('查询用户分页及搜索', NULL, '2023-02-07 21:18:24', 7, 'http://localhost:9000', '/ccmall/sys/sysuser/list', 'http://localhost:9000/ccmall/sys/sysuser/list', 'GET', '127.0.0.1', '{\"keyword\":\"\"}', '{\"code\":200,\"data\":{\"current\":1,\"hitCount\":false,\"optimizeCountSql\":true,\"orders\":[],\"pages\":1,\"records\":[{\"creatTime\":\"2023-01-08T22:18:52\",\"deleted\":0,\"id\":1,\"idCard\":\"330521200004033012\",\"name\":\"管理员\",\"password\":\"e10adc3949ba59abbe56e057f20f883e\",\"phone\":\"18788555211\",\"status\":1,\"updateTime\":\"2023-01-14T23:28:07\",\"userName\":\"admin\"},{\"creatTime\":\"2023-01-09T22:32:09\",\"deleted\":0,\"id\":2,\"name\":\"测试\",\"password\":\"e10adc3949ba59abbe56e057f20f883e\",\"phone\":\"18755588554\",\"status\":0,\"updateTime\":\"2023-01-10T21:08:06\",\"userName\":\"test2\"},{\"creatTime\":\"2023-01-09T22:32:09\",\"deleted\":0,\"description\":\"测试\",\"id\":3,\"idCard\":\"330521200105033015\",\"name\":\"测试\",\"password\":\"e10adc3949ba59abbe56e057f20f883e\",\"phone\":\"18755588554\",\"status\":1,\"updateTime\":\"2023-01-10T21:08:08\",\"userName\":\"test3\"},{\"creatTime\":\"2023-01-14T23:33:29\",\"deleted\":0,\"id\":7,\"idCard\":\"330521200107043017\",\"name\":\"测试7\",\"password\":\"e10adc3949ba59abbe56e057f20f883e\",\"phone\":\"18768215183\",\"status\":0,\"updateTime\":\"2023-01-14T23:33:29\",\"userName\":\"cs7\"},{\"creatTime\":\"2023-01-31T11:37:50\",\"deleted\":0,\"description\":\"测试前端权限的用户\",\"id\":18,\"idCard\":\"330521200308023015\",\"name\":\"测试前端权限用户\",\"password\":\"e10adc3949ba59abbe56e057f20f883e\",\"phone\":\"18754874511\",\"status\":1,\"updateTime\":\"2023-01-31T11:37:50\",\"userName\":\"fcltest\"}],\"searchCount\":true,\"size\":10,\"total\":5},\"message\":\"操作成功\"}');
INSERT INTO `sys_web_log` VALUES ('查询用户分页及搜索', NULL, '2023-02-07 21:18:25', 4, 'http://localhost:9000', '/ccmall/sys/sysuser/list', 'http://localhost:9000/ccmall/sys/sysuser/list', 'GET', '127.0.0.1', '{\"keyword\":\"\"}', '{\"code\":200,\"data\":{\"current\":1,\"hitCount\":false,\"optimizeCountSql\":true,\"orders\":[],\"pages\":1,\"records\":[{\"creatTime\":\"2023-01-08T22:18:52\",\"deleted\":0,\"id\":1,\"idCard\":\"330521200004033012\",\"name\":\"管理员\",\"password\":\"e10adc3949ba59abbe56e057f20f883e\",\"phone\":\"18788555211\",\"status\":1,\"updateTime\":\"2023-01-14T23:28:07\",\"userName\":\"admin\"},{\"creatTime\":\"2023-01-09T22:32:09\",\"deleted\":0,\"id\":2,\"name\":\"测试\",\"password\":\"e10adc3949ba59abbe56e057f20f883e\",\"phone\":\"18755588554\",\"status\":0,\"updateTime\":\"2023-01-10T21:08:06\",\"userName\":\"test2\"},{\"creatTime\":\"2023-01-09T22:32:09\",\"deleted\":0,\"description\":\"测试\",\"id\":3,\"idCard\":\"330521200105033015\",\"name\":\"测试\",\"password\":\"e10adc3949ba59abbe56e057f20f883e\",\"phone\":\"18755588554\",\"status\":1,\"updateTime\":\"2023-01-10T21:08:08\",\"userName\":\"test3\"},{\"creatTime\":\"2023-01-14T23:33:29\",\"deleted\":0,\"id\":7,\"idCard\":\"330521200107043017\",\"name\":\"测试7\",\"password\":\"e10adc3949ba59abbe56e057f20f883e\",\"phone\":\"18768215183\",\"status\":0,\"updateTime\":\"2023-01-14T23:33:29\",\"userName\":\"cs7\"},{\"creatTime\":\"2023-01-31T11:37:50\",\"deleted\":0,\"description\":\"测试前端权限的用户\",\"id\":18,\"idCard\":\"330521200308023015\",\"name\":\"测试前端权限用户\",\"password\":\"e10adc3949ba59abbe56e057f20f883e\",\"phone\":\"18754874511\",\"status\":1,\"updateTime\":\"2023-01-31T11:37:50\",\"userName\":\"fcltest\"}],\"searchCount\":true,\"size\":10,\"total\":5},\"message\":\"操作成功\"}');
INSERT INTO `sys_web_log` VALUES ('查询用户分页及搜索', NULL, '2023-02-07 21:18:31', 7, 'http://localhost:9000', '/ccmall/sys/sysuser/list', 'http://localhost:9000/ccmall/sys/sysuser/list', 'GET', '127.0.0.1', '{\"keyword\":\"\"}', '{\"code\":200,\"data\":{\"current\":1,\"hitCount\":false,\"optimizeCountSql\":true,\"orders\":[],\"pages\":1,\"records\":[{\"creatTime\":\"2023-01-08T22:18:52\",\"deleted\":0,\"id\":1,\"idCard\":\"330521200004033012\",\"name\":\"管理员\",\"password\":\"e10adc3949ba59abbe56e057f20f883e\",\"phone\":\"18788555211\",\"status\":1,\"updateTime\":\"2023-01-14T23:28:07\",\"userName\":\"admin\"},{\"creatTime\":\"2023-01-09T22:32:09\",\"deleted\":0,\"id\":2,\"name\":\"测试\",\"password\":\"e10adc3949ba59abbe56e057f20f883e\",\"phone\":\"18755588554\",\"status\":0,\"updateTime\":\"2023-01-10T21:08:06\",\"userName\":\"test2\"},{\"creatTime\":\"2023-01-09T22:32:09\",\"deleted\":0,\"description\":\"测试\",\"id\":3,\"idCard\":\"330521200105033015\",\"name\":\"测试\",\"password\":\"e10adc3949ba59abbe56e057f20f883e\",\"phone\":\"18755588554\",\"status\":1,\"updateTime\":\"2023-01-10T21:08:08\",\"userName\":\"test3\"},{\"creatTime\":\"2023-01-14T23:33:29\",\"deleted\":0,\"id\":7,\"idCard\":\"330521200107043017\",\"name\":\"测试7\",\"password\":\"e10adc3949ba59abbe56e057f20f883e\",\"phone\":\"18768215183\",\"status\":0,\"updateTime\":\"2023-01-14T23:33:29\",\"userName\":\"cs7\"},{\"creatTime\":\"2023-01-31T11:37:50\",\"deleted\":0,\"description\":\"测试前端权限的用户\",\"id\":18,\"idCard\":\"330521200308023015\",\"name\":\"测试前端权限用户\",\"password\":\"e10adc3949ba59abbe56e057f20f883e\",\"phone\":\"18754874511\",\"status\":1,\"updateTime\":\"2023-01-31T11:37:50\",\"userName\":\"fcltest\"}],\"searchCount\":true,\"size\":10,\"total\":5},\"message\":\"操作成功\"}');
INSERT INTO `sys_web_log` VALUES ('查询用户分页及搜索', NULL, '2023-02-07 21:18:39', 4, 'http://localhost:9000', '/ccmall/sys/sysuser/list', 'http://localhost:9000/ccmall/sys/sysuser/list', 'GET', '127.0.0.1', '{\"keyword\":\"\"}', '{\"code\":200,\"data\":{\"current\":1,\"hitCount\":false,\"optimizeCountSql\":true,\"orders\":[],\"pages\":1,\"records\":[{\"creatTime\":\"2023-01-08T22:18:52\",\"deleted\":0,\"id\":1,\"idCard\":\"330521200004033012\",\"name\":\"管理员\",\"password\":\"e10adc3949ba59abbe56e057f20f883e\",\"phone\":\"18788555211\",\"status\":1,\"updateTime\":\"2023-01-14T23:28:07\",\"userName\":\"admin\"},{\"creatTime\":\"2023-01-09T22:32:09\",\"deleted\":0,\"id\":2,\"name\":\"测试\",\"password\":\"e10adc3949ba59abbe56e057f20f883e\",\"phone\":\"18755588554\",\"status\":0,\"updateTime\":\"2023-01-10T21:08:06\",\"userName\":\"test2\"},{\"creatTime\":\"2023-01-09T22:32:09\",\"deleted\":0,\"description\":\"测试\",\"id\":3,\"idCard\":\"330521200105033015\",\"name\":\"测试\",\"password\":\"e10adc3949ba59abbe56e057f20f883e\",\"phone\":\"18755588554\",\"status\":1,\"updateTime\":\"2023-01-10T21:08:08\",\"userName\":\"test3\"},{\"creatTime\":\"2023-01-14T23:33:29\",\"deleted\":0,\"id\":7,\"idCard\":\"330521200107043017\",\"name\":\"测试7\",\"password\":\"e10adc3949ba59abbe56e057f20f883e\",\"phone\":\"18768215183\",\"status\":0,\"updateTime\":\"2023-01-14T23:33:29\",\"userName\":\"cs7\"},{\"creatTime\":\"2023-01-31T11:37:50\",\"deleted\":0,\"description\":\"测试前端权限的用户\",\"id\":18,\"idCard\":\"330521200308023015\",\"name\":\"测试前端权限用户\",\"password\":\"e10adc3949ba59abbe56e057f20f883e\",\"phone\":\"18754874511\",\"status\":1,\"updateTime\":\"2023-01-31T11:37:50\",\"userName\":\"fcltest\"}],\"searchCount\":true,\"size\":10,\"total\":5},\"message\":\"操作成功\"}');
INSERT INTO `sys_web_log` VALUES ('查询用户分页及搜索', NULL, '2023-02-07 21:19:08', 3, 'http://localhost:9000', '/ccmall/sys/sysuser/list', 'http://localhost:9000/ccmall/sys/sysuser/list', 'GET', '127.0.0.1', '{\"keyword\":\"\"}', '{\"code\":200,\"data\":{\"current\":1,\"hitCount\":false,\"optimizeCountSql\":true,\"orders\":[],\"pages\":1,\"records\":[{\"creatTime\":\"2023-01-08T22:18:52\",\"deleted\":0,\"id\":1,\"idCard\":\"330521200004033012\",\"name\":\"管理员\",\"password\":\"e10adc3949ba59abbe56e057f20f883e\",\"phone\":\"18788555211\",\"status\":1,\"updateTime\":\"2023-01-14T23:28:07\",\"userName\":\"admin\"},{\"creatTime\":\"2023-01-09T22:32:09\",\"deleted\":0,\"id\":2,\"name\":\"测试\",\"password\":\"e10adc3949ba59abbe56e057f20f883e\",\"phone\":\"18755588554\",\"status\":0,\"updateTime\":\"2023-01-10T21:08:06\",\"userName\":\"test2\"},{\"creatTime\":\"2023-01-09T22:32:09\",\"deleted\":0,\"description\":\"测试\",\"id\":3,\"idCard\":\"330521200105033015\",\"name\":\"测试\",\"password\":\"e10adc3949ba59abbe56e057f20f883e\",\"phone\":\"18755588554\",\"status\":1,\"updateTime\":\"2023-01-10T21:08:08\",\"userName\":\"test3\"},{\"creatTime\":\"2023-01-14T23:33:29\",\"deleted\":0,\"id\":7,\"idCard\":\"330521200107043017\",\"name\":\"测试7\",\"password\":\"e10adc3949ba59abbe56e057f20f883e\",\"phone\":\"18768215183\",\"status\":0,\"updateTime\":\"2023-01-14T23:33:29\",\"userName\":\"cs7\"},{\"creatTime\":\"2023-01-31T11:37:50\",\"deleted\":0,\"description\":\"测试前端权限的用户\",\"id\":18,\"idCard\":\"330521200308023015\",\"name\":\"测试前端权限用户\",\"password\":\"e10adc3949ba59abbe56e057f20f883e\",\"phone\":\"18754874511\",\"status\":1,\"updateTime\":\"2023-01-31T11:37:50\",\"userName\":\"fcltest\"}],\"searchCount\":true,\"size\":10,\"total\":5},\"message\":\"操作成功\"}');
INSERT INTO `sys_web_log` VALUES ('查询用户分页及搜索', NULL, '2023-02-07 21:27:02', 117, 'http://localhost:9000', '/ccmall/sys/sysuser/list', 'http://localhost:9000/ccmall/sys/sysuser/list', 'GET', '127.0.0.1', '{\"keyword\":\"\"}', '{\"code\":200,\"data\":{\"current\":1,\"hitCount\":false,\"optimizeCountSql\":true,\"orders\":[],\"pages\":1,\"records\":[{\"creatTime\":\"2023-01-08T22:18:52\",\"deleted\":0,\"id\":1,\"idCard\":\"330521200004033012\",\"name\":\"管理员\",\"password\":\"e10adc3949ba59abbe56e057f20f883e\",\"phone\":\"18788555211\",\"status\":1,\"updateTime\":\"2023-01-14T23:28:07\",\"userName\":\"admin\"},{\"creatTime\":\"2023-01-09T22:32:09\",\"deleted\":0,\"id\":2,\"name\":\"测试\",\"password\":\"e10adc3949ba59abbe56e057f20f883e\",\"phone\":\"18755588554\",\"status\":0,\"updateTime\":\"2023-01-10T21:08:06\",\"userName\":\"test2\"},{\"creatTime\":\"2023-01-09T22:32:09\",\"deleted\":0,\"description\":\"测试\",\"id\":3,\"idCard\":\"330521200105033015\",\"name\":\"测试\",\"password\":\"e10adc3949ba59abbe56e057f20f883e\",\"phone\":\"18755588554\",\"status\":1,\"updateTime\":\"2023-01-10T21:08:08\",\"userName\":\"test3\"},{\"creatTime\":\"2023-01-14T23:33:29\",\"deleted\":0,\"id\":7,\"idCard\":\"330521200107043017\",\"name\":\"测试7\",\"password\":\"e10adc3949ba59abbe56e057f20f883e\",\"phone\":\"18768215183\",\"status\":0,\"updateTime\":\"2023-01-14T23:33:29\",\"userName\":\"cs7\"},{\"creatTime\":\"2023-01-31T11:37:50\",\"deleted\":0,\"description\":\"测试前端权限的用户\",\"id\":18,\"idCard\":\"330521200308023015\",\"name\":\"测试前端权限用户\",\"password\":\"e10adc3949ba59abbe56e057f20f883e\",\"phone\":\"18754874511\",\"status\":1,\"updateTime\":\"2023-01-31T11:37:50\",\"userName\":\"fcltest\"}],\"searchCount\":true,\"size\":10,\"total\":5},\"message\":\"操作成功\"}');
INSERT INTO `sys_web_log` VALUES ('查询用户分页及搜索', NULL, '2023-02-07 21:27:09', 18, 'http://localhost:9000', '/ccmall/sys/sysuser/list', 'http://localhost:9000/ccmall/sys/sysuser/list', 'GET', '127.0.0.1', '{\"keyword\":\"t\"}', '{\"code\":200,\"data\":{\"current\":1,\"hitCount\":false,\"optimizeCountSql\":true,\"orders\":[],\"pages\":1,\"records\":[{\"creatTime\":\"2023-01-09T22:32:09\",\"deleted\":0,\"id\":2,\"name\":\"测试\",\"password\":\"e10adc3949ba59abbe56e057f20f883e\",\"phone\":\"18755588554\",\"status\":0,\"updateTime\":\"2023-01-10T21:08:06\",\"userName\":\"test2\"},{\"creatTime\":\"2023-01-09T22:32:09\",\"deleted\":0,\"description\":\"测试\",\"id\":3,\"idCard\":\"330521200105033015\",\"name\":\"测试\",\"password\":\"e10adc3949ba59abbe56e057f20f883e\",\"phone\":\"18755588554\",\"status\":1,\"updateTime\":\"2023-01-10T21:08:08\",\"userName\":\"test3\"},{\"creatTime\":\"2023-01-31T11:37:50\",\"deleted\":0,\"description\":\"测试前端权限的用户\",\"id\":18,\"idCard\":\"330521200308023015\",\"name\":\"测试前端权限用户\",\"password\":\"e10adc3949ba59abbe56e057f20f883e\",\"phone\":\"18754874511\",\"status\":1,\"updateTime\":\"2023-01-31T11:37:50\",\"userName\":\"fcltest\"}],\"searchCount\":true,\"size\":10,\"total\":3},\"message\":\"操作成功\"}');
INSERT INTO `sys_web_log` VALUES ('查询用户分页及搜索', 'admin', '2023-02-07 21:29:13', 6, 'http://localhost:9000', '/ccmall/sys/sysuser/list', 'http://localhost:9000/ccmall/sys/sysuser/list', 'GET', '127.0.0.1', '{\"keyword\":\"\"}', '{\"code\":200,\"data\":{\"current\":1,\"hitCount\":false,\"optimizeCountSql\":true,\"orders\":[],\"pages\":1,\"records\":[{\"creatTime\":\"2023-01-08T22:18:52\",\"deleted\":0,\"id\":1,\"idCard\":\"330521200004033012\",\"name\":\"管理员\",\"password\":\"e10adc3949ba59abbe56e057f20f883e\",\"phone\":\"18788555211\",\"status\":1,\"updateTime\":\"2023-01-14T23:28:07\",\"userName\":\"admin\"},{\"creatTime\":\"2023-01-09T22:32:09\",\"deleted\":0,\"id\":2,\"name\":\"测试\",\"password\":\"e10adc3949ba59abbe56e057f20f883e\",\"phone\":\"18755588554\",\"status\":0,\"updateTime\":\"2023-01-10T21:08:06\",\"userName\":\"test2\"},{\"creatTime\":\"2023-01-09T22:32:09\",\"deleted\":0,\"description\":\"测试\",\"id\":3,\"idCard\":\"330521200105033015\",\"name\":\"测试\",\"password\":\"e10adc3949ba59abbe56e057f20f883e\",\"phone\":\"18755588554\",\"status\":1,\"updateTime\":\"2023-01-10T21:08:08\",\"userName\":\"test3\"},{\"creatTime\":\"2023-01-14T23:33:29\",\"deleted\":0,\"id\":7,\"idCard\":\"330521200107043017\",\"name\":\"测试7\",\"password\":\"e10adc3949ba59abbe56e057f20f883e\",\"phone\":\"18768215183\",\"status\":0,\"updateTime\":\"2023-01-14T23:33:29\",\"userName\":\"cs7\"},{\"creatTime\":\"2023-01-31T11:37:50\",\"deleted\":0,\"description\":\"测试前端权限的用户\",\"id\":18,\"idCard\":\"330521200308023015\",\"name\":\"测试前端权限用户\",\"password\":\"e10adc3949ba59abbe56e057f20f883e\",\"phone\":\"18754874511\",\"status\":1,\"updateTime\":\"2023-01-31T11:37:50\",\"userName\":\"fcltest\"}],\"searchCount\":true,\"size\":10,\"total\":5},\"message\":\"操作成功\"}');
INSERT INTO `sys_web_log` VALUES ('查询用户分页及搜索', 'admin', '2023-02-07 21:51:03', 21, 'http://localhost:9000', '/ccmall/sys/sysuser/list', 'http://localhost:9000/ccmall/sys/sysuser/list', 'GET', '127.0.0.1', '{\"keyword\":\"\"}', '{\"code\":200,\"data\":{\"current\":1,\"hitCount\":false,\"optimizeCountSql\":true,\"orders\":[],\"pages\":1,\"records\":[{\"creatTime\":\"2023-01-08T22:18:52\",\"deleted\":0,\"id\":1,\"idCard\":\"330521200004033012\",\"name\":\"管理员\",\"password\":\"e10adc3949ba59abbe56e057f20f883e\",\"phone\":\"18788555211\",\"status\":1,\"updateTime\":\"2023-01-14T23:28:07\",\"userName\":\"admin\"},{\"creatTime\":\"2023-01-09T22:32:09\",\"deleted\":0,\"id\":2,\"name\":\"测试\",\"password\":\"e10adc3949ba59abbe56e057f20f883e\",\"phone\":\"18755588554\",\"status\":0,\"updateTime\":\"2023-01-10T21:08:06\",\"userName\":\"test2\"},{\"creatTime\":\"2023-01-09T22:32:09\",\"deleted\":0,\"description\":\"测试\",\"id\":3,\"idCard\":\"330521200105033015\",\"name\":\"测试\",\"password\":\"e10adc3949ba59abbe56e057f20f883e\",\"phone\":\"18755588554\",\"status\":1,\"updateTime\":\"2023-01-10T21:08:08\",\"userName\":\"test3\"},{\"creatTime\":\"2023-01-14T23:33:29\",\"deleted\":0,\"id\":7,\"idCard\":\"330521200107043017\",\"name\":\"测试7\",\"password\":\"e10adc3949ba59abbe56e057f20f883e\",\"phone\":\"18768215183\",\"status\":0,\"updateTime\":\"2023-01-14T23:33:29\",\"userName\":\"cs7\"},{\"creatTime\":\"2023-01-31T11:37:50\",\"deleted\":0,\"description\":\"测试前端权限的用户\",\"id\":18,\"idCard\":\"330521200308023015\",\"name\":\"测试前端权限用户\",\"password\":\"e10adc3949ba59abbe56e057f20f883e\",\"phone\":\"18754874511\",\"status\":1,\"updateTime\":\"2023-01-31T11:37:50\",\"userName\":\"fcltest\"}],\"searchCount\":true,\"size\":10,\"total\":5},\"message\":\"操作成功\"}');
INSERT INTO `sys_web_log` VALUES ('查询用户分页及搜索', 'admin', '2023-02-07 21:52:44', 12, 'http://localhost:9000', '/ccmall/sys/sysuser/list', 'http://localhost:9000/ccmall/sys/sysuser/list', 'GET', '127.0.0.1', '{\"keyword\":\"\"}', '{\"code\":200,\"data\":{\"current\":1,\"hitCount\":false,\"optimizeCountSql\":true,\"orders\":[],\"pages\":1,\"records\":[{\"creatTime\":\"2023-01-08T22:18:52\",\"deleted\":0,\"id\":1,\"idCard\":\"330521200004033012\",\"name\":\"管理员\",\"password\":\"e10adc3949ba59abbe56e057f20f883e\",\"phone\":\"18788555211\",\"status\":1,\"updateTime\":\"2023-01-14T23:28:07\",\"userName\":\"admin\"},{\"creatTime\":\"2023-01-09T22:32:09\",\"deleted\":0,\"id\":2,\"name\":\"测试\",\"password\":\"e10adc3949ba59abbe56e057f20f883e\",\"phone\":\"18755588554\",\"status\":0,\"updateTime\":\"2023-01-10T21:08:06\",\"userName\":\"test2\"},{\"creatTime\":\"2023-01-09T22:32:09\",\"deleted\":0,\"description\":\"测试\",\"id\":3,\"idCard\":\"330521200105033015\",\"name\":\"测试\",\"password\":\"e10adc3949ba59abbe56e057f20f883e\",\"phone\":\"18755588554\",\"status\":1,\"updateTime\":\"2023-01-10T21:08:08\",\"userName\":\"test3\"},{\"creatTime\":\"2023-01-14T23:33:29\",\"deleted\":0,\"id\":7,\"idCard\":\"330521200107043017\",\"name\":\"测试7\",\"password\":\"e10adc3949ba59abbe56e057f20f883e\",\"phone\":\"18768215183\",\"status\":0,\"updateTime\":\"2023-01-14T23:33:29\",\"userName\":\"cs7\"},{\"creatTime\":\"2023-01-31T11:37:50\",\"deleted\":0,\"description\":\"测试前端权限的用户\",\"id\":18,\"idCard\":\"330521200308023015\",\"name\":\"测试前端权限用户\",\"password\":\"e10adc3949ba59abbe56e057f20f883e\",\"phone\":\"18754874511\",\"status\":1,\"updateTime\":\"2023-01-31T11:37:50\",\"userName\":\"fcltest\"}],\"searchCount\":true,\"size\":10,\"total\":5},\"message\":\"操作成功\"}');
INSERT INTO `sys_web_log` VALUES ('查询用户分页及搜索', 'admin', '2023-02-07 22:25:05', 11, 'http://localhost:9000', '/ccmall/sys/sysuser/list', 'http://localhost:9000/ccmall/sys/sysuser/list', 'GET', '127.0.0.1', '{\"keyword\":\"\"}', '{\"code\":200,\"data\":{\"current\":1,\"hitCount\":false,\"optimizeCountSql\":true,\"orders\":[],\"pages\":1,\"records\":[{\"creatTime\":\"2023-01-08T22:18:52\",\"deleted\":0,\"id\":1,\"idCard\":\"330521200004033012\",\"name\":\"管理员\",\"password\":\"e10adc3949ba59abbe56e057f20f883e\",\"phone\":\"18788555211\",\"status\":1,\"updateTime\":\"2023-01-14T23:28:07\",\"userName\":\"admin\"},{\"creatTime\":\"2023-01-09T22:32:09\",\"deleted\":0,\"id\":2,\"name\":\"测试\",\"password\":\"e10adc3949ba59abbe56e057f20f883e\",\"phone\":\"18755588554\",\"status\":0,\"updateTime\":\"2023-01-10T21:08:06\",\"userName\":\"test2\"},{\"creatTime\":\"2023-01-09T22:32:09\",\"deleted\":0,\"description\":\"测试\",\"id\":3,\"idCard\":\"330521200105033015\",\"name\":\"测试\",\"password\":\"e10adc3949ba59abbe56e057f20f883e\",\"phone\":\"18755588554\",\"status\":1,\"updateTime\":\"2023-01-10T21:08:08\",\"userName\":\"test3\"},{\"creatTime\":\"2023-01-14T23:33:29\",\"deleted\":0,\"id\":7,\"idCard\":\"330521200107043017\",\"name\":\"测试7\",\"password\":\"e10adc3949ba59abbe56e057f20f883e\",\"phone\":\"18768215183\",\"status\":0,\"updateTime\":\"2023-01-14T23:33:29\",\"userName\":\"cs7\"},{\"creatTime\":\"2023-01-31T11:37:50\",\"deleted\":0,\"description\":\"测试前端权限的用户\",\"id\":18,\"idCard\":\"330521200308023015\",\"name\":\"测试前端权限用户\",\"password\":\"e10adc3949ba59abbe56e057f20f883e\",\"phone\":\"18754874511\",\"status\":1,\"updateTime\":\"2023-01-31T11:37:50\",\"userName\":\"fcltest\"}],\"searchCount\":true,\"size\":10,\"total\":5},\"message\":\"操作成功\"}');
INSERT INTO `sys_web_log` VALUES ('查询用户分页及搜索', 'admin', '2023-02-07 22:27:46', 12, 'http://localhost:9000', '/ccmall/sys/sysuser/list', 'http://localhost:9000/ccmall/sys/sysuser/list', 'GET', '127.0.0.1', '{\"keyword\":\"\"}', '{\"code\":200,\"data\":{\"current\":1,\"hitCount\":false,\"optimizeCountSql\":true,\"orders\":[],\"pages\":1,\"records\":[{\"creatTime\":\"2023-01-08T22:18:52\",\"deleted\":0,\"id\":1,\"idCard\":\"330521200004033012\",\"name\":\"管理员\",\"password\":\"e10adc3949ba59abbe56e057f20f883e\",\"phone\":\"18788555211\",\"status\":1,\"updateTime\":\"2023-01-14T23:28:07\",\"userName\":\"admin\"},{\"creatTime\":\"2023-01-09T22:32:09\",\"deleted\":0,\"id\":2,\"name\":\"测试\",\"password\":\"e10adc3949ba59abbe56e057f20f883e\",\"phone\":\"18755588554\",\"status\":0,\"updateTime\":\"2023-01-10T21:08:06\",\"userName\":\"test2\"},{\"creatTime\":\"2023-01-09T22:32:09\",\"deleted\":0,\"description\":\"测试\",\"id\":3,\"idCard\":\"330521200105033015\",\"name\":\"测试\",\"password\":\"e10adc3949ba59abbe56e057f20f883e\",\"phone\":\"18755588554\",\"status\":1,\"updateTime\":\"2023-01-10T21:08:08\",\"userName\":\"test3\"},{\"creatTime\":\"2023-01-14T23:33:29\",\"deleted\":0,\"id\":7,\"idCard\":\"330521200107043017\",\"name\":\"测试7\",\"password\":\"e10adc3949ba59abbe56e057f20f883e\",\"phone\":\"18768215183\",\"status\":0,\"updateTime\":\"2023-01-14T23:33:29\",\"userName\":\"cs7\"},{\"creatTime\":\"2023-01-31T11:37:50\",\"deleted\":0,\"description\":\"测试前端权限的用户\",\"id\":18,\"idCard\":\"330521200308023015\",\"name\":\"测试前端权限用户\",\"password\":\"e10adc3949ba59abbe56e057f20f883e\",\"phone\":\"18754874511\",\"status\":1,\"updateTime\":\"2023-01-31T11:37:50\",\"userName\":\"fcltest\"}],\"searchCount\":true,\"size\":10,\"total\":5},\"message\":\"操作成功\"}');
INSERT INTO `sys_web_log` VALUES ('查询用户分页及搜索', 'admin', '2023-02-07 22:27:56', 5, 'http://localhost:9000', '/ccmall/sys/sysuser/list', 'http://localhost:9000/ccmall/sys/sysuser/list', 'GET', '127.0.0.1', '{\"keyword\":\"\"}', '{\"code\":200,\"data\":{\"current\":1,\"hitCount\":false,\"optimizeCountSql\":true,\"orders\":[],\"pages\":1,\"records\":[{\"creatTime\":\"2023-01-08T22:18:52\",\"deleted\":0,\"id\":1,\"idCard\":\"330521200004033012\",\"name\":\"管理员\",\"password\":\"e10adc3949ba59abbe56e057f20f883e\",\"phone\":\"18788555211\",\"status\":1,\"updateTime\":\"2023-01-14T23:28:07\",\"userName\":\"admin\"},{\"creatTime\":\"2023-01-09T22:32:09\",\"deleted\":0,\"id\":2,\"name\":\"测试\",\"password\":\"e10adc3949ba59abbe56e057f20f883e\",\"phone\":\"18755588554\",\"status\":0,\"updateTime\":\"2023-01-10T21:08:06\",\"userName\":\"test2\"},{\"creatTime\":\"2023-01-09T22:32:09\",\"deleted\":0,\"description\":\"测试\",\"id\":3,\"idCard\":\"330521200105033015\",\"name\":\"测试\",\"password\":\"e10adc3949ba59abbe56e057f20f883e\",\"phone\":\"18755588554\",\"status\":1,\"updateTime\":\"2023-01-10T21:08:08\",\"userName\":\"test3\"},{\"creatTime\":\"2023-01-14T23:33:29\",\"deleted\":0,\"id\":7,\"idCard\":\"330521200107043017\",\"name\":\"测试7\",\"password\":\"e10adc3949ba59abbe56e057f20f883e\",\"phone\":\"18768215183\",\"status\":0,\"updateTime\":\"2023-01-14T23:33:29\",\"userName\":\"cs7\"},{\"creatTime\":\"2023-01-31T11:37:50\",\"deleted\":0,\"description\":\"测试前端权限的用户\",\"id\":18,\"idCard\":\"330521200308023015\",\"name\":\"测试前端权限用户\",\"password\":\"e10adc3949ba59abbe56e057f20f883e\",\"phone\":\"18754874511\",\"status\":1,\"updateTime\":\"2023-01-31T11:37:50\",\"userName\":\"fcltest\"}],\"searchCount\":true,\"size\":10,\"total\":5},\"message\":\"操作成功\"}');
INSERT INTO `sys_web_log` VALUES ('查询用户分页及搜索', 'admin', '2023-02-07 22:28:34', 7, 'http://localhost:9000', '/ccmall/sys/sysuser/list', 'http://localhost:9000/ccmall/sys/sysuser/list', 'GET', '127.0.0.1', '{\"keyword\":\"\"}', '{\"code\":200,\"data\":{\"current\":1,\"hitCount\":false,\"optimizeCountSql\":true,\"orders\":[],\"pages\":1,\"records\":[{\"creatTime\":\"2023-01-08T22:18:52\",\"deleted\":0,\"id\":1,\"idCard\":\"330521200004033012\",\"name\":\"管理员\",\"password\":\"e10adc3949ba59abbe56e057f20f883e\",\"phone\":\"18788555211\",\"status\":1,\"updateTime\":\"2023-01-14T23:28:07\",\"userName\":\"admin\"},{\"creatTime\":\"2023-01-09T22:32:09\",\"deleted\":0,\"id\":2,\"name\":\"测试\",\"password\":\"e10adc3949ba59abbe56e057f20f883e\",\"phone\":\"18755588554\",\"status\":0,\"updateTime\":\"2023-01-10T21:08:06\",\"userName\":\"test2\"},{\"creatTime\":\"2023-01-09T22:32:09\",\"deleted\":0,\"description\":\"测试\",\"id\":3,\"idCard\":\"330521200105033015\",\"name\":\"测试\",\"password\":\"e10adc3949ba59abbe56e057f20f883e\",\"phone\":\"18755588554\",\"status\":1,\"updateTime\":\"2023-01-10T21:08:08\",\"userName\":\"test3\"},{\"creatTime\":\"2023-01-14T23:33:29\",\"deleted\":0,\"id\":7,\"idCard\":\"330521200107043017\",\"name\":\"测试7\",\"password\":\"e10adc3949ba59abbe56e057f20f883e\",\"phone\":\"18768215183\",\"status\":0,\"updateTime\":\"2023-01-14T23:33:29\",\"userName\":\"cs7\"},{\"creatTime\":\"2023-01-31T11:37:50\",\"deleted\":0,\"description\":\"测试前端权限的用户\",\"id\":18,\"idCard\":\"330521200308023015\",\"name\":\"测试前端权限用户\",\"password\":\"e10adc3949ba59abbe56e057f20f883e\",\"phone\":\"18754874511\",\"status\":1,\"updateTime\":\"2023-01-31T11:37:50\",\"userName\":\"fcltest\"},{\"creatTime\":\"2023-02-07T22:28:34\",\"deleted\":0,\"description\":\"发发发发发\",\"id\":19,\"idCard\":\"330521200405063015\",\"name\":\"达瓦达瓦\",\"password\":\"e10adc3949ba59abbe56e057f20f883e\",\"phone\":\"18755544112\",\"status\":1,\"updateTime\":\"2023-02-07T22:28:34\",\"userName\":\"tetsddd\"}],\"searchCount\":true,\"size\":10,\"total\":6},\"message\":\"操作成功\"}');
INSERT INTO `sys_web_log` VALUES ('查询用户分页及搜索', 'admin', '2023-02-08 21:42:22', 11, 'http://localhost:9000', '/ccmall/sys/sysuser/list', 'http://localhost:9000/ccmall/sys/sysuser/list', 'GET', '127.0.0.1', '{\"keyword\":\"\"}', '{\"code\":200,\"data\":{\"current\":1,\"hitCount\":false,\"optimizeCountSql\":true,\"orders\":[],\"pages\":1,\"records\":[{\"creatTime\":\"2023-01-08T22:18:52\",\"deleted\":0,\"id\":1,\"idCard\":\"330521200004033012\",\"name\":\"管理员\",\"password\":\"e10adc3949ba59abbe56e057f20f883e\",\"phone\":\"18788555211\",\"status\":1,\"updateTime\":\"2023-01-14T23:28:07\",\"userName\":\"admin\"},{\"creatTime\":\"2023-01-09T22:32:09\",\"deleted\":0,\"id\":2,\"name\":\"测试\",\"password\":\"e10adc3949ba59abbe56e057f20f883e\",\"phone\":\"18755588554\",\"status\":0,\"updateTime\":\"2023-01-10T21:08:06\",\"userName\":\"test2\"},{\"creatTime\":\"2023-01-09T22:32:09\",\"deleted\":0,\"description\":\"测试\",\"id\":3,\"idCard\":\"330521200105033015\",\"name\":\"测试\",\"password\":\"e10adc3949ba59abbe56e057f20f883e\",\"phone\":\"18755588554\",\"status\":1,\"updateTime\":\"2023-01-10T21:08:08\",\"userName\":\"test3\"},{\"creatTime\":\"2023-01-14T23:33:29\",\"deleted\":0,\"id\":7,\"idCard\":\"330521200107043017\",\"name\":\"测试7\",\"password\":\"e10adc3949ba59abbe56e057f20f883e\",\"phone\":\"18768215183\",\"status\":0,\"updateTime\":\"2023-01-14T23:33:29\",\"userName\":\"cs7\"},{\"creatTime\":\"2023-01-31T11:37:50\",\"deleted\":0,\"description\":\"测试前端权限的用户\",\"id\":18,\"idCard\":\"330521200308023015\",\"name\":\"测试前端权限用户\",\"password\":\"e10adc3949ba59abbe56e057f20f883e\",\"phone\":\"18754874511\",\"status\":1,\"updateTime\":\"2023-01-31T11:37:50\",\"userName\":\"fcltest\"},{\"creatTime\":\"2023-02-07T22:28:34\",\"deleted\":0,\"description\":\"发发发发发\",\"id\":19,\"idCard\":\"330521200405063015\",\"name\":\"达瓦达瓦\",\"password\":\"e10adc3949ba59abbe56e057f20f883e\",\"phone\":\"18755544112\",\"status\":1,\"updateTime\":\"2023-02-07T22:28:34\",\"userName\":\"tetsddd\"}],\"searchCount\":true,\"size\":10,\"total\":6},\"message\":\"操作成功\"}');
INSERT INTO `sys_web_log` VALUES ('查询用户分页及搜索', 'admin', '2023-02-08 21:43:15', 6, 'http://localhost:9000', '/ccmall/sys/sysuser/list', 'http://localhost:9000/ccmall/sys/sysuser/list', 'GET', '127.0.0.1', '{\"keyword\":\"\"}', '{\"code\":200,\"data\":{\"current\":1,\"hitCount\":false,\"optimizeCountSql\":true,\"orders\":[],\"pages\":1,\"records\":[{\"creatTime\":\"2023-01-08T22:18:52\",\"deleted\":0,\"id\":1,\"idCard\":\"330521200004033012\",\"name\":\"管理员\",\"password\":\"e10adc3949ba59abbe56e057f20f883e\",\"phone\":\"18788555211\",\"status\":1,\"updateTime\":\"2023-01-14T23:28:07\",\"userName\":\"admin\"},{\"creatTime\":\"2023-01-09T22:32:09\",\"deleted\":0,\"id\":2,\"name\":\"测试\",\"password\":\"e10adc3949ba59abbe56e057f20f883e\",\"phone\":\"18755588554\",\"status\":0,\"updateTime\":\"2023-01-10T21:08:06\",\"userName\":\"test2\"},{\"creatTime\":\"2023-01-09T22:32:09\",\"deleted\":0,\"description\":\"测试\",\"id\":3,\"idCard\":\"330521200105033015\",\"name\":\"测试\",\"password\":\"e10adc3949ba59abbe56e057f20f883e\",\"phone\":\"18755588554\",\"status\":1,\"updateTime\":\"2023-01-10T21:08:08\",\"userName\":\"test3\"},{\"creatTime\":\"2023-01-14T23:33:29\",\"deleted\":0,\"id\":7,\"idCard\":\"330521200107043017\",\"name\":\"测试7\",\"password\":\"e10adc3949ba59abbe56e057f20f883e\",\"phone\":\"18768215183\",\"status\":0,\"updateTime\":\"2023-01-14T23:33:29\",\"userName\":\"cs7\"},{\"creatTime\":\"2023-01-31T11:37:50\",\"deleted\":0,\"description\":\"测试前端权限的用户\",\"id\":18,\"idCard\":\"330521200308023015\",\"name\":\"测试前端权限用户\",\"password\":\"e10adc3949ba59abbe56e057f20f883e\",\"phone\":\"18754874511\",\"status\":1,\"updateTime\":\"2023-01-31T11:37:50\",\"userName\":\"fcltest\"},{\"creatTime\":\"2023-02-07T22:28:34\",\"deleted\":0,\"description\":\"发发发发发\",\"id\":19,\"idCard\":\"330521200405063015\",\"name\":\"达瓦达瓦\",\"password\":\"e10adc3949ba59abbe56e057f20f883e\",\"phone\":\"18755544112\",\"status\":1,\"updateTime\":\"2023-02-07T22:28:34\",\"userName\":\"tetsddd\"}],\"searchCount\":true,\"size\":10,\"total\":6},\"message\":\"操作成功\"}');
INSERT INTO `sys_web_log` VALUES ('查询用户分页及搜索', 'admin', '2023-02-08 21:44:44', 10, 'http://localhost:9000', '/ccmall/sys/sysuser/list', 'http://localhost:9000/ccmall/sys/sysuser/list', 'GET', '127.0.0.1', '{\"keyword\":\"\"}', '{\"code\":200,\"data\":{\"current\":1,\"hitCount\":false,\"optimizeCountSql\":true,\"orders\":[],\"pages\":1,\"records\":[{\"creatTime\":\"2023-01-08T22:18:52\",\"deleted\":0,\"id\":1,\"idCard\":\"330521200004033012\",\"name\":\"管理员\",\"password\":\"e10adc3949ba59abbe56e057f20f883e\",\"phone\":\"18788555211\",\"status\":1,\"updateTime\":\"2023-01-14T23:28:07\",\"userName\":\"admin\"},{\"creatTime\":\"2023-01-09T22:32:09\",\"deleted\":0,\"id\":2,\"name\":\"测试\",\"password\":\"e10adc3949ba59abbe56e057f20f883e\",\"phone\":\"18755588554\",\"status\":0,\"updateTime\":\"2023-01-10T21:08:06\",\"userName\":\"test2\"},{\"creatTime\":\"2023-01-09T22:32:09\",\"deleted\":0,\"description\":\"测试\",\"id\":3,\"idCard\":\"330521200105033015\",\"name\":\"测试\",\"password\":\"e10adc3949ba59abbe56e057f20f883e\",\"phone\":\"18755588554\",\"status\":1,\"updateTime\":\"2023-01-10T21:08:08\",\"userName\":\"test3\"},{\"creatTime\":\"2023-01-14T23:33:29\",\"deleted\":0,\"id\":7,\"idCard\":\"330521200107043017\",\"name\":\"测试7\",\"password\":\"e10adc3949ba59abbe56e057f20f883e\",\"phone\":\"18768215183\",\"status\":0,\"updateTime\":\"2023-01-14T23:33:29\",\"userName\":\"cs7\"},{\"creatTime\":\"2023-01-31T11:37:50\",\"deleted\":0,\"description\":\"测试前端权限的用户\",\"id\":18,\"idCard\":\"330521200308023015\",\"name\":\"测试前端权限用户\",\"password\":\"e10adc3949ba59abbe56e057f20f883e\",\"phone\":\"18754874511\",\"status\":1,\"updateTime\":\"2023-01-31T11:37:50\",\"userName\":\"fcltest\"},{\"creatTime\":\"2023-02-07T22:28:34\",\"deleted\":0,\"description\":\"发发发发发\",\"id\":19,\"idCard\":\"330521200405063015\",\"name\":\"达瓦达瓦\",\"password\":\"e10adc3949ba59abbe56e057f20f883e\",\"phone\":\"18755544112\",\"status\":1,\"updateTime\":\"2023-02-07T22:28:34\",\"userName\":\"tetsddd\"}],\"searchCount\":true,\"size\":10,\"total\":6},\"message\":\"操作成功\"}');
INSERT INTO `sys_web_log` VALUES ('查询用户分页及搜索', 'admin', '2023-02-08 22:08:13', 12, 'http://localhost:9000', '/ccmall/sys/sysuser/list', 'http://localhost:9000/ccmall/sys/sysuser/list', 'GET', '127.0.0.1', '{\"keyword\":\"\"}', '{\"code\":200,\"data\":{\"current\":1,\"hitCount\":false,\"optimizeCountSql\":true,\"orders\":[],\"pages\":1,\"records\":[{\"creatTime\":\"2023-01-08T22:18:52\",\"deleted\":0,\"id\":1,\"idCard\":\"330521200004033012\",\"name\":\"管理员\",\"password\":\"e10adc3949ba59abbe56e057f20f883e\",\"phone\":\"18788555211\",\"status\":1,\"updateTime\":\"2023-01-14T23:28:07\",\"userName\":\"admin\"},{\"creatTime\":\"2023-01-09T22:32:09\",\"deleted\":0,\"id\":2,\"name\":\"测试\",\"password\":\"e10adc3949ba59abbe56e057f20f883e\",\"phone\":\"18755588554\",\"status\":0,\"updateTime\":\"2023-01-10T21:08:06\",\"userName\":\"test2\"},{\"creatTime\":\"2023-01-09T22:32:09\",\"deleted\":0,\"description\":\"测试\",\"id\":3,\"idCard\":\"330521200105033015\",\"name\":\"测试\",\"password\":\"e10adc3949ba59abbe56e057f20f883e\",\"phone\":\"18755588554\",\"status\":1,\"updateTime\":\"2023-01-10T21:08:08\",\"userName\":\"test3\"},{\"creatTime\":\"2023-01-14T23:33:29\",\"deleted\":0,\"id\":7,\"idCard\":\"330521200107043017\",\"name\":\"测试7\",\"password\":\"e10adc3949ba59abbe56e057f20f883e\",\"phone\":\"18768215183\",\"status\":0,\"updateTime\":\"2023-01-14T23:33:29\",\"userName\":\"cs7\"},{\"creatTime\":\"2023-01-31T11:37:50\",\"deleted\":0,\"description\":\"测试前端权限的用户\",\"id\":18,\"idCard\":\"330521200308023015\",\"name\":\"测试前端权限用户\",\"password\":\"e10adc3949ba59abbe56e057f20f883e\",\"phone\":\"18754874511\",\"status\":1,\"updateTime\":\"2023-01-31T11:37:50\",\"userName\":\"fcltest\"},{\"creatTime\":\"2023-02-07T22:28:34\",\"deleted\":0,\"description\":\"发发发发发\",\"id\":19,\"idCard\":\"330521200405063015\",\"name\":\"达瓦达瓦\",\"password\":\"e10adc3949ba59abbe56e057f20f883e\",\"phone\":\"18755544112\",\"status\":1,\"updateTime\":\"2023-02-07T22:28:34\",\"userName\":\"tetsddd\"}],\"searchCount\":true,\"size\":10,\"total\":6},\"message\":\"操作成功\"}');
INSERT INTO `sys_web_log` VALUES ('查询用户分页及搜索', 'admin', '2023-02-08 22:10:11', 12, 'http://localhost:9000', '/ccmall/sys/sysuser/list', 'http://localhost:9000/ccmall/sys/sysuser/list', 'GET', '127.0.0.1', '{\"keyword\":\"\"}', '{\"code\":200,\"data\":{\"current\":1,\"hitCount\":false,\"optimizeCountSql\":true,\"orders\":[],\"pages\":1,\"records\":[{\"creatTime\":\"2023-01-08T22:18:52\",\"deleted\":0,\"id\":1,\"idCard\":\"330521200004033012\",\"name\":\"管理员\",\"password\":\"e10adc3949ba59abbe56e057f20f883e\",\"phone\":\"18788555211\",\"status\":1,\"updateTime\":\"2023-01-14T23:28:07\",\"userName\":\"admin\"},{\"creatTime\":\"2023-01-09T22:32:09\",\"deleted\":0,\"id\":2,\"name\":\"测试\",\"password\":\"e10adc3949ba59abbe56e057f20f883e\",\"phone\":\"18755588554\",\"status\":0,\"updateTime\":\"2023-01-10T21:08:06\",\"userName\":\"test2\"},{\"creatTime\":\"2023-01-09T22:32:09\",\"deleted\":0,\"description\":\"测试\",\"id\":3,\"idCard\":\"330521200105033015\",\"name\":\"测试\",\"password\":\"e10adc3949ba59abbe56e057f20f883e\",\"phone\":\"18755588554\",\"status\":1,\"updateTime\":\"2023-01-10T21:08:08\",\"userName\":\"test3\"},{\"creatTime\":\"2023-01-14T23:33:29\",\"deleted\":0,\"id\":7,\"idCard\":\"330521200107043017\",\"name\":\"测试7\",\"password\":\"e10adc3949ba59abbe56e057f20f883e\",\"phone\":\"18768215183\",\"status\":0,\"updateTime\":\"2023-01-14T23:33:29\",\"userName\":\"cs7\"},{\"creatTime\":\"2023-01-31T11:37:50\",\"deleted\":0,\"description\":\"测试前端权限的用户\",\"id\":18,\"idCard\":\"330521200308023015\",\"name\":\"测试前端权限用户\",\"password\":\"e10adc3949ba59abbe56e057f20f883e\",\"phone\":\"18754874511\",\"status\":1,\"updateTime\":\"2023-01-31T11:37:50\",\"userName\":\"fcltest\"},{\"creatTime\":\"2023-02-07T22:28:34\",\"deleted\":0,\"description\":\"发发发发发\",\"id\":19,\"idCard\":\"330521200405063015\",\"name\":\"达瓦达瓦\",\"password\":\"e10adc3949ba59abbe56e057f20f883e\",\"phone\":\"18755544112\",\"status\":1,\"updateTime\":\"2023-02-07T22:28:34\",\"userName\":\"tetsddd\"}],\"searchCount\":true,\"size\":10,\"total\":6},\"message\":\"操作成功\"}');
INSERT INTO `sys_web_log` VALUES ('查询用户分页及搜索', 'admin', '2023-02-08 22:23:13', 7, 'http://localhost:9000', '/ccmall/sys/sysuser/list', 'http://localhost:9000/ccmall/sys/sysuser/list', 'GET', '127.0.0.1', '{\"keyword\":\"\"}', '{\"code\":200,\"data\":{\"current\":1,\"hitCount\":false,\"optimizeCountSql\":true,\"orders\":[],\"pages\":1,\"records\":[{\"creatTime\":\"2023-01-08T22:18:52\",\"deleted\":0,\"id\":1,\"idCard\":\"330521200004033012\",\"name\":\"管理员\",\"password\":\"e10adc3949ba59abbe56e057f20f883e\",\"phone\":\"18788555211\",\"status\":1,\"updateTime\":\"2023-01-14T23:28:07\",\"userName\":\"admin\"},{\"creatTime\":\"2023-01-09T22:32:09\",\"deleted\":0,\"id\":2,\"name\":\"测试\",\"password\":\"e10adc3949ba59abbe56e057f20f883e\",\"phone\":\"18755588554\",\"status\":0,\"updateTime\":\"2023-01-10T21:08:06\",\"userName\":\"test2\"},{\"creatTime\":\"2023-01-09T22:32:09\",\"deleted\":0,\"description\":\"测试\",\"id\":3,\"idCard\":\"330521200105033015\",\"name\":\"测试\",\"password\":\"e10adc3949ba59abbe56e057f20f883e\",\"phone\":\"18755588554\",\"status\":1,\"updateTime\":\"2023-01-10T21:08:08\",\"userName\":\"test3\"},{\"creatTime\":\"2023-01-14T23:33:29\",\"deleted\":0,\"id\":7,\"idCard\":\"330521200107043017\",\"name\":\"测试7\",\"password\":\"e10adc3949ba59abbe56e057f20f883e\",\"phone\":\"18768215183\",\"status\":0,\"updateTime\":\"2023-01-14T23:33:29\",\"userName\":\"cs7\"},{\"creatTime\":\"2023-01-31T11:37:50\",\"deleted\":0,\"description\":\"测试前端权限的用户\",\"id\":18,\"idCard\":\"330521200308023015\",\"name\":\"测试前端权限用户\",\"password\":\"e10adc3949ba59abbe56e057f20f883e\",\"phone\":\"18754874511\",\"status\":1,\"updateTime\":\"2023-01-31T11:37:50\",\"userName\":\"fcltest\"},{\"creatTime\":\"2023-02-07T22:28:34\",\"deleted\":0,\"description\":\"发发发发发\",\"id\":19,\"idCard\":\"330521200405063015\",\"name\":\"达瓦达瓦\",\"password\":\"e10adc3949ba59abbe56e057f20f883e\",\"phone\":\"18755544112\",\"status\":1,\"updateTime\":\"2023-02-07T22:28:34\",\"userName\":\"tetsddd\"}],\"searchCount\":true,\"size\":10,\"total\":6},\"message\":\"操作成功\"}');
INSERT INTO `sys_web_log` VALUES ('查询用户分页及搜索', 'admin', '2023-02-15 21:23:20', 41, 'http://localhost:9000', '/ccmall/sys/sysuser/list', 'http://localhost:9000/ccmall/sys/sysuser/list', 'GET', '127.0.0.1', '{\"keyword\":\"\"}', '{\"code\":200,\"data\":{\"current\":1,\"hitCount\":false,\"optimizeCountSql\":true,\"orders\":[],\"pages\":1,\"records\":[{\"creatTime\":\"2023-01-08T22:18:52\",\"deleted\":0,\"id\":1,\"idCard\":\"330521200004033012\",\"name\":\"管理员\",\"password\":\"e10adc3949ba59abbe56e057f20f883e\",\"phone\":\"18788555211\",\"status\":1,\"updateTime\":\"2023-01-14T23:28:07\",\"userName\":\"admin\"},{\"creatTime\":\"2023-01-09T22:32:09\",\"deleted\":0,\"id\":2,\"name\":\"测试\",\"password\":\"e10adc3949ba59abbe56e057f20f883e\",\"phone\":\"18755588554\",\"status\":0,\"updateTime\":\"2023-01-10T21:08:06\",\"userName\":\"test2\"},{\"creatTime\":\"2023-01-09T22:32:09\",\"deleted\":0,\"description\":\"测试\",\"id\":3,\"idCard\":\"330521200105033015\",\"name\":\"测试\",\"password\":\"e10adc3949ba59abbe56e057f20f883e\",\"phone\":\"18755588554\",\"status\":1,\"updateTime\":\"2023-01-10T21:08:08\",\"userName\":\"test3\"},{\"creatTime\":\"2023-01-14T23:33:29\",\"deleted\":0,\"id\":7,\"idCard\":\"330521200107043017\",\"name\":\"测试7\",\"password\":\"e10adc3949ba59abbe56e057f20f883e\",\"phone\":\"18768215183\",\"status\":0,\"updateTime\":\"2023-01-14T23:33:29\",\"userName\":\"cs7\"},{\"creatTime\":\"2023-01-31T11:37:50\",\"deleted\":0,\"description\":\"测试前端权限的用户\",\"id\":18,\"idCard\":\"330521200308023015\",\"name\":\"测试前端权限用户\",\"password\":\"e10adc3949ba59abbe56e057f20f883e\",\"phone\":\"18754874511\",\"status\":1,\"updateTime\":\"2023-01-31T11:37:50\",\"userName\":\"fcltest\"},{\"creatTime\":\"2023-02-07T22:28:34\",\"deleted\":0,\"description\":\"发发发发发\",\"id\":19,\"idCard\":\"330521200405063015\",\"name\":\"达瓦达瓦\",\"password\":\"e10adc3949ba59abbe56e057f20f883e\",\"phone\":\"18755544112\",\"status\":1,\"updateTime\":\"2023-02-07T22:28:34\",\"userName\":\"tetsddd\"}],\"searchCount\":true,\"size\":10,\"total\":6},\"message\":\"操作成功\"}');
INSERT INTO `sys_web_log` VALUES ('查询用户分页及搜索', 'admin', '2023-02-15 21:23:25', 6, 'http://localhost:9000', '/ccmall/sys/sysuser/list', 'http://localhost:9000/ccmall/sys/sysuser/list', 'GET', '127.0.0.1', '{\"keyword\":\"\"}', '{\"code\":200,\"data\":{\"current\":1,\"hitCount\":false,\"optimizeCountSql\":true,\"orders\":[],\"pages\":1,\"records\":[{\"creatTime\":\"2023-01-08T22:18:52\",\"deleted\":0,\"id\":1,\"idCard\":\"330521200004033012\",\"name\":\"管理员\",\"password\":\"e10adc3949ba59abbe56e057f20f883e\",\"phone\":\"18788555211\",\"status\":1,\"updateTime\":\"2023-01-14T23:28:07\",\"userName\":\"admin\"},{\"creatTime\":\"2023-01-09T22:32:09\",\"deleted\":0,\"id\":2,\"name\":\"测试\",\"password\":\"e10adc3949ba59abbe56e057f20f883e\",\"phone\":\"18755588554\",\"status\":0,\"updateTime\":\"2023-01-10T21:08:06\",\"userName\":\"test2\"},{\"creatTime\":\"2023-01-09T22:32:09\",\"deleted\":0,\"description\":\"测试\",\"id\":3,\"idCard\":\"330521200105033015\",\"name\":\"测试\",\"password\":\"e10adc3949ba59abbe56e057f20f883e\",\"phone\":\"18755588554\",\"status\":1,\"updateTime\":\"2023-01-10T21:08:08\",\"userName\":\"test3\"},{\"creatTime\":\"2023-01-14T23:33:29\",\"deleted\":0,\"id\":7,\"idCard\":\"330521200107043017\",\"name\":\"测试7\",\"password\":\"e10adc3949ba59abbe56e057f20f883e\",\"phone\":\"18768215183\",\"status\":0,\"updateTime\":\"2023-01-14T23:33:29\",\"userName\":\"cs7\"},{\"creatTime\":\"2023-01-31T11:37:50\",\"deleted\":0,\"description\":\"测试前端权限的用户\",\"id\":18,\"idCard\":\"330521200308023015\",\"name\":\"测试前端权限用户\",\"password\":\"e10adc3949ba59abbe56e057f20f883e\",\"phone\":\"18754874511\",\"status\":1,\"updateTime\":\"2023-01-31T11:37:50\",\"userName\":\"fcltest\"},{\"creatTime\":\"2023-02-07T22:28:34\",\"deleted\":0,\"description\":\"发发发发发\",\"id\":19,\"idCard\":\"330521200405063015\",\"name\":\"达瓦达瓦\",\"password\":\"e10adc3949ba59abbe56e057f20f883e\",\"phone\":\"18755544112\",\"status\":1,\"updateTime\":\"2023-02-07T22:28:34\",\"userName\":\"tetsddd\"}],\"searchCount\":true,\"size\":10,\"total\":6},\"message\":\"操作成功\"}');
INSERT INTO `sys_web_log` VALUES ('查询用户分页及搜索', 'admin', '2023-02-15 21:23:40', 8, 'http://localhost:9000', '/ccmall/sys/sysuser/list', 'http://localhost:9000/ccmall/sys/sysuser/list', 'GET', '127.0.0.1', '{\"keyword\":\"\"}', '{\"code\":200,\"data\":{\"current\":1,\"hitCount\":false,\"optimizeCountSql\":true,\"orders\":[],\"pages\":1,\"records\":[{\"creatTime\":\"2023-01-08T22:18:52\",\"deleted\":0,\"id\":1,\"idCard\":\"330521200004033012\",\"name\":\"管理员\",\"password\":\"e10adc3949ba59abbe56e057f20f883e\",\"phone\":\"18788555211\",\"status\":1,\"updateTime\":\"2023-01-14T23:28:07\",\"userName\":\"admin\"},{\"creatTime\":\"2023-01-09T22:32:09\",\"deleted\":0,\"id\":2,\"name\":\"测试\",\"password\":\"e10adc3949ba59abbe56e057f20f883e\",\"phone\":\"18755588554\",\"status\":0,\"updateTime\":\"2023-01-10T21:08:06\",\"userName\":\"test2\"},{\"creatTime\":\"2023-01-09T22:32:09\",\"deleted\":0,\"description\":\"测试\",\"id\":3,\"idCard\":\"330521200105033015\",\"name\":\"测试\",\"password\":\"e10adc3949ba59abbe56e057f20f883e\",\"phone\":\"18755588554\",\"status\":1,\"updateTime\":\"2023-01-10T21:08:08\",\"userName\":\"test3\"},{\"creatTime\":\"2023-01-14T23:33:29\",\"deleted\":0,\"id\":7,\"idCard\":\"330521200107043017\",\"name\":\"测试7\",\"password\":\"e10adc3949ba59abbe56e057f20f883e\",\"phone\":\"18768215183\",\"status\":0,\"updateTime\":\"2023-01-14T23:33:29\",\"userName\":\"cs7\"},{\"creatTime\":\"2023-01-31T11:37:50\",\"deleted\":0,\"description\":\"测试前端权限的用户\",\"id\":18,\"idCard\":\"330521200308023015\",\"name\":\"测试前端权限用户\",\"password\":\"e10adc3949ba59abbe56e057f20f883e\",\"phone\":\"18754874511\",\"status\":1,\"updateTime\":\"2023-01-31T11:37:50\",\"userName\":\"fcltest\"},{\"creatTime\":\"2023-02-07T22:28:34\",\"deleted\":0,\"description\":\"发发发发发\",\"id\":19,\"idCard\":\"330521200405063015\",\"name\":\"达瓦达瓦\",\"password\":\"e10adc3949ba59abbe56e057f20f883e\",\"phone\":\"18755544112\",\"status\":1,\"updateTime\":\"2023-02-07T22:28:34\",\"userName\":\"tetsddd\"}],\"searchCount\":true,\"size\":10,\"total\":6},\"message\":\"操作成功\"}');
INSERT INTO `sys_web_log` VALUES ('查询用户分页及搜索', 'admin', '2023-02-15 21:25:03', 5, 'http://localhost:9000', '/ccmall/sys/sysuser/list', 'http://localhost:9000/ccmall/sys/sysuser/list', 'GET', '127.0.0.1', '{\"keyword\":\"\"}', '{\"code\":200,\"data\":{\"current\":1,\"hitCount\":false,\"optimizeCountSql\":true,\"orders\":[],\"pages\":1,\"records\":[{\"creatTime\":\"2023-01-08T22:18:52\",\"deleted\":0,\"id\":1,\"idCard\":\"330521200004033012\",\"name\":\"管理员\",\"password\":\"e10adc3949ba59abbe56e057f20f883e\",\"phone\":\"18788555211\",\"status\":1,\"updateTime\":\"2023-01-14T23:28:07\",\"userName\":\"admin\"},{\"creatTime\":\"2023-01-09T22:32:09\",\"deleted\":0,\"id\":2,\"name\":\"测试\",\"password\":\"e10adc3949ba59abbe56e057f20f883e\",\"phone\":\"18755588554\",\"status\":0,\"updateTime\":\"2023-01-10T21:08:06\",\"userName\":\"test2\"},{\"creatTime\":\"2023-01-09T22:32:09\",\"deleted\":0,\"description\":\"测试\",\"id\":3,\"idCard\":\"330521200105033015\",\"name\":\"测试\",\"password\":\"e10adc3949ba59abbe56e057f20f883e\",\"phone\":\"18755588554\",\"status\":1,\"updateTime\":\"2023-01-10T21:08:08\",\"userName\":\"test3\"},{\"creatTime\":\"2023-01-14T23:33:29\",\"deleted\":0,\"id\":7,\"idCard\":\"330521200107043017\",\"name\":\"测试7\",\"password\":\"e10adc3949ba59abbe56e057f20f883e\",\"phone\":\"18768215183\",\"status\":0,\"updateTime\":\"2023-01-14T23:33:29\",\"userName\":\"cs7\"},{\"creatTime\":\"2023-01-31T11:37:50\",\"deleted\":0,\"description\":\"测试前端权限的用户\",\"id\":18,\"idCard\":\"330521200308023015\",\"name\":\"测试前端权限用户\",\"password\":\"e10adc3949ba59abbe56e057f20f883e\",\"phone\":\"18754874511\",\"status\":1,\"updateTime\":\"2023-01-31T11:37:50\",\"userName\":\"fcltest\"},{\"creatTime\":\"2023-02-07T22:28:34\",\"deleted\":0,\"description\":\"发发发发发\",\"id\":19,\"idCard\":\"330521200405063015\",\"name\":\"达瓦达瓦\",\"password\":\"e10adc3949ba59abbe56e057f20f883e\",\"phone\":\"18755544112\",\"status\":1,\"updateTime\":\"2023-02-07T22:28:34\",\"userName\":\"tetsddd\"}],\"searchCount\":true,\"size\":10,\"total\":6},\"message\":\"操作成功\"}');
INSERT INTO `sys_web_log` VALUES ('查询用户分页及搜索', 'admin', '2023-02-15 21:25:06', 4, 'http://localhost:9000', '/ccmall/sys/sysuser/list', 'http://localhost:9000/ccmall/sys/sysuser/list', 'GET', '127.0.0.1', '{\"keyword\":\"\"}', '{\"code\":200,\"data\":{\"current\":1,\"hitCount\":false,\"optimizeCountSql\":true,\"orders\":[],\"pages\":1,\"records\":[{\"creatTime\":\"2023-01-08T22:18:52\",\"deleted\":0,\"id\":1,\"idCard\":\"330521200004033012\",\"name\":\"管理员\",\"password\":\"e10adc3949ba59abbe56e057f20f883e\",\"phone\":\"18788555211\",\"status\":1,\"updateTime\":\"2023-01-14T23:28:07\",\"userName\":\"admin\"},{\"creatTime\":\"2023-01-09T22:32:09\",\"deleted\":0,\"id\":2,\"name\":\"测试\",\"password\":\"e10adc3949ba59abbe56e057f20f883e\",\"phone\":\"18755588554\",\"status\":0,\"updateTime\":\"2023-01-10T21:08:06\",\"userName\":\"test2\"},{\"creatTime\":\"2023-01-09T22:32:09\",\"deleted\":0,\"description\":\"测试\",\"id\":3,\"idCard\":\"330521200105033015\",\"name\":\"测试\",\"password\":\"e10adc3949ba59abbe56e057f20f883e\",\"phone\":\"18755588554\",\"status\":1,\"updateTime\":\"2023-01-10T21:08:08\",\"userName\":\"test3\"},{\"creatTime\":\"2023-01-14T23:33:29\",\"deleted\":0,\"id\":7,\"idCard\":\"330521200107043017\",\"name\":\"测试7\",\"password\":\"e10adc3949ba59abbe56e057f20f883e\",\"phone\":\"18768215183\",\"status\":0,\"updateTime\":\"2023-01-14T23:33:29\",\"userName\":\"cs7\"},{\"creatTime\":\"2023-01-31T11:37:50\",\"deleted\":0,\"description\":\"测试前端权限的用户\",\"id\":18,\"idCard\":\"330521200308023015\",\"name\":\"测试前端权限用户\",\"password\":\"e10adc3949ba59abbe56e057f20f883e\",\"phone\":\"18754874511\",\"status\":1,\"updateTime\":\"2023-01-31T11:37:50\",\"userName\":\"fcltest\"},{\"creatTime\":\"2023-02-07T22:28:34\",\"deleted\":0,\"description\":\"发发发发发\",\"id\":19,\"idCard\":\"330521200405063015\",\"name\":\"达瓦达瓦\",\"password\":\"e10adc3949ba59abbe56e057f20f883e\",\"phone\":\"18755544112\",\"status\":1,\"updateTime\":\"2023-02-07T22:28:34\",\"userName\":\"tetsddd\"}],\"searchCount\":true,\"size\":10,\"total\":6},\"message\":\"操作成功\"}');
INSERT INTO `sys_web_log` VALUES ('查询用户分页及搜索', 'admin', '2023-02-15 21:40:33', 4, 'http://localhost:9000', '/ccmall/sys/sysuser/list', 'http://localhost:9000/ccmall/sys/sysuser/list', 'GET', '127.0.0.1', '{\"keyword\":\"\"}', '{\"code\":200,\"data\":{\"current\":1,\"hitCount\":false,\"optimizeCountSql\":true,\"orders\":[],\"pages\":1,\"records\":[{\"creatTime\":\"2023-01-08T22:18:52\",\"deleted\":0,\"id\":1,\"idCard\":\"330521200004033012\",\"name\":\"管理员\",\"password\":\"e10adc3949ba59abbe56e057f20f883e\",\"phone\":\"18788555211\",\"status\":1,\"updateTime\":\"2023-01-14T23:28:07\",\"userName\":\"admin\"},{\"creatTime\":\"2023-01-09T22:32:09\",\"deleted\":0,\"id\":2,\"name\":\"测试\",\"password\":\"e10adc3949ba59abbe56e057f20f883e\",\"phone\":\"18755588554\",\"status\":0,\"updateTime\":\"2023-01-10T21:08:06\",\"userName\":\"test2\"},{\"creatTime\":\"2023-01-09T22:32:09\",\"deleted\":0,\"description\":\"测试\",\"id\":3,\"idCard\":\"330521200105033015\",\"name\":\"测试\",\"password\":\"e10adc3949ba59abbe56e057f20f883e\",\"phone\":\"18755588554\",\"status\":1,\"updateTime\":\"2023-01-10T21:08:08\",\"userName\":\"test3\"},{\"creatTime\":\"2023-01-14T23:33:29\",\"deleted\":0,\"id\":7,\"idCard\":\"330521200107043017\",\"name\":\"测试7\",\"password\":\"e10adc3949ba59abbe56e057f20f883e\",\"phone\":\"18768215183\",\"status\":0,\"updateTime\":\"2023-01-14T23:33:29\",\"userName\":\"cs7\"},{\"creatTime\":\"2023-01-31T11:37:50\",\"deleted\":0,\"description\":\"测试前端权限的用户\",\"id\":18,\"idCard\":\"330521200308023015\",\"name\":\"测试前端权限用户\",\"password\":\"e10adc3949ba59abbe56e057f20f883e\",\"phone\":\"18754874511\",\"status\":1,\"updateTime\":\"2023-01-31T11:37:50\",\"userName\":\"fcltest\"},{\"creatTime\":\"2023-02-07T22:28:34\",\"deleted\":0,\"description\":\"发发发发发\",\"id\":19,\"idCard\":\"330521200405063015\",\"name\":\"达瓦达瓦\",\"password\":\"e10adc3949ba59abbe56e057f20f883e\",\"phone\":\"18755544112\",\"status\":1,\"updateTime\":\"2023-02-07T22:28:34\",\"userName\":\"tetsddd\"}],\"searchCount\":true,\"size\":10,\"total\":6},\"message\":\"操作成功\"}');
INSERT INTO `sys_web_log` VALUES ('查询用户分页及搜索', 'admin', '2023-02-15 22:31:22', 5, 'http://localhost:9000', '/ccmall/sys/sysuser/list', 'http://localhost:9000/ccmall/sys/sysuser/list', 'GET', '127.0.0.1', '{\"keyword\":\"\"}', '{\"code\":200,\"data\":{\"current\":1,\"hitCount\":false,\"optimizeCountSql\":true,\"orders\":[],\"pages\":1,\"records\":[{\"creatTime\":\"2023-01-08T22:18:52\",\"deleted\":0,\"id\":1,\"idCard\":\"330521200004033012\",\"name\":\"管理员\",\"password\":\"e10adc3949ba59abbe56e057f20f883e\",\"phone\":\"18788555211\",\"status\":1,\"updateTime\":\"2023-01-14T23:28:07\",\"userName\":\"admin\"},{\"creatTime\":\"2023-01-09T22:32:09\",\"deleted\":0,\"id\":2,\"name\":\"测试\",\"password\":\"e10adc3949ba59abbe56e057f20f883e\",\"phone\":\"18755588554\",\"status\":0,\"updateTime\":\"2023-01-10T21:08:06\",\"userName\":\"test2\"},{\"creatTime\":\"2023-01-09T22:32:09\",\"deleted\":0,\"description\":\"测试\",\"id\":3,\"idCard\":\"330521200105033015\",\"name\":\"测试\",\"password\":\"e10adc3949ba59abbe56e057f20f883e\",\"phone\":\"18755588554\",\"status\":1,\"updateTime\":\"2023-01-10T21:08:08\",\"userName\":\"test3\"},{\"creatTime\":\"2023-01-14T23:33:29\",\"deleted\":0,\"id\":7,\"idCard\":\"330521200107043017\",\"name\":\"测试7\",\"password\":\"e10adc3949ba59abbe56e057f20f883e\",\"phone\":\"18768215183\",\"status\":0,\"updateTime\":\"2023-01-14T23:33:29\",\"userName\":\"cs7\"},{\"creatTime\":\"2023-01-31T11:37:50\",\"deleted\":0,\"description\":\"测试前端权限的用户\",\"id\":18,\"idCard\":\"330521200308023015\",\"name\":\"测试前端权限用户\",\"password\":\"e10adc3949ba59abbe56e057f20f883e\",\"phone\":\"18754874511\",\"status\":1,\"updateTime\":\"2023-01-31T11:37:50\",\"userName\":\"fcltest\"},{\"creatTime\":\"2023-02-07T22:28:34\",\"deleted\":0,\"description\":\"发发发发发\",\"id\":19,\"idCard\":\"330521200405063015\",\"name\":\"达瓦达瓦\",\"password\":\"e10adc3949ba59abbe56e057f20f883e\",\"phone\":\"18755544112\",\"status\":1,\"updateTime\":\"2023-02-07T22:28:34\",\"userName\":\"tetsddd\"}],\"searchCount\":true,\"size\":10,\"total\":6},\"message\":\"操作成功\"}');
INSERT INTO `sys_web_log` VALUES ('查询用户分页及搜索', 'admin', '2023-02-15 22:33:23', 5, 'http://localhost:9000', '/ccmall/sys/sysuser/list', 'http://localhost:9000/ccmall/sys/sysuser/list', 'GET', '127.0.0.1', '{\"keyword\":\"\"}', '{\"code\":200,\"data\":{\"current\":1,\"hitCount\":false,\"optimizeCountSql\":true,\"orders\":[],\"pages\":1,\"records\":[{\"creatTime\":\"2023-01-08T22:18:52\",\"deleted\":0,\"id\":1,\"idCard\":\"330521200004033012\",\"name\":\"管理员\",\"password\":\"e10adc3949ba59abbe56e057f20f883e\",\"phone\":\"18788555211\",\"status\":1,\"updateTime\":\"2023-01-14T23:28:07\",\"userName\":\"admin\"},{\"creatTime\":\"2023-01-09T22:32:09\",\"deleted\":0,\"id\":2,\"name\":\"测试\",\"password\":\"e10adc3949ba59abbe56e057f20f883e\",\"phone\":\"18755588554\",\"status\":0,\"updateTime\":\"2023-01-10T21:08:06\",\"userName\":\"test2\"},{\"creatTime\":\"2023-01-09T22:32:09\",\"deleted\":0,\"description\":\"测试\",\"id\":3,\"idCard\":\"330521200105033015\",\"name\":\"测试\",\"password\":\"e10adc3949ba59abbe56e057f20f883e\",\"phone\":\"18755588554\",\"status\":1,\"updateTime\":\"2023-01-10T21:08:08\",\"userName\":\"test3\"},{\"creatTime\":\"2023-01-14T23:33:29\",\"deleted\":0,\"id\":7,\"idCard\":\"330521200107043017\",\"name\":\"测试7\",\"password\":\"e10adc3949ba59abbe56e057f20f883e\",\"phone\":\"18768215183\",\"status\":0,\"updateTime\":\"2023-01-14T23:33:29\",\"userName\":\"cs7\"},{\"creatTime\":\"2023-01-31T11:37:50\",\"deleted\":0,\"description\":\"测试前端权限的用户\",\"id\":18,\"idCard\":\"330521200308023015\",\"name\":\"测试前端权限用户\",\"password\":\"e10adc3949ba59abbe56e057f20f883e\",\"phone\":\"18754874511\",\"status\":1,\"updateTime\":\"2023-01-31T11:37:50\",\"userName\":\"fcltest\"},{\"creatTime\":\"2023-02-07T22:28:34\",\"deleted\":0,\"description\":\"发发发发发\",\"id\":19,\"idCard\":\"330521200405063015\",\"name\":\"达瓦达瓦\",\"password\":\"e10adc3949ba59abbe56e057f20f883e\",\"phone\":\"18755544112\",\"status\":1,\"updateTime\":\"2023-02-07T22:28:34\",\"userName\":\"tetsddd\"}],\"searchCount\":true,\"size\":10,\"total\":6},\"message\":\"操作成功\"}');
INSERT INTO `sys_web_log` VALUES ('查询用户分页及搜索', 'admin', '2023-02-15 22:33:35', 5, 'http://localhost:9000', '/ccmall/sys/sysuser/list', 'http://localhost:9000/ccmall/sys/sysuser/list', 'GET', '127.0.0.1', '{\"keyword\":\"\"}', '{\"code\":200,\"data\":{\"current\":1,\"hitCount\":false,\"optimizeCountSql\":true,\"orders\":[],\"pages\":1,\"records\":[{\"creatTime\":\"2023-01-08T22:18:52\",\"deleted\":0,\"id\":1,\"idCard\":\"330521200004033012\",\"name\":\"管理员\",\"password\":\"e10adc3949ba59abbe56e057f20f883e\",\"phone\":\"18788555211\",\"status\":1,\"updateTime\":\"2023-01-14T23:28:07\",\"userName\":\"admin\"},{\"creatTime\":\"2023-01-09T22:32:09\",\"deleted\":0,\"id\":2,\"name\":\"测试\",\"password\":\"e10adc3949ba59abbe56e057f20f883e\",\"phone\":\"18755588554\",\"status\":0,\"updateTime\":\"2023-01-10T21:08:06\",\"userName\":\"test2\"},{\"creatTime\":\"2023-01-09T22:32:09\",\"deleted\":0,\"description\":\"测试\",\"id\":3,\"idCard\":\"330521200105033015\",\"name\":\"测试\",\"password\":\"e10adc3949ba59abbe56e057f20f883e\",\"phone\":\"18755588554\",\"status\":1,\"updateTime\":\"2023-01-10T21:08:08\",\"userName\":\"test3\"},{\"creatTime\":\"2023-01-14T23:33:29\",\"deleted\":0,\"id\":7,\"idCard\":\"330521200107043017\",\"name\":\"测试7\",\"password\":\"e10adc3949ba59abbe56e057f20f883e\",\"phone\":\"18768215183\",\"status\":0,\"updateTime\":\"2023-01-14T23:33:29\",\"userName\":\"cs7\"},{\"creatTime\":\"2023-01-31T11:37:50\",\"deleted\":0,\"description\":\"测试前端权限的用户\",\"id\":18,\"idCard\":\"330521200308023015\",\"name\":\"测试前端权限用户\",\"password\":\"e10adc3949ba59abbe56e057f20f883e\",\"phone\":\"18754874511\",\"status\":1,\"updateTime\":\"2023-01-31T11:37:50\",\"userName\":\"fcltest\"},{\"creatTime\":\"2023-02-07T22:28:34\",\"deleted\":0,\"description\":\"发发发发发\",\"id\":19,\"idCard\":\"330521200405063015\",\"name\":\"达瓦达瓦\",\"password\":\"e10adc3949ba59abbe56e057f20f883e\",\"phone\":\"18755544112\",\"status\":1,\"updateTime\":\"2023-02-07T22:28:34\",\"userName\":\"tetsddd\"}],\"searchCount\":true,\"size\":10,\"total\":6},\"message\":\"操作成功\"}');
INSERT INTO `sys_web_log` VALUES ('查询用户分页及搜索', 'admin', '2023-02-15 22:33:40', 5, 'http://localhost:9000', '/ccmall/sys/sysuser/list', 'http://localhost:9000/ccmall/sys/sysuser/list', 'GET', '127.0.0.1', '{\"keyword\":\"\"}', '{\"code\":200,\"data\":{\"current\":1,\"hitCount\":false,\"optimizeCountSql\":true,\"orders\":[],\"pages\":1,\"records\":[{\"creatTime\":\"2023-01-08T22:18:52\",\"deleted\":0,\"id\":1,\"idCard\":\"330521200004033012\",\"name\":\"管理员\",\"password\":\"e10adc3949ba59abbe56e057f20f883e\",\"phone\":\"18788555211\",\"status\":1,\"updateTime\":\"2023-01-14T23:28:07\",\"userName\":\"admin\"},{\"creatTime\":\"2023-01-09T22:32:09\",\"deleted\":0,\"id\":2,\"name\":\"测试\",\"password\":\"e10adc3949ba59abbe56e057f20f883e\",\"phone\":\"18755588554\",\"status\":0,\"updateTime\":\"2023-01-10T21:08:06\",\"userName\":\"test2\"},{\"creatTime\":\"2023-01-09T22:32:09\",\"deleted\":0,\"description\":\"测试\",\"id\":3,\"idCard\":\"330521200105033015\",\"name\":\"测试\",\"password\":\"e10adc3949ba59abbe56e057f20f883e\",\"phone\":\"18755588554\",\"status\":1,\"updateTime\":\"2023-01-10T21:08:08\",\"userName\":\"test3\"},{\"creatTime\":\"2023-01-14T23:33:29\",\"deleted\":0,\"id\":7,\"idCard\":\"330521200107043017\",\"name\":\"测试7\",\"password\":\"e10adc3949ba59abbe56e057f20f883e\",\"phone\":\"18768215183\",\"status\":0,\"updateTime\":\"2023-01-14T23:33:29\",\"userName\":\"cs7\"},{\"creatTime\":\"2023-01-31T11:37:50\",\"deleted\":0,\"description\":\"测试前端权限的用户\",\"id\":18,\"idCard\":\"330521200308023015\",\"name\":\"测试前端权限用户\",\"password\":\"e10adc3949ba59abbe56e057f20f883e\",\"phone\":\"18754874511\",\"status\":1,\"updateTime\":\"2023-01-31T11:37:50\",\"userName\":\"fcltest\"},{\"creatTime\":\"2023-02-07T22:28:34\",\"deleted\":0,\"description\":\"发发发发发\",\"id\":19,\"idCard\":\"330521200405063015\",\"name\":\"达瓦达瓦\",\"password\":\"e10adc3949ba59abbe56e057f20f883e\",\"phone\":\"18755544112\",\"status\":1,\"updateTime\":\"2023-02-07T22:28:34\",\"userName\":\"tetsddd\"}],\"searchCount\":true,\"size\":10,\"total\":6},\"message\":\"操作成功\"}');
INSERT INTO `sys_web_log` VALUES ('查询用户分页及搜索', 'admin', '2023-02-15 22:41:12', 3, 'http://localhost:9000', '/ccmall/sys/sysuser/list', 'http://localhost:9000/ccmall/sys/sysuser/list', 'GET', '127.0.0.1', '{\"keyword\":\"\"}', '{\"code\":200,\"data\":{\"current\":1,\"hitCount\":false,\"optimizeCountSql\":true,\"orders\":[],\"pages\":1,\"records\":[{\"creatTime\":\"2023-01-08T22:18:52\",\"deleted\":0,\"id\":1,\"idCard\":\"330521200004033012\",\"name\":\"管理员\",\"password\":\"e10adc3949ba59abbe56e057f20f883e\",\"phone\":\"18788555211\",\"status\":1,\"updateTime\":\"2023-01-14T23:28:07\",\"userName\":\"admin\"},{\"creatTime\":\"2023-01-09T22:32:09\",\"deleted\":0,\"id\":2,\"name\":\"测试\",\"password\":\"e10adc3949ba59abbe56e057f20f883e\",\"phone\":\"18755588554\",\"status\":0,\"updateTime\":\"2023-01-10T21:08:06\",\"userName\":\"test2\"},{\"creatTime\":\"2023-01-09T22:32:09\",\"deleted\":0,\"description\":\"测试\",\"id\":3,\"idCard\":\"330521200105033015\",\"name\":\"测试\",\"password\":\"e10adc3949ba59abbe56e057f20f883e\",\"phone\":\"18755588554\",\"status\":1,\"updateTime\":\"2023-01-10T21:08:08\",\"userName\":\"test3\"},{\"creatTime\":\"2023-01-14T23:33:29\",\"deleted\":0,\"id\":7,\"idCard\":\"330521200107043017\",\"name\":\"测试7\",\"password\":\"e10adc3949ba59abbe56e057f20f883e\",\"phone\":\"18768215183\",\"status\":0,\"updateTime\":\"2023-01-14T23:33:29\",\"userName\":\"cs7\"},{\"creatTime\":\"2023-01-31T11:37:50\",\"deleted\":0,\"description\":\"测试前端权限的用户\",\"id\":18,\"idCard\":\"330521200308023015\",\"name\":\"测试前端权限用户\",\"password\":\"e10adc3949ba59abbe56e057f20f883e\",\"phone\":\"18754874511\",\"status\":1,\"updateTime\":\"2023-01-31T11:37:50\",\"userName\":\"fcltest\"},{\"creatTime\":\"2023-02-07T22:28:34\",\"deleted\":0,\"description\":\"发发发发发\",\"id\":19,\"idCard\":\"330521200405063015\",\"name\":\"达瓦达瓦\",\"password\":\"e10adc3949ba59abbe56e057f20f883e\",\"phone\":\"18755544112\",\"status\":1,\"updateTime\":\"2023-02-07T22:28:34\",\"userName\":\"tetsddd\"}],\"searchCount\":true,\"size\":10,\"total\":6},\"message\":\"操作成功\"}');
INSERT INTO `sys_web_log` VALUES ('查询用户分页及搜索', 'admin', '2023-02-15 22:41:19', 2, 'http://localhost:9000', '/ccmall/sys/sysuser/list', 'http://localhost:9000/ccmall/sys/sysuser/list', 'GET', '127.0.0.1', '{\"keyword\":\"\"}', '{\"code\":200,\"data\":{\"current\":1,\"hitCount\":false,\"optimizeCountSql\":true,\"orders\":[],\"pages\":1,\"records\":[{\"creatTime\":\"2023-01-08T22:18:52\",\"deleted\":0,\"id\":1,\"idCard\":\"330521200004033012\",\"name\":\"管理员\",\"password\":\"e10adc3949ba59abbe56e057f20f883e\",\"phone\":\"18788555211\",\"status\":1,\"updateTime\":\"2023-01-14T23:28:07\",\"userName\":\"admin\"},{\"creatTime\":\"2023-01-09T22:32:09\",\"deleted\":0,\"id\":2,\"name\":\"测试\",\"password\":\"e10adc3949ba59abbe56e057f20f883e\",\"phone\":\"18755588554\",\"status\":0,\"updateTime\":\"2023-01-10T21:08:06\",\"userName\":\"test2\"},{\"creatTime\":\"2023-01-09T22:32:09\",\"deleted\":0,\"description\":\"测试\",\"id\":3,\"idCard\":\"330521200105033015\",\"name\":\"测试\",\"password\":\"e10adc3949ba59abbe56e057f20f883e\",\"phone\":\"18755588554\",\"status\":1,\"updateTime\":\"2023-01-10T21:08:08\",\"userName\":\"test3\"},{\"creatTime\":\"2023-01-14T23:33:29\",\"deleted\":0,\"id\":7,\"idCard\":\"330521200107043017\",\"name\":\"测试7\",\"password\":\"e10adc3949ba59abbe56e057f20f883e\",\"phone\":\"18768215183\",\"status\":0,\"updateTime\":\"2023-01-14T23:33:29\",\"userName\":\"cs7\"},{\"creatTime\":\"2023-01-31T11:37:50\",\"deleted\":0,\"description\":\"测试前端权限的用户\",\"id\":18,\"idCard\":\"330521200308023015\",\"name\":\"测试前端权限用户\",\"password\":\"e10adc3949ba59abbe56e057f20f883e\",\"phone\":\"18754874511\",\"status\":1,\"updateTime\":\"2023-01-31T11:37:50\",\"userName\":\"fcltest\"},{\"creatTime\":\"2023-02-07T22:28:34\",\"deleted\":0,\"description\":\"发发发发发\",\"id\":19,\"idCard\":\"330521200405063015\",\"name\":\"达瓦达瓦\",\"password\":\"e10adc3949ba59abbe56e057f20f883e\",\"phone\":\"18755544112\",\"status\":1,\"updateTime\":\"2023-02-07T22:28:34\",\"userName\":\"tetsddd\"}],\"searchCount\":true,\"size\":10,\"total\":6},\"message\":\"操作成功\"}');
INSERT INTO `sys_web_log` VALUES ('查询用户分页及搜索', 'admin', '2023-02-15 22:41:29', 3, 'http://localhost:9000', '/ccmall/sys/sysuser/list', 'http://localhost:9000/ccmall/sys/sysuser/list', 'GET', '127.0.0.1', '{\"keyword\":\"\"}', '{\"code\":200,\"data\":{\"current\":1,\"hitCount\":false,\"optimizeCountSql\":true,\"orders\":[],\"pages\":1,\"records\":[{\"creatTime\":\"2023-01-08T22:18:52\",\"deleted\":0,\"id\":1,\"idCard\":\"330521200004033012\",\"name\":\"管理员\",\"password\":\"e10adc3949ba59abbe56e057f20f883e\",\"phone\":\"18788555211\",\"status\":1,\"updateTime\":\"2023-01-14T23:28:07\",\"userName\":\"admin\"},{\"creatTime\":\"2023-01-09T22:32:09\",\"deleted\":0,\"id\":2,\"name\":\"测试\",\"password\":\"e10adc3949ba59abbe56e057f20f883e\",\"phone\":\"18755588554\",\"status\":0,\"updateTime\":\"2023-01-10T21:08:06\",\"userName\":\"test2\"},{\"creatTime\":\"2023-01-09T22:32:09\",\"deleted\":0,\"description\":\"测试\",\"id\":3,\"idCard\":\"330521200105033015\",\"name\":\"测试\",\"password\":\"e10adc3949ba59abbe56e057f20f883e\",\"phone\":\"18755588554\",\"status\":1,\"updateTime\":\"2023-01-10T21:08:08\",\"userName\":\"test3\"},{\"creatTime\":\"2023-01-14T23:33:29\",\"deleted\":0,\"id\":7,\"idCard\":\"330521200107043017\",\"name\":\"测试7\",\"password\":\"e10adc3949ba59abbe56e057f20f883e\",\"phone\":\"18768215183\",\"status\":0,\"updateTime\":\"2023-01-14T23:33:29\",\"userName\":\"cs7\"},{\"creatTime\":\"2023-01-31T11:37:50\",\"deleted\":0,\"description\":\"测试前端权限的用户\",\"id\":18,\"idCard\":\"330521200308023015\",\"name\":\"测试前端权限用户\",\"password\":\"e10adc3949ba59abbe56e057f20f883e\",\"phone\":\"18754874511\",\"status\":1,\"updateTime\":\"2023-01-31T11:37:50\",\"userName\":\"fcltest\"},{\"creatTime\":\"2023-02-07T22:28:34\",\"deleted\":0,\"description\":\"发发发发发\",\"id\":19,\"idCard\":\"330521200405063015\",\"name\":\"达瓦达瓦\",\"password\":\"e10adc3949ba59abbe56e057f20f883e\",\"phone\":\"18755544112\",\"status\":1,\"updateTime\":\"2023-02-07T22:28:34\",\"userName\":\"tetsddd\"}],\"searchCount\":true,\"size\":10,\"total\":6},\"message\":\"操作成功\"}');
INSERT INTO `sys_web_log` VALUES ('查询用户分页及搜索', 'admin', '2023-02-15 22:42:16', 3, 'http://localhost:9000', '/ccmall/sys/sysuser/list', 'http://localhost:9000/ccmall/sys/sysuser/list', 'GET', '127.0.0.1', '{\"keyword\":\"\"}', '{\"code\":200,\"data\":{\"current\":1,\"hitCount\":false,\"optimizeCountSql\":true,\"orders\":[],\"pages\":1,\"records\":[{\"creatTime\":\"2023-01-08T22:18:52\",\"deleted\":0,\"id\":1,\"idCard\":\"330521200004033012\",\"name\":\"管理员\",\"password\":\"e10adc3949ba59abbe56e057f20f883e\",\"phone\":\"18788555211\",\"status\":1,\"updateTime\":\"2023-01-14T23:28:07\",\"userName\":\"admin\"},{\"creatTime\":\"2023-01-09T22:32:09\",\"deleted\":0,\"id\":2,\"name\":\"测试\",\"password\":\"e10adc3949ba59abbe56e057f20f883e\",\"phone\":\"18755588554\",\"status\":0,\"updateTime\":\"2023-01-10T21:08:06\",\"userName\":\"test2\"},{\"creatTime\":\"2023-01-09T22:32:09\",\"deleted\":0,\"description\":\"测试\",\"id\":3,\"idCard\":\"330521200105033015\",\"name\":\"测试\",\"password\":\"e10adc3949ba59abbe56e057f20f883e\",\"phone\":\"18755588554\",\"status\":1,\"updateTime\":\"2023-01-10T21:08:08\",\"userName\":\"test3\"},{\"creatTime\":\"2023-01-14T23:33:29\",\"deleted\":0,\"id\":7,\"idCard\":\"330521200107043017\",\"name\":\"测试7\",\"password\":\"e10adc3949ba59abbe56e057f20f883e\",\"phone\":\"18768215183\",\"status\":0,\"updateTime\":\"2023-01-14T23:33:29\",\"userName\":\"cs7\"},{\"creatTime\":\"2023-01-31T11:37:50\",\"deleted\":0,\"description\":\"测试前端权限的用户\",\"id\":18,\"idCard\":\"330521200308023015\",\"name\":\"测试前端权限用户\",\"password\":\"e10adc3949ba59abbe56e057f20f883e\",\"phone\":\"18754874511\",\"status\":1,\"updateTime\":\"2023-01-31T11:37:50\",\"userName\":\"fcltest\"},{\"creatTime\":\"2023-02-07T22:28:34\",\"deleted\":0,\"description\":\"发发发发发\",\"id\":19,\"idCard\":\"330521200405063015\",\"name\":\"达瓦达瓦\",\"password\":\"e10adc3949ba59abbe56e057f20f883e\",\"phone\":\"18755544112\",\"status\":1,\"updateTime\":\"2023-02-07T22:28:34\",\"userName\":\"tetsddd\"}],\"searchCount\":true,\"size\":10,\"total\":6},\"message\":\"操作成功\"}');
INSERT INTO `sys_web_log` VALUES ('查询用户分页及搜索', 'admin', '2023-02-15 22:42:22', 4, 'http://localhost:9000', '/ccmall/sys/sysuser/list', 'http://localhost:9000/ccmall/sys/sysuser/list', 'GET', '127.0.0.1', '{\"keyword\":\"\"}', '{\"code\":200,\"data\":{\"current\":1,\"hitCount\":false,\"optimizeCountSql\":true,\"orders\":[],\"pages\":1,\"records\":[{\"creatTime\":\"2023-01-08T22:18:52\",\"deleted\":0,\"id\":1,\"idCard\":\"330521200004033012\",\"name\":\"管理员\",\"password\":\"e10adc3949ba59abbe56e057f20f883e\",\"phone\":\"18788555211\",\"status\":1,\"updateTime\":\"2023-01-14T23:28:07\",\"userName\":\"admin\"},{\"creatTime\":\"2023-01-09T22:32:09\",\"deleted\":0,\"id\":2,\"name\":\"测试\",\"password\":\"e10adc3949ba59abbe56e057f20f883e\",\"phone\":\"18755588554\",\"status\":0,\"updateTime\":\"2023-01-10T21:08:06\",\"userName\":\"test2\"},{\"creatTime\":\"2023-01-09T22:32:09\",\"deleted\":0,\"description\":\"测试\",\"id\":3,\"idCard\":\"330521200105033015\",\"name\":\"测试\",\"password\":\"e10adc3949ba59abbe56e057f20f883e\",\"phone\":\"18755588554\",\"status\":1,\"updateTime\":\"2023-01-10T21:08:08\",\"userName\":\"test3\"},{\"creatTime\":\"2023-01-14T23:33:29\",\"deleted\":0,\"id\":7,\"idCard\":\"330521200107043017\",\"name\":\"测试7\",\"password\":\"e10adc3949ba59abbe56e057f20f883e\",\"phone\":\"18768215183\",\"status\":0,\"updateTime\":\"2023-01-14T23:33:29\",\"userName\":\"cs7\"},{\"creatTime\":\"2023-01-31T11:37:50\",\"deleted\":0,\"description\":\"测试前端权限的用户\",\"id\":18,\"idCard\":\"330521200308023015\",\"name\":\"测试前端权限用户\",\"password\":\"e10adc3949ba59abbe56e057f20f883e\",\"phone\":\"18754874511\",\"status\":1,\"updateTime\":\"2023-01-31T11:37:50\",\"userName\":\"fcltest\"},{\"creatTime\":\"2023-02-07T22:28:34\",\"deleted\":0,\"description\":\"发发发发发\",\"id\":19,\"idCard\":\"330521200405063015\",\"name\":\"达瓦达瓦\",\"password\":\"e10adc3949ba59abbe56e057f20f883e\",\"phone\":\"18755544112\",\"status\":1,\"updateTime\":\"2023-02-07T22:28:34\",\"userName\":\"tetsddd\"}],\"searchCount\":true,\"size\":10,\"total\":6},\"message\":\"操作成功\"}');
INSERT INTO `sys_web_log` VALUES ('查询用户分页及搜索', 'admin', '2023-02-15 22:42:26', 3, 'http://localhost:9000', '/ccmall/sys/sysuser/list', 'http://localhost:9000/ccmall/sys/sysuser/list', 'GET', '127.0.0.1', '{\"keyword\":\"\"}', '{\"code\":200,\"data\":{\"current\":1,\"hitCount\":false,\"optimizeCountSql\":true,\"orders\":[],\"pages\":1,\"records\":[{\"creatTime\":\"2023-01-08T22:18:52\",\"deleted\":0,\"id\":1,\"idCard\":\"330521200004033012\",\"name\":\"管理员\",\"password\":\"e10adc3949ba59abbe56e057f20f883e\",\"phone\":\"18788555211\",\"status\":1,\"updateTime\":\"2023-01-14T23:28:07\",\"userName\":\"admin\"},{\"creatTime\":\"2023-01-09T22:32:09\",\"deleted\":0,\"id\":2,\"name\":\"测试\",\"password\":\"e10adc3949ba59abbe56e057f20f883e\",\"phone\":\"18755588554\",\"status\":0,\"updateTime\":\"2023-01-10T21:08:06\",\"userName\":\"test2\"},{\"creatTime\":\"2023-01-09T22:32:09\",\"deleted\":0,\"description\":\"测试\",\"id\":3,\"idCard\":\"330521200105033015\",\"name\":\"测试\",\"password\":\"e10adc3949ba59abbe56e057f20f883e\",\"phone\":\"18755588554\",\"status\":1,\"updateTime\":\"2023-01-10T21:08:08\",\"userName\":\"test3\"},{\"creatTime\":\"2023-01-14T23:33:29\",\"deleted\":0,\"id\":7,\"idCard\":\"330521200107043017\",\"name\":\"测试7\",\"password\":\"e10adc3949ba59abbe56e057f20f883e\",\"phone\":\"18768215183\",\"status\":0,\"updateTime\":\"2023-01-14T23:33:29\",\"userName\":\"cs7\"},{\"creatTime\":\"2023-01-31T11:37:50\",\"deleted\":0,\"description\":\"测试前端权限的用户\",\"id\":18,\"idCard\":\"330521200308023015\",\"name\":\"测试前端权限用户\",\"password\":\"e10adc3949ba59abbe56e057f20f883e\",\"phone\":\"18754874511\",\"status\":1,\"updateTime\":\"2023-01-31T11:37:50\",\"userName\":\"fcltest\"},{\"creatTime\":\"2023-02-07T22:28:34\",\"deleted\":0,\"description\":\"发发发发发\",\"id\":19,\"idCard\":\"330521200405063015\",\"name\":\"达瓦达瓦\",\"password\":\"e10adc3949ba59abbe56e057f20f883e\",\"phone\":\"18755544112\",\"status\":1,\"updateTime\":\"2023-02-07T22:28:34\",\"userName\":\"tetsddd\"}],\"searchCount\":true,\"size\":10,\"total\":6},\"message\":\"操作成功\"}');
INSERT INTO `sys_web_log` VALUES ('查询用户分页及搜索', 'admin', '2023-02-15 22:50:27', 5, 'http://localhost:9000', '/ccmall/sys/sysuser/list', 'http://localhost:9000/ccmall/sys/sysuser/list', 'GET', '127.0.0.1', '{\"keyword\":\"\"}', '{\"code\":200,\"data\":{\"current\":1,\"hitCount\":false,\"optimizeCountSql\":true,\"orders\":[],\"pages\":1,\"records\":[{\"creatTime\":\"2023-01-08T22:18:52\",\"deleted\":0,\"id\":1,\"idCard\":\"330521200004033012\",\"name\":\"管理员\",\"password\":\"e10adc3949ba59abbe56e057f20f883e\",\"phone\":\"18788555211\",\"status\":1,\"updateTime\":\"2023-01-14T23:28:07\",\"userName\":\"admin\"},{\"creatTime\":\"2023-01-09T22:32:09\",\"deleted\":0,\"id\":2,\"name\":\"测试\",\"password\":\"e10adc3949ba59abbe56e057f20f883e\",\"phone\":\"18755588554\",\"status\":0,\"updateTime\":\"2023-01-10T21:08:06\",\"userName\":\"test2\"},{\"creatTime\":\"2023-01-09T22:32:09\",\"deleted\":0,\"description\":\"测试\",\"id\":3,\"idCard\":\"330521200105033015\",\"name\":\"测试\",\"password\":\"e10adc3949ba59abbe56e057f20f883e\",\"phone\":\"18755588554\",\"status\":1,\"updateTime\":\"2023-01-10T21:08:08\",\"userName\":\"test3\"},{\"creatTime\":\"2023-01-14T23:33:29\",\"deleted\":0,\"id\":7,\"idCard\":\"330521200107043017\",\"name\":\"测试7\",\"password\":\"e10adc3949ba59abbe56e057f20f883e\",\"phone\":\"18768215183\",\"status\":0,\"updateTime\":\"2023-01-14T23:33:29\",\"userName\":\"cs7\"},{\"creatTime\":\"2023-01-31T11:37:50\",\"deleted\":0,\"description\":\"测试前端权限的用户\",\"id\":18,\"idCard\":\"330521200308023015\",\"name\":\"测试前端权限用户\",\"password\":\"e10adc3949ba59abbe56e057f20f883e\",\"phone\":\"18754874511\",\"status\":1,\"updateTime\":\"2023-01-31T11:37:50\",\"userName\":\"fcltest\"},{\"creatTime\":\"2023-02-07T22:28:34\",\"deleted\":0,\"description\":\"发发发发发\",\"id\":19,\"idCard\":\"330521200405063015\",\"name\":\"达瓦达瓦\",\"password\":\"e10adc3949ba59abbe56e057f20f883e\",\"phone\":\"18755544112\",\"status\":1,\"updateTime\":\"2023-02-07T22:28:34\",\"userName\":\"tetsddd\"}],\"searchCount\":true,\"size\":10,\"total\":6},\"message\":\"操作成功\"}');
INSERT INTO `sys_web_log` VALUES ('查询用户分页及搜索', 'admin', '2023-02-15 22:56:18', 8, 'http://localhost:9000', '/ccmall/sys/sysuser/list', 'http://localhost:9000/ccmall/sys/sysuser/list', 'GET', '127.0.0.1', '{\"keyword\":\"\"}', '{\"code\":200,\"data\":{\"current\":1,\"hitCount\":false,\"optimizeCountSql\":true,\"orders\":[],\"pages\":1,\"records\":[{\"creatTime\":\"2023-01-08T22:18:52\",\"deleted\":0,\"id\":1,\"idCard\":\"330521200004033012\",\"name\":\"管理员\",\"password\":\"e10adc3949ba59abbe56e057f20f883e\",\"phone\":\"18788555211\",\"status\":1,\"updateTime\":\"2023-01-14T23:28:07\",\"userName\":\"admin\"},{\"creatTime\":\"2023-01-09T22:32:09\",\"deleted\":0,\"id\":2,\"name\":\"测试\",\"password\":\"e10adc3949ba59abbe56e057f20f883e\",\"phone\":\"18755588554\",\"status\":0,\"updateTime\":\"2023-01-10T21:08:06\",\"userName\":\"test2\"},{\"creatTime\":\"2023-01-09T22:32:09\",\"deleted\":0,\"description\":\"测试\",\"id\":3,\"idCard\":\"330521200105033015\",\"name\":\"测试\",\"password\":\"e10adc3949ba59abbe56e057f20f883e\",\"phone\":\"18755588554\",\"status\":1,\"updateTime\":\"2023-01-10T21:08:08\",\"userName\":\"test3\"},{\"creatTime\":\"2023-01-14T23:33:29\",\"deleted\":0,\"id\":7,\"idCard\":\"330521200107043017\",\"name\":\"测试7\",\"password\":\"e10adc3949ba59abbe56e057f20f883e\",\"phone\":\"18768215183\",\"status\":0,\"updateTime\":\"2023-01-14T23:33:29\",\"userName\":\"cs7\"},{\"creatTime\":\"2023-01-31T11:37:50\",\"deleted\":0,\"description\":\"测试前端权限的用户\",\"id\":18,\"idCard\":\"330521200308023015\",\"name\":\"测试前端权限用户\",\"password\":\"e10adc3949ba59abbe56e057f20f883e\",\"phone\":\"18754874511\",\"status\":1,\"updateTime\":\"2023-01-31T11:37:50\",\"userName\":\"fcltest\"},{\"creatTime\":\"2023-02-07T22:28:34\",\"deleted\":0,\"description\":\"发发发发发\",\"id\":19,\"idCard\":\"330521200405063015\",\"name\":\"达瓦达瓦\",\"password\":\"e10adc3949ba59abbe56e057f20f883e\",\"phone\":\"18755544112\",\"status\":1,\"updateTime\":\"2023-02-07T22:28:34\",\"userName\":\"tetsddd\"}],\"searchCount\":true,\"size\":10,\"total\":6},\"message\":\"操作成功\"}');
INSERT INTO `sys_web_log` VALUES ('查询用户分页及搜索', 'admin', '2023-02-15 22:56:20', 3, 'http://localhost:9000', '/ccmall/sys/sysuser/list', 'http://localhost:9000/ccmall/sys/sysuser/list', 'GET', '127.0.0.1', '{\"keyword\":\"\"}', '{\"code\":200,\"data\":{\"current\":1,\"hitCount\":false,\"optimizeCountSql\":true,\"orders\":[],\"pages\":1,\"records\":[{\"creatTime\":\"2023-01-08T22:18:52\",\"deleted\":0,\"id\":1,\"idCard\":\"330521200004033012\",\"name\":\"管理员\",\"password\":\"e10adc3949ba59abbe56e057f20f883e\",\"phone\":\"18788555211\",\"status\":1,\"updateTime\":\"2023-01-14T23:28:07\",\"userName\":\"admin\"},{\"creatTime\":\"2023-01-09T22:32:09\",\"deleted\":0,\"id\":2,\"name\":\"测试\",\"password\":\"e10adc3949ba59abbe56e057f20f883e\",\"phone\":\"18755588554\",\"status\":0,\"updateTime\":\"2023-01-10T21:08:06\",\"userName\":\"test2\"},{\"creatTime\":\"2023-01-09T22:32:09\",\"deleted\":0,\"description\":\"测试\",\"id\":3,\"idCard\":\"330521200105033015\",\"name\":\"测试\",\"password\":\"e10adc3949ba59abbe56e057f20f883e\",\"phone\":\"18755588554\",\"status\":1,\"updateTime\":\"2023-01-10T21:08:08\",\"userName\":\"test3\"},{\"creatTime\":\"2023-01-14T23:33:29\",\"deleted\":0,\"id\":7,\"idCard\":\"330521200107043017\",\"name\":\"测试7\",\"password\":\"e10adc3949ba59abbe56e057f20f883e\",\"phone\":\"18768215183\",\"status\":0,\"updateTime\":\"2023-01-14T23:33:29\",\"userName\":\"cs7\"},{\"creatTime\":\"2023-01-31T11:37:50\",\"deleted\":0,\"description\":\"测试前端权限的用户\",\"id\":18,\"idCard\":\"330521200308023015\",\"name\":\"测试前端权限用户\",\"password\":\"e10adc3949ba59abbe56e057f20f883e\",\"phone\":\"18754874511\",\"status\":1,\"updateTime\":\"2023-01-31T11:37:50\",\"userName\":\"fcltest\"},{\"creatTime\":\"2023-02-07T22:28:34\",\"deleted\":0,\"description\":\"发发发发发\",\"id\":19,\"idCard\":\"330521200405063015\",\"name\":\"达瓦达瓦\",\"password\":\"e10adc3949ba59abbe56e057f20f883e\",\"phone\":\"18755544112\",\"status\":1,\"updateTime\":\"2023-02-07T22:28:34\",\"userName\":\"tetsddd\"}],\"searchCount\":true,\"size\":10,\"total\":6},\"message\":\"操作成功\"}');
INSERT INTO `sys_web_log` VALUES ('查询用户分页及搜索', 'admin', '2023-02-15 22:56:41', 4, 'http://localhost:9000', '/ccmall/sys/sysuser/list', 'http://localhost:9000/ccmall/sys/sysuser/list', 'GET', '127.0.0.1', '{\"keyword\":\"\"}', '{\"code\":200,\"data\":{\"current\":1,\"hitCount\":false,\"optimizeCountSql\":true,\"orders\":[],\"pages\":1,\"records\":[{\"creatTime\":\"2023-01-08T22:18:52\",\"deleted\":0,\"id\":1,\"idCard\":\"330521200004033012\",\"name\":\"管理员\",\"password\":\"e10adc3949ba59abbe56e057f20f883e\",\"phone\":\"18788555211\",\"status\":1,\"updateTime\":\"2023-01-14T23:28:07\",\"userName\":\"admin\"},{\"creatTime\":\"2023-01-09T22:32:09\",\"deleted\":0,\"id\":2,\"name\":\"测试\",\"password\":\"e10adc3949ba59abbe56e057f20f883e\",\"phone\":\"18755588554\",\"status\":0,\"updateTime\":\"2023-01-10T21:08:06\",\"userName\":\"test2\"},{\"creatTime\":\"2023-01-09T22:32:09\",\"deleted\":0,\"description\":\"测试\",\"id\":3,\"idCard\":\"330521200105033015\",\"name\":\"测试\",\"password\":\"e10adc3949ba59abbe56e057f20f883e\",\"phone\":\"18755588554\",\"status\":1,\"updateTime\":\"2023-01-10T21:08:08\",\"userName\":\"test3\"},{\"creatTime\":\"2023-01-14T23:33:29\",\"deleted\":0,\"id\":7,\"idCard\":\"330521200107043017\",\"name\":\"测试7\",\"password\":\"e10adc3949ba59abbe56e057f20f883e\",\"phone\":\"18768215183\",\"status\":0,\"updateTime\":\"2023-01-14T23:33:29\",\"userName\":\"cs7\"},{\"creatTime\":\"2023-01-31T11:37:50\",\"deleted\":0,\"description\":\"测试前端权限的用户\",\"id\":18,\"idCard\":\"330521200308023015\",\"name\":\"测试前端权限用户\",\"password\":\"e10adc3949ba59abbe56e057f20f883e\",\"phone\":\"18754874511\",\"status\":1,\"updateTime\":\"2023-01-31T11:37:50\",\"userName\":\"fcltest\"},{\"creatTime\":\"2023-02-07T22:28:34\",\"deleted\":0,\"description\":\"发发发发发\",\"id\":19,\"idCard\":\"330521200405063015\",\"name\":\"达瓦达瓦\",\"password\":\"e10adc3949ba59abbe56e057f20f883e\",\"phone\":\"18755544112\",\"status\":1,\"updateTime\":\"2023-02-07T22:28:34\",\"userName\":\"tetsddd\"}],\"searchCount\":true,\"size\":10,\"total\":6},\"message\":\"操作成功\"}');
INSERT INTO `sys_web_log` VALUES ('查询用户分页及搜索', 'admin', '2023-02-15 22:56:58', 6, 'http://localhost:9000', '/ccmall/sys/sysuser/list', 'http://localhost:9000/ccmall/sys/sysuser/list', 'GET', '127.0.0.1', '{\"keyword\":\"\"}', '{\"code\":200,\"data\":{\"current\":1,\"hitCount\":false,\"optimizeCountSql\":true,\"orders\":[],\"pages\":1,\"records\":[{\"creatTime\":\"2023-01-08T22:18:52\",\"deleted\":0,\"id\":1,\"idCard\":\"330521200004033012\",\"name\":\"管理员\",\"password\":\"e10adc3949ba59abbe56e057f20f883e\",\"phone\":\"18788555211\",\"status\":1,\"updateTime\":\"2023-01-14T23:28:07\",\"userName\":\"admin\"},{\"creatTime\":\"2023-01-09T22:32:09\",\"deleted\":0,\"id\":2,\"name\":\"测试\",\"password\":\"e10adc3949ba59abbe56e057f20f883e\",\"phone\":\"18755588554\",\"status\":0,\"updateTime\":\"2023-01-10T21:08:06\",\"userName\":\"test2\"},{\"creatTime\":\"2023-01-09T22:32:09\",\"deleted\":0,\"description\":\"测试\",\"id\":3,\"idCard\":\"330521200105033015\",\"name\":\"测试\",\"password\":\"e10adc3949ba59abbe56e057f20f883e\",\"phone\":\"18755588554\",\"status\":1,\"updateTime\":\"2023-01-10T21:08:08\",\"userName\":\"test3\"},{\"creatTime\":\"2023-01-14T23:33:29\",\"deleted\":0,\"id\":7,\"idCard\":\"330521200107043017\",\"name\":\"测试7\",\"password\":\"e10adc3949ba59abbe56e057f20f883e\",\"phone\":\"18768215183\",\"status\":0,\"updateTime\":\"2023-01-14T23:33:29\",\"userName\":\"cs7\"},{\"creatTime\":\"2023-01-31T11:37:50\",\"deleted\":0,\"description\":\"测试前端权限的用户\",\"id\":18,\"idCard\":\"330521200308023015\",\"name\":\"测试前端权限用户\",\"password\":\"e10adc3949ba59abbe56e057f20f883e\",\"phone\":\"18754874511\",\"status\":1,\"updateTime\":\"2023-01-31T11:37:50\",\"userName\":\"fcltest\"},{\"creatTime\":\"2023-02-07T22:28:34\",\"deleted\":0,\"description\":\"发发发发发\",\"id\":19,\"idCard\":\"330521200405063015\",\"name\":\"达瓦达瓦\",\"password\":\"e10adc3949ba59abbe56e057f20f883e\",\"phone\":\"18755544112\",\"status\":1,\"updateTime\":\"2023-02-07T22:28:34\",\"userName\":\"tetsddd\"}],\"searchCount\":true,\"size\":10,\"total\":6},\"message\":\"操作成功\"}');
INSERT INTO `sys_web_log` VALUES ('查询用户分页及搜索', 'admin', '2023-02-15 22:57:04', 4, 'http://localhost:9000', '/ccmall/sys/sysuser/list', 'http://localhost:9000/ccmall/sys/sysuser/list', 'GET', '127.0.0.1', '{\"keyword\":\"\"}', '{\"code\":200,\"data\":{\"current\":1,\"hitCount\":false,\"optimizeCountSql\":true,\"orders\":[],\"pages\":1,\"records\":[{\"creatTime\":\"2023-01-08T22:18:52\",\"deleted\":0,\"id\":1,\"idCard\":\"330521200004033012\",\"name\":\"管理员\",\"password\":\"e10adc3949ba59abbe56e057f20f883e\",\"phone\":\"18788555211\",\"status\":1,\"updateTime\":\"2023-01-14T23:28:07\",\"userName\":\"admin\"},{\"creatTime\":\"2023-01-09T22:32:09\",\"deleted\":0,\"id\":2,\"name\":\"测试\",\"password\":\"e10adc3949ba59abbe56e057f20f883e\",\"phone\":\"18755588554\",\"status\":0,\"updateTime\":\"2023-01-10T21:08:06\",\"userName\":\"test2\"},{\"creatTime\":\"2023-01-09T22:32:09\",\"deleted\":0,\"description\":\"测试\",\"id\":3,\"idCard\":\"330521200105033015\",\"name\":\"测试\",\"password\":\"e10adc3949ba59abbe56e057f20f883e\",\"phone\":\"18755588554\",\"status\":1,\"updateTime\":\"2023-01-10T21:08:08\",\"userName\":\"test3\"},{\"creatTime\":\"2023-01-14T23:33:29\",\"deleted\":0,\"id\":7,\"idCard\":\"330521200107043017\",\"name\":\"测试7\",\"password\":\"e10adc3949ba59abbe56e057f20f883e\",\"phone\":\"18768215183\",\"status\":0,\"updateTime\":\"2023-01-14T23:33:29\",\"userName\":\"cs7\"},{\"creatTime\":\"2023-01-31T11:37:50\",\"deleted\":0,\"description\":\"测试前端权限的用户\",\"id\":18,\"idCard\":\"330521200308023015\",\"name\":\"测试前端权限用户\",\"password\":\"e10adc3949ba59abbe56e057f20f883e\",\"phone\":\"18754874511\",\"status\":1,\"updateTime\":\"2023-01-31T11:37:50\",\"userName\":\"fcltest\"},{\"creatTime\":\"2023-02-07T22:28:34\",\"deleted\":0,\"description\":\"发发发发发\",\"id\":19,\"idCard\":\"330521200405063015\",\"name\":\"达瓦达瓦\",\"password\":\"e10adc3949ba59abbe56e057f20f883e\",\"phone\":\"18755544112\",\"status\":1,\"updateTime\":\"2023-02-07T22:28:34\",\"userName\":\"tetsddd\"}],\"searchCount\":true,\"size\":10,\"total\":6},\"message\":\"操作成功\"}');
INSERT INTO `sys_web_log` VALUES ('查询用户分页及搜索', 'admin', '2023-02-15 22:57:32', 3, 'http://localhost:9000', '/ccmall/sys/sysuser/list', 'http://localhost:9000/ccmall/sys/sysuser/list', 'GET', '127.0.0.1', '{\"keyword\":\"\"}', '{\"code\":200,\"data\":{\"current\":1,\"hitCount\":false,\"optimizeCountSql\":true,\"orders\":[],\"pages\":1,\"records\":[{\"creatTime\":\"2023-01-08T22:18:52\",\"deleted\":0,\"id\":1,\"idCard\":\"330521200004033012\",\"name\":\"管理员\",\"password\":\"e10adc3949ba59abbe56e057f20f883e\",\"phone\":\"18788555211\",\"status\":1,\"updateTime\":\"2023-01-14T23:28:07\",\"userName\":\"admin\"},{\"creatTime\":\"2023-01-09T22:32:09\",\"deleted\":0,\"id\":2,\"name\":\"测试\",\"password\":\"e10adc3949ba59abbe56e057f20f883e\",\"phone\":\"18755588554\",\"status\":0,\"updateTime\":\"2023-01-10T21:08:06\",\"userName\":\"test2\"},{\"creatTime\":\"2023-01-09T22:32:09\",\"deleted\":0,\"description\":\"测试\",\"id\":3,\"idCard\":\"330521200105033015\",\"name\":\"测试\",\"password\":\"e10adc3949ba59abbe56e057f20f883e\",\"phone\":\"18755588554\",\"status\":1,\"updateTime\":\"2023-01-10T21:08:08\",\"userName\":\"test3\"},{\"creatTime\":\"2023-01-14T23:33:29\",\"deleted\":0,\"id\":7,\"idCard\":\"330521200107043017\",\"name\":\"测试7\",\"password\":\"e10adc3949ba59abbe56e057f20f883e\",\"phone\":\"18768215183\",\"status\":0,\"updateTime\":\"2023-01-14T23:33:29\",\"userName\":\"cs7\"},{\"creatTime\":\"2023-01-31T11:37:50\",\"deleted\":0,\"description\":\"测试前端权限的用户\",\"id\":18,\"idCard\":\"330521200308023015\",\"name\":\"测试前端权限用户\",\"password\":\"e10adc3949ba59abbe56e057f20f883e\",\"phone\":\"18754874511\",\"status\":1,\"updateTime\":\"2023-01-31T11:37:50\",\"userName\":\"fcltest\"},{\"creatTime\":\"2023-02-07T22:28:34\",\"deleted\":0,\"description\":\"发发发发发\",\"id\":19,\"idCard\":\"330521200405063015\",\"name\":\"达瓦达瓦\",\"password\":\"e10adc3949ba59abbe56e057f20f883e\",\"phone\":\"18755544112\",\"status\":1,\"updateTime\":\"2023-02-07T22:28:34\",\"userName\":\"tetsddd\"}],\"searchCount\":true,\"size\":10,\"total\":6},\"message\":\"操作成功\"}');
INSERT INTO `sys_web_log` VALUES ('查询用户分页及搜索', 'admin', '2023-02-15 23:04:38', 5, 'http://localhost:9000', '/ccmall/sys/sysuser/list', 'http://localhost:9000/ccmall/sys/sysuser/list', 'GET', '127.0.0.1', '{\"keyword\":\"\"}', '{\"code\":200,\"data\":{\"current\":1,\"hitCount\":false,\"optimizeCountSql\":true,\"orders\":[],\"pages\":1,\"records\":[{\"creatTime\":\"2023-01-08T22:18:52\",\"deleted\":0,\"id\":1,\"idCard\":\"330521200004033012\",\"name\":\"管理员\",\"password\":\"e10adc3949ba59abbe56e057f20f883e\",\"phone\":\"18788555211\",\"status\":1,\"updateTime\":\"2023-01-14T23:28:07\",\"userName\":\"admin\"},{\"creatTime\":\"2023-01-09T22:32:09\",\"deleted\":0,\"id\":2,\"name\":\"测试\",\"password\":\"e10adc3949ba59abbe56e057f20f883e\",\"phone\":\"18755588554\",\"status\":0,\"updateTime\":\"2023-01-10T21:08:06\",\"userName\":\"test2\"},{\"creatTime\":\"2023-01-09T22:32:09\",\"deleted\":0,\"description\":\"测试\",\"id\":3,\"idCard\":\"330521200105033015\",\"name\":\"测试\",\"password\":\"e10adc3949ba59abbe56e057f20f883e\",\"phone\":\"18755588554\",\"status\":1,\"updateTime\":\"2023-01-10T21:08:08\",\"userName\":\"test3\"},{\"creatTime\":\"2023-01-14T23:33:29\",\"deleted\":0,\"id\":7,\"idCard\":\"330521200107043017\",\"name\":\"测试7\",\"password\":\"e10adc3949ba59abbe56e057f20f883e\",\"phone\":\"18768215183\",\"status\":0,\"updateTime\":\"2023-01-14T23:33:29\",\"userName\":\"cs7\"},{\"creatTime\":\"2023-01-31T11:37:50\",\"deleted\":0,\"description\":\"测试前端权限的用户\",\"id\":18,\"idCard\":\"330521200308023015\",\"name\":\"测试前端权限用户\",\"password\":\"e10adc3949ba59abbe56e057f20f883e\",\"phone\":\"18754874511\",\"status\":1,\"updateTime\":\"2023-01-31T11:37:50\",\"userName\":\"fcltest\"},{\"creatTime\":\"2023-02-07T22:28:34\",\"deleted\":0,\"description\":\"发发发发发\",\"id\":19,\"idCard\":\"330521200405063015\",\"name\":\"达瓦达瓦\",\"password\":\"e10adc3949ba59abbe56e057f20f883e\",\"phone\":\"18755544112\",\"status\":1,\"updateTime\":\"2023-02-07T22:28:34\",\"userName\":\"tetsddd\"}],\"searchCount\":true,\"size\":10,\"total\":6},\"message\":\"操作成功\"}');
INSERT INTO `sys_web_log` VALUES ('查询用户分页及搜索', 'admin', '2023-02-18 16:01:38', 19, 'http://localhost:9000', '/ccmall/sys/sysuser/list', 'http://localhost:9000/ccmall/sys/sysuser/list', 'GET', '127.0.0.1', '{\"keyword\":\"\"}', '{\"code\":200,\"data\":{\"current\":1,\"hitCount\":false,\"optimizeCountSql\":true,\"orders\":[],\"pages\":1,\"records\":[{\"creatTime\":\"2023-01-08T22:18:52\",\"deleted\":0,\"id\":1,\"idCard\":\"330521200004033012\",\"name\":\"管理员\",\"password\":\"e10adc3949ba59abbe56e057f20f883e\",\"phone\":\"18788555211\",\"status\":1,\"updateTime\":\"2023-01-14T23:28:07\",\"userName\":\"admin\"},{\"creatTime\":\"2023-01-09T22:32:09\",\"deleted\":0,\"id\":2,\"name\":\"测试\",\"password\":\"e10adc3949ba59abbe56e057f20f883e\",\"phone\":\"18755588554\",\"status\":0,\"updateTime\":\"2023-01-10T21:08:06\",\"userName\":\"test2\"},{\"creatTime\":\"2023-01-09T22:32:09\",\"deleted\":0,\"description\":\"测试\",\"id\":3,\"idCard\":\"330521200105033015\",\"name\":\"测试\",\"password\":\"e10adc3949ba59abbe56e057f20f883e\",\"phone\":\"18755588554\",\"status\":1,\"updateTime\":\"2023-01-10T21:08:08\",\"userName\":\"test3\"},{\"creatTime\":\"2023-01-14T23:33:29\",\"deleted\":0,\"id\":7,\"idCard\":\"330521200107043017\",\"name\":\"测试7\",\"password\":\"e10adc3949ba59abbe56e057f20f883e\",\"phone\":\"18768215183\",\"status\":0,\"updateTime\":\"2023-01-14T23:33:29\",\"userName\":\"cs7\"},{\"creatTime\":\"2023-01-31T11:37:50\",\"deleted\":0,\"description\":\"测试前端权限的用户\",\"id\":18,\"idCard\":\"330521200308023015\",\"name\":\"测试前端权限用户\",\"password\":\"e10adc3949ba59abbe56e057f20f883e\",\"phone\":\"18754874511\",\"status\":1,\"updateTime\":\"2023-01-31T11:37:50\",\"userName\":\"fcltest\"},{\"creatTime\":\"2023-02-07T22:28:34\",\"deleted\":0,\"description\":\"发发发发发\",\"id\":19,\"idCard\":\"330521200405063015\",\"name\":\"达瓦达瓦\",\"password\":\"e10adc3949ba59abbe56e057f20f883e\",\"phone\":\"18755544112\",\"status\":1,\"updateTime\":\"2023-02-07T22:28:34\",\"userName\":\"tetsddd\"}],\"searchCount\":true,\"size\":10,\"total\":6},\"message\":\"操作成功\"}');
INSERT INTO `sys_web_log` VALUES ('查询用户分页及搜索', 'admin', '2023-02-18 16:01:39', 7, 'http://localhost:9000', '/ccmall/sys/sysuser/list', 'http://localhost:9000/ccmall/sys/sysuser/list', 'GET', '127.0.0.1', '{\"keyword\":\"\"}', '{\"code\":200,\"data\":{\"current\":1,\"hitCount\":false,\"optimizeCountSql\":true,\"orders\":[],\"pages\":1,\"records\":[{\"creatTime\":\"2023-01-08T22:18:52\",\"deleted\":0,\"id\":1,\"idCard\":\"330521200004033012\",\"name\":\"管理员\",\"password\":\"e10adc3949ba59abbe56e057f20f883e\",\"phone\":\"18788555211\",\"status\":1,\"updateTime\":\"2023-01-14T23:28:07\",\"userName\":\"admin\"},{\"creatTime\":\"2023-01-09T22:32:09\",\"deleted\":0,\"id\":2,\"name\":\"测试\",\"password\":\"e10adc3949ba59abbe56e057f20f883e\",\"phone\":\"18755588554\",\"status\":0,\"updateTime\":\"2023-01-10T21:08:06\",\"userName\":\"test2\"},{\"creatTime\":\"2023-01-09T22:32:09\",\"deleted\":0,\"description\":\"测试\",\"id\":3,\"idCard\":\"330521200105033015\",\"name\":\"测试\",\"password\":\"e10adc3949ba59abbe56e057f20f883e\",\"phone\":\"18755588554\",\"status\":1,\"updateTime\":\"2023-01-10T21:08:08\",\"userName\":\"test3\"},{\"creatTime\":\"2023-01-14T23:33:29\",\"deleted\":0,\"id\":7,\"idCard\":\"330521200107043017\",\"name\":\"测试7\",\"password\":\"e10adc3949ba59abbe56e057f20f883e\",\"phone\":\"18768215183\",\"status\":0,\"updateTime\":\"2023-01-14T23:33:29\",\"userName\":\"cs7\"},{\"creatTime\":\"2023-01-31T11:37:50\",\"deleted\":0,\"description\":\"测试前端权限的用户\",\"id\":18,\"idCard\":\"330521200308023015\",\"name\":\"测试前端权限用户\",\"password\":\"e10adc3949ba59abbe56e057f20f883e\",\"phone\":\"18754874511\",\"status\":1,\"updateTime\":\"2023-01-31T11:37:50\",\"userName\":\"fcltest\"},{\"creatTime\":\"2023-02-07T22:28:34\",\"deleted\":0,\"description\":\"发发发发发\",\"id\":19,\"idCard\":\"330521200405063015\",\"name\":\"达瓦达瓦\",\"password\":\"e10adc3949ba59abbe56e057f20f883e\",\"phone\":\"18755544112\",\"status\":1,\"updateTime\":\"2023-02-07T22:28:34\",\"userName\":\"tetsddd\"}],\"searchCount\":true,\"size\":10,\"total\":6},\"message\":\"操作成功\"}');
INSERT INTO `sys_web_log` VALUES ('查询用户分页及搜索', 'admin', '2023-02-18 16:02:14', 6, 'http://localhost:9000', '/ccmall/sys/sysuser/list', 'http://localhost:9000/ccmall/sys/sysuser/list', 'GET', '127.0.0.1', '{\"keyword\":\"\"}', '{\"code\":200,\"data\":{\"current\":1,\"hitCount\":false,\"optimizeCountSql\":true,\"orders\":[],\"pages\":1,\"records\":[{\"creatTime\":\"2023-01-08T22:18:52\",\"deleted\":0,\"id\":1,\"idCard\":\"330521200004033012\",\"name\":\"管理员\",\"password\":\"e10adc3949ba59abbe56e057f20f883e\",\"phone\":\"18788555211\",\"status\":1,\"updateTime\":\"2023-01-14T23:28:07\",\"userName\":\"admin\"},{\"creatTime\":\"2023-01-09T22:32:09\",\"deleted\":0,\"id\":2,\"name\":\"测试\",\"password\":\"e10adc3949ba59abbe56e057f20f883e\",\"phone\":\"18755588554\",\"status\":0,\"updateTime\":\"2023-01-10T21:08:06\",\"userName\":\"test2\"},{\"creatTime\":\"2023-01-09T22:32:09\",\"deleted\":0,\"description\":\"测试\",\"id\":3,\"idCard\":\"330521200105033015\",\"name\":\"测试\",\"password\":\"e10adc3949ba59abbe56e057f20f883e\",\"phone\":\"18755588554\",\"status\":1,\"updateTime\":\"2023-01-10T21:08:08\",\"userName\":\"test3\"},{\"creatTime\":\"2023-01-14T23:33:29\",\"deleted\":0,\"id\":7,\"idCard\":\"330521200107043017\",\"name\":\"测试7\",\"password\":\"e10adc3949ba59abbe56e057f20f883e\",\"phone\":\"18768215183\",\"status\":0,\"updateTime\":\"2023-01-14T23:33:29\",\"userName\":\"cs7\"},{\"creatTime\":\"2023-01-31T11:37:50\",\"deleted\":0,\"description\":\"测试前端权限的用户\",\"id\":18,\"idCard\":\"330521200308023015\",\"name\":\"测试前端权限用户\",\"password\":\"e10adc3949ba59abbe56e057f20f883e\",\"phone\":\"18754874511\",\"status\":1,\"updateTime\":\"2023-01-31T11:37:50\",\"userName\":\"fcltest\"},{\"creatTime\":\"2023-02-07T22:28:34\",\"deleted\":0,\"description\":\"发发发\",\"id\":19,\"idCard\":\"330521200405063015\",\"name\":\"达瓦达瓦\",\"password\":\"e10adc3949ba59abbe56e057f20f883e\",\"phone\":\"18755544112\",\"status\":1,\"updateTime\":\"2023-02-07T22:28:34\",\"userName\":\"tetsddd\"}],\"searchCount\":true,\"size\":10,\"total\":6},\"message\":\"操作成功\"}');
INSERT INTO `sys_web_log` VALUES ('查询用户分页及搜索', 'admin', '2023-02-18 16:03:06', 4, 'http://localhost:9000', '/ccmall/sys/sysuser/list', 'http://localhost:9000/ccmall/sys/sysuser/list', 'GET', '127.0.0.1', '{\"keyword\":\"\"}', '{\"code\":200,\"data\":{\"current\":1,\"hitCount\":false,\"optimizeCountSql\":true,\"orders\":[],\"pages\":1,\"records\":[{\"creatTime\":\"2023-01-08T22:18:52\",\"deleted\":0,\"id\":1,\"idCard\":\"330521200004033012\",\"name\":\"管理员\",\"password\":\"e10adc3949ba59abbe56e057f20f883e\",\"phone\":\"18788555211\",\"status\":1,\"updateTime\":\"2023-01-14T23:28:07\",\"userName\":\"admin\"},{\"creatTime\":\"2023-01-09T22:32:09\",\"deleted\":0,\"id\":2,\"name\":\"测试\",\"password\":\"e10adc3949ba59abbe56e057f20f883e\",\"phone\":\"18755588554\",\"status\":0,\"updateTime\":\"2023-01-10T21:08:06\",\"userName\":\"test2\"},{\"creatTime\":\"2023-01-09T22:32:09\",\"deleted\":0,\"description\":\"测试\",\"id\":3,\"idCard\":\"330521200105033015\",\"name\":\"测试\",\"password\":\"e10adc3949ba59abbe56e057f20f883e\",\"phone\":\"18755588554\",\"status\":1,\"updateTime\":\"2023-01-10T21:08:08\",\"userName\":\"test3\"},{\"creatTime\":\"2023-01-14T23:33:29\",\"deleted\":0,\"id\":7,\"idCard\":\"330521200107043017\",\"name\":\"测试7\",\"password\":\"e10adc3949ba59abbe56e057f20f883e\",\"phone\":\"18768215183\",\"status\":0,\"updateTime\":\"2023-01-14T23:33:29\",\"userName\":\"cs7\"},{\"creatTime\":\"2023-01-31T11:37:50\",\"deleted\":0,\"description\":\"测试前端权限的用户\",\"id\":18,\"idCard\":\"330521200308023015\",\"name\":\"测试前端权限用户\",\"password\":\"e10adc3949ba59abbe56e057f20f883e\",\"phone\":\"18754874511\",\"status\":1,\"updateTime\":\"2023-01-31T11:37:50\",\"userName\":\"fcltest\"},{\"creatTime\":\"2023-02-07T22:28:34\",\"deleted\":0,\"description\":\"发发发vvv\",\"id\":19,\"idCard\":\"330521200405063015\",\"name\":\"达瓦达瓦\",\"password\":\"e10adc3949ba59abbe56e057f20f883e\",\"phone\":\"18755544112\",\"status\":1,\"updateTime\":\"2023-02-07T22:28:34\",\"userName\":\"tetsddd\"}],\"searchCount\":true,\"size\":10,\"total\":6},\"message\":\"操作成功\"}');
INSERT INTO `sys_web_log` VALUES ('查询用户分页及搜索', 'admin', '2023-02-18 16:05:49', 6, 'http://localhost:9000', '/ccmall/sys/sysuser/list', 'http://localhost:9000/ccmall/sys/sysuser/list', 'GET', '127.0.0.1', '{\"keyword\":\"\"}', '{\"code\":200,\"data\":{\"current\":1,\"hitCount\":false,\"optimizeCountSql\":true,\"orders\":[],\"pages\":1,\"records\":[{\"creatTime\":\"2023-01-08T22:18:52\",\"deleted\":0,\"id\":1,\"idCard\":\"330521200004033012\",\"name\":\"管理员\",\"password\":\"e10adc3949ba59abbe56e057f20f883e\",\"phone\":\"18788555211\",\"status\":1,\"updateTime\":\"2023-01-14T23:28:07\",\"userName\":\"admin\"},{\"creatTime\":\"2023-01-09T22:32:09\",\"deleted\":0,\"id\":2,\"name\":\"测试\",\"password\":\"e10adc3949ba59abbe56e057f20f883e\",\"phone\":\"18755588554\",\"status\":0,\"updateTime\":\"2023-01-10T21:08:06\",\"userName\":\"test2\"},{\"creatTime\":\"2023-01-09T22:32:09\",\"deleted\":0,\"description\":\"测试\",\"id\":3,\"idCard\":\"330521200105033015\",\"name\":\"测试\",\"password\":\"e10adc3949ba59abbe56e057f20f883e\",\"phone\":\"18755588554\",\"status\":1,\"updateTime\":\"2023-01-10T21:08:08\",\"userName\":\"test3\"},{\"creatTime\":\"2023-01-14T23:33:29\",\"deleted\":0,\"id\":7,\"idCard\":\"330521200107043017\",\"name\":\"测试7\",\"password\":\"e10adc3949ba59abbe56e057f20f883e\",\"phone\":\"18768215183\",\"status\":0,\"updateTime\":\"2023-01-14T23:33:29\",\"userName\":\"cs7\"},{\"creatTime\":\"2023-01-31T11:37:50\",\"deleted\":0,\"description\":\"测试前端权限的用户\",\"id\":18,\"idCard\":\"330521200308023015\",\"name\":\"测试前端权限用户\",\"password\":\"e10adc3949ba59abbe56e057f20f883e\",\"phone\":\"18754874511\",\"status\":1,\"updateTime\":\"2023-01-31T11:37:50\",\"userName\":\"fcltest\"},{\"creatTime\":\"2023-02-07T22:28:34\",\"deleted\":0,\"description\":\"发发发vvv\",\"id\":19,\"idCard\":\"330521200405063015\",\"name\":\"达瓦达瓦\",\"password\":\"e10adc3949ba59abbe56e057f20f883e\",\"phone\":\"18755544112\",\"status\":1,\"updateTime\":\"2023-02-07T22:28:34\",\"userName\":\"tetsddd\"}],\"searchCount\":true,\"size\":10,\"total\":6},\"message\":\"操作成功\"}');
INSERT INTO `sys_web_log` VALUES ('查询用户分页及搜索', 'admin', '2023-02-18 16:07:25', 4, 'http://localhost:9000', '/ccmall/sys/sysuser/list', 'http://localhost:9000/ccmall/sys/sysuser/list', 'GET', '127.0.0.1', '{\"keyword\":\"\"}', '{\"code\":200,\"data\":{\"current\":1,\"hitCount\":false,\"optimizeCountSql\":true,\"orders\":[],\"pages\":1,\"records\":[{\"creatTime\":\"2023-01-08T22:18:52\",\"deleted\":0,\"id\":1,\"idCard\":\"330521200004033012\",\"name\":\"管理员\",\"password\":\"e10adc3949ba59abbe56e057f20f883e\",\"phone\":\"18788555211\",\"status\":1,\"updateTime\":\"2023-01-14T23:28:07\",\"userName\":\"admin\"},{\"creatTime\":\"2023-01-09T22:32:09\",\"deleted\":0,\"id\":2,\"name\":\"测试\",\"password\":\"e10adc3949ba59abbe56e057f20f883e\",\"phone\":\"18755588554\",\"status\":0,\"updateTime\":\"2023-01-10T21:08:06\",\"userName\":\"test2\"},{\"creatTime\":\"2023-01-09T22:32:09\",\"deleted\":0,\"description\":\"测试\",\"id\":3,\"idCard\":\"330521200105033015\",\"name\":\"测试\",\"password\":\"e10adc3949ba59abbe56e057f20f883e\",\"phone\":\"18755588554\",\"status\":1,\"updateTime\":\"2023-01-10T21:08:08\",\"userName\":\"test3\"},{\"creatTime\":\"2023-01-14T23:33:29\",\"deleted\":0,\"id\":7,\"idCard\":\"330521200107043017\",\"name\":\"测试7\",\"password\":\"e10adc3949ba59abbe56e057f20f883e\",\"phone\":\"18768215183\",\"status\":0,\"updateTime\":\"2023-01-14T23:33:29\",\"userName\":\"cs7\"},{\"creatTime\":\"2023-01-31T11:37:50\",\"deleted\":0,\"description\":\"测试前端权限的用户\",\"id\":18,\"idCard\":\"330521200308023015\",\"name\":\"测试前端权限用户\",\"password\":\"e10adc3949ba59abbe56e057f20f883e\",\"phone\":\"18754874511\",\"status\":1,\"updateTime\":\"2023-01-31T11:37:50\",\"userName\":\"fcltest\"},{\"creatTime\":\"2023-02-07T22:28:34\",\"deleted\":0,\"description\":\"发发发vvv\",\"id\":19,\"idCard\":\"330521200405063015\",\"name\":\"达瓦达瓦\",\"password\":\"e10adc3949ba59abbe56e057f20f883e\",\"phone\":\"18755544112\",\"status\":1,\"updateTime\":\"2023-02-07T22:28:34\",\"userName\":\"tetsddd\"}],\"searchCount\":true,\"size\":10,\"total\":6},\"message\":\"操作成功\"}');
INSERT INTO `sys_web_log` VALUES ('查询用户分页及搜索', 'admin', '2023-02-18 16:07:34', 4, 'http://localhost:9000', '/ccmall/sys/sysuser/list', 'http://localhost:9000/ccmall/sys/sysuser/list', 'GET', '127.0.0.1', '{\"keyword\":\"\"}', '{\"code\":200,\"data\":{\"current\":1,\"hitCount\":false,\"optimizeCountSql\":true,\"orders\":[],\"pages\":1,\"records\":[{\"creatTime\":\"2023-01-08T22:18:52\",\"deleted\":0,\"id\":1,\"idCard\":\"330521200004033012\",\"name\":\"管理员\",\"password\":\"e10adc3949ba59abbe56e057f20f883e\",\"phone\":\"18788555211\",\"status\":1,\"updateTime\":\"2023-01-14T23:28:07\",\"userName\":\"admin\"},{\"creatTime\":\"2023-01-09T22:32:09\",\"deleted\":0,\"id\":2,\"name\":\"测试\",\"password\":\"e10adc3949ba59abbe56e057f20f883e\",\"phone\":\"18755588554\",\"status\":0,\"updateTime\":\"2023-01-10T21:08:06\",\"userName\":\"test2\"},{\"creatTime\":\"2023-01-09T22:32:09\",\"deleted\":0,\"description\":\"测试\",\"id\":3,\"idCard\":\"330521200105033015\",\"name\":\"测试\",\"password\":\"e10adc3949ba59abbe56e057f20f883e\",\"phone\":\"18755588554\",\"status\":1,\"updateTime\":\"2023-01-10T21:08:08\",\"userName\":\"test3\"},{\"creatTime\":\"2023-01-14T23:33:29\",\"deleted\":0,\"id\":7,\"idCard\":\"330521200107043017\",\"name\":\"测试7\",\"password\":\"e10adc3949ba59abbe56e057f20f883e\",\"phone\":\"18768215183\",\"status\":0,\"updateTime\":\"2023-01-14T23:33:29\",\"userName\":\"cs7\"},{\"creatTime\":\"2023-01-31T11:37:50\",\"deleted\":0,\"description\":\"测试前端权限的用户\",\"id\":18,\"idCard\":\"330521200308023015\",\"name\":\"测试前端权限用户\",\"password\":\"e10adc3949ba59abbe56e057f20f883e\",\"phone\":\"18754874511\",\"status\":1,\"updateTime\":\"2023-01-31T11:37:50\",\"userName\":\"fcltest\"},{\"creatTime\":\"2023-02-07T22:28:34\",\"deleted\":0,\"description\":\"发发发vvv\",\"id\":19,\"idCard\":\"330521200405063015\",\"name\":\"达瓦达瓦\",\"password\":\"e10adc3949ba59abbe56e057f20f883e\",\"phone\":\"18755544112\",\"status\":1,\"updateTime\":\"2023-02-07T22:28:34\",\"userName\":\"tetsddd\"}],\"searchCount\":true,\"size\":10,\"total\":6},\"message\":\"操作成功\"}');
INSERT INTO `sys_web_log` VALUES ('查询用户分页及搜索', 'admin', '2023-02-18 16:07:40', 3, 'http://localhost:9000', '/ccmall/sys/sysuser/list', 'http://localhost:9000/ccmall/sys/sysuser/list', 'GET', '127.0.0.1', '{\"keyword\":\"\"}', '{\"code\":200,\"data\":{\"current\":1,\"hitCount\":false,\"optimizeCountSql\":true,\"orders\":[],\"pages\":1,\"records\":[{\"creatTime\":\"2023-01-08T22:18:52\",\"deleted\":0,\"id\":1,\"idCard\":\"330521200004033012\",\"name\":\"管理员\",\"password\":\"e10adc3949ba59abbe56e057f20f883e\",\"phone\":\"18788555211\",\"status\":1,\"updateTime\":\"2023-01-14T23:28:07\",\"userName\":\"admin\"},{\"creatTime\":\"2023-01-09T22:32:09\",\"deleted\":0,\"id\":2,\"name\":\"测试\",\"password\":\"e10adc3949ba59abbe56e057f20f883e\",\"phone\":\"18755588554\",\"status\":0,\"updateTime\":\"2023-01-10T21:08:06\",\"userName\":\"test2\"},{\"creatTime\":\"2023-01-09T22:32:09\",\"deleted\":0,\"description\":\"测试\",\"id\":3,\"idCard\":\"330521200105033015\",\"name\":\"测试\",\"password\":\"e10adc3949ba59abbe56e057f20f883e\",\"phone\":\"18755588554\",\"status\":1,\"updateTime\":\"2023-01-10T21:08:08\",\"userName\":\"test3\"},{\"creatTime\":\"2023-01-14T23:33:29\",\"deleted\":0,\"id\":7,\"idCard\":\"330521200107043017\",\"name\":\"测试7\",\"password\":\"e10adc3949ba59abbe56e057f20f883e\",\"phone\":\"18768215183\",\"status\":0,\"updateTime\":\"2023-01-14T23:33:29\",\"userName\":\"cs7\"},{\"creatTime\":\"2023-01-31T11:37:50\",\"deleted\":0,\"description\":\"测试前端权限的用户\",\"id\":18,\"idCard\":\"330521200308023015\",\"name\":\"测试前端权限用户\",\"password\":\"e10adc3949ba59abbe56e057f20f883e\",\"phone\":\"18754874511\",\"status\":1,\"updateTime\":\"2023-01-31T11:37:50\",\"userName\":\"fcltest\"},{\"creatTime\":\"2023-02-07T22:28:34\",\"deleted\":0,\"description\":\"发发发vvv\",\"id\":19,\"idCard\":\"330521200405063015\",\"name\":\"达瓦达瓦\",\"password\":\"e10adc3949ba59abbe56e057f20f883e\",\"phone\":\"18755544112\",\"status\":1,\"updateTime\":\"2023-02-07T22:28:34\",\"userName\":\"tetsddd\"}],\"searchCount\":true,\"size\":10,\"total\":6},\"message\":\"操作成功\"}');
INSERT INTO `sys_web_log` VALUES ('查询用户分页及搜索', 'admin', '2023-02-18 16:07:45', 3, 'http://localhost:9000', '/ccmall/sys/sysuser/list', 'http://localhost:9000/ccmall/sys/sysuser/list', 'GET', '127.0.0.1', '{\"keyword\":\"\"}', '{\"code\":200,\"data\":{\"current\":1,\"hitCount\":false,\"optimizeCountSql\":true,\"orders\":[],\"pages\":1,\"records\":[{\"creatTime\":\"2023-01-08T22:18:52\",\"deleted\":0,\"id\":1,\"idCard\":\"330521200004033012\",\"name\":\"管理员\",\"password\":\"e10adc3949ba59abbe56e057f20f883e\",\"phone\":\"18788555211\",\"status\":1,\"updateTime\":\"2023-01-14T23:28:07\",\"userName\":\"admin\"},{\"creatTime\":\"2023-01-09T22:32:09\",\"deleted\":0,\"id\":2,\"name\":\"测试\",\"password\":\"e10adc3949ba59abbe56e057f20f883e\",\"phone\":\"18755588554\",\"status\":0,\"updateTime\":\"2023-01-10T21:08:06\",\"userName\":\"test2\"},{\"creatTime\":\"2023-01-09T22:32:09\",\"deleted\":0,\"description\":\"测试\",\"id\":3,\"idCard\":\"330521200105033015\",\"name\":\"测试\",\"password\":\"e10adc3949ba59abbe56e057f20f883e\",\"phone\":\"18755588554\",\"status\":1,\"updateTime\":\"2023-01-10T21:08:08\",\"userName\":\"test3\"},{\"creatTime\":\"2023-01-14T23:33:29\",\"deleted\":0,\"id\":7,\"idCard\":\"330521200107043017\",\"name\":\"测试7\",\"password\":\"e10adc3949ba59abbe56e057f20f883e\",\"phone\":\"18768215183\",\"status\":0,\"updateTime\":\"2023-01-14T23:33:29\",\"userName\":\"cs7\"},{\"creatTime\":\"2023-01-31T11:37:50\",\"deleted\":0,\"description\":\"测试前端权限的用户\",\"id\":18,\"idCard\":\"330521200308023015\",\"name\":\"测试前端权限用户\",\"password\":\"e10adc3949ba59abbe56e057f20f883e\",\"phone\":\"18754874511\",\"status\":1,\"updateTime\":\"2023-01-31T11:37:50\",\"userName\":\"fcltest\"},{\"creatTime\":\"2023-02-07T22:28:34\",\"deleted\":0,\"description\":\"发发发vvv\",\"id\":19,\"idCard\":\"330521200405063015\",\"name\":\"达瓦达瓦\",\"password\":\"e10adc3949ba59abbe56e057f20f883e\",\"phone\":\"18755544112\",\"status\":1,\"updateTime\":\"2023-02-07T22:28:34\",\"userName\":\"tetsddd\"}],\"searchCount\":true,\"size\":10,\"total\":6},\"message\":\"操作成功\"}');
INSERT INTO `sys_web_log` VALUES ('查询用户分页及搜索', 'admin', '2023-02-18 16:07:48', 3, 'http://localhost:9000', '/ccmall/sys/sysuser/list', 'http://localhost:9000/ccmall/sys/sysuser/list', 'GET', '127.0.0.1', '{\"keyword\":\"\"}', '{\"code\":200,\"data\":{\"current\":1,\"hitCount\":false,\"optimizeCountSql\":true,\"orders\":[],\"pages\":1,\"records\":[{\"creatTime\":\"2023-01-08T22:18:52\",\"deleted\":0,\"id\":1,\"idCard\":\"330521200004033012\",\"name\":\"管理员\",\"password\":\"e10adc3949ba59abbe56e057f20f883e\",\"phone\":\"18788555211\",\"status\":1,\"updateTime\":\"2023-01-14T23:28:07\",\"userName\":\"admin\"},{\"creatTime\":\"2023-01-09T22:32:09\",\"deleted\":0,\"id\":2,\"name\":\"测试\",\"password\":\"e10adc3949ba59abbe56e057f20f883e\",\"phone\":\"18755588554\",\"status\":0,\"updateTime\":\"2023-01-10T21:08:06\",\"userName\":\"test2\"},{\"creatTime\":\"2023-01-09T22:32:09\",\"deleted\":0,\"description\":\"测试\",\"id\":3,\"idCard\":\"330521200105033015\",\"name\":\"测试\",\"password\":\"e10adc3949ba59abbe56e057f20f883e\",\"phone\":\"18755588554\",\"status\":1,\"updateTime\":\"2023-01-10T21:08:08\",\"userName\":\"test3\"},{\"creatTime\":\"2023-01-14T23:33:29\",\"deleted\":0,\"id\":7,\"idCard\":\"330521200107043017\",\"name\":\"测试7\",\"password\":\"e10adc3949ba59abbe56e057f20f883e\",\"phone\":\"18768215183\",\"status\":0,\"updateTime\":\"2023-01-14T23:33:29\",\"userName\":\"cs7\"},{\"creatTime\":\"2023-01-31T11:37:50\",\"deleted\":0,\"description\":\"测试前端权限的用户\",\"id\":18,\"idCard\":\"330521200308023015\",\"name\":\"测试前端权限用户\",\"password\":\"e10adc3949ba59abbe56e057f20f883e\",\"phone\":\"18754874511\",\"status\":1,\"updateTime\":\"2023-01-31T11:37:50\",\"userName\":\"fcltest\"},{\"creatTime\":\"2023-02-07T22:28:34\",\"deleted\":0,\"description\":\"发发发vvv\",\"id\":19,\"idCard\":\"330521200405063015\",\"name\":\"达瓦达瓦\",\"password\":\"e10adc3949ba59abbe56e057f20f883e\",\"phone\":\"18755544112\",\"status\":1,\"updateTime\":\"2023-02-07T22:28:34\",\"userName\":\"tetsddd\"}],\"searchCount\":true,\"size\":10,\"total\":6},\"message\":\"操作成功\"}');
INSERT INTO `sys_web_log` VALUES ('查询用户分页及搜索', 'admin', '2023-02-18 16:08:00', 5, 'http://localhost:9000', '/ccmall/sys/sysuser/list', 'http://localhost:9000/ccmall/sys/sysuser/list', 'GET', '127.0.0.1', '{\"keyword\":\"\"}', '{\"code\":200,\"data\":{\"current\":1,\"hitCount\":false,\"optimizeCountSql\":true,\"orders\":[],\"pages\":1,\"records\":[{\"creatTime\":\"2023-01-08T22:18:52\",\"deleted\":0,\"id\":1,\"idCard\":\"330521200004033012\",\"name\":\"管理员\",\"password\":\"e10adc3949ba59abbe56e057f20f883e\",\"phone\":\"18788555211\",\"status\":1,\"updateTime\":\"2023-01-14T23:28:07\",\"userName\":\"admin\"},{\"creatTime\":\"2023-01-09T22:32:09\",\"deleted\":0,\"id\":2,\"name\":\"测试\",\"password\":\"e10adc3949ba59abbe56e057f20f883e\",\"phone\":\"18755588554\",\"status\":0,\"updateTime\":\"2023-01-10T21:08:06\",\"userName\":\"test2\"},{\"creatTime\":\"2023-01-09T22:32:09\",\"deleted\":0,\"description\":\"测试\",\"id\":3,\"idCard\":\"330521200105033015\",\"name\":\"测试\",\"password\":\"e10adc3949ba59abbe56e057f20f883e\",\"phone\":\"18755588554\",\"status\":1,\"updateTime\":\"2023-01-10T21:08:08\",\"userName\":\"test3\"},{\"creatTime\":\"2023-01-14T23:33:29\",\"deleted\":0,\"id\":7,\"idCard\":\"330521200107043017\",\"name\":\"测试7\",\"password\":\"e10adc3949ba59abbe56e057f20f883e\",\"phone\":\"18768215183\",\"status\":0,\"updateTime\":\"2023-01-14T23:33:29\",\"userName\":\"cs7\"},{\"creatTime\":\"2023-01-31T11:37:50\",\"deleted\":0,\"description\":\"测试前端权限的用户\",\"id\":18,\"idCard\":\"330521200308023015\",\"name\":\"测试前端权限用户\",\"password\":\"e10adc3949ba59abbe56e057f20f883e\",\"phone\":\"18754874511\",\"status\":1,\"updateTime\":\"2023-01-31T11:37:50\",\"userName\":\"fcltest\"},{\"creatTime\":\"2023-02-07T22:28:34\",\"deleted\":0,\"description\":\"发发发vvv\",\"id\":19,\"idCard\":\"330521200405063015\",\"name\":\"达瓦达瓦\",\"password\":\"e10adc3949ba59abbe56e057f20f883e\",\"phone\":\"18755544112\",\"status\":1,\"updateTime\":\"2023-02-07T22:28:34\",\"userName\":\"tetsddd\"}],\"searchCount\":true,\"size\":10,\"total\":6},\"message\":\"操作成功\"}');
INSERT INTO `sys_web_log` VALUES ('查询用户分页及搜索', 'admin', '2023-02-18 16:08:02', 3, 'http://localhost:9000', '/ccmall/sys/sysuser/list', 'http://localhost:9000/ccmall/sys/sysuser/list', 'GET', '127.0.0.1', '{\"keyword\":\"\"}', '{\"code\":200,\"data\":{\"current\":1,\"hitCount\":false,\"optimizeCountSql\":true,\"orders\":[],\"pages\":1,\"records\":[{\"creatTime\":\"2023-01-08T22:18:52\",\"deleted\":0,\"id\":1,\"idCard\":\"330521200004033012\",\"name\":\"管理员\",\"password\":\"e10adc3949ba59abbe56e057f20f883e\",\"phone\":\"18788555211\",\"status\":1,\"updateTime\":\"2023-01-14T23:28:07\",\"userName\":\"admin\"},{\"creatTime\":\"2023-01-09T22:32:09\",\"deleted\":0,\"id\":2,\"name\":\"测试\",\"password\":\"e10adc3949ba59abbe56e057f20f883e\",\"phone\":\"18755588554\",\"status\":0,\"updateTime\":\"2023-01-10T21:08:06\",\"userName\":\"test2\"},{\"creatTime\":\"2023-01-09T22:32:09\",\"deleted\":0,\"description\":\"测试\",\"id\":3,\"idCard\":\"330521200105033015\",\"name\":\"测试\",\"password\":\"e10adc3949ba59abbe56e057f20f883e\",\"phone\":\"18755588554\",\"status\":1,\"updateTime\":\"2023-01-10T21:08:08\",\"userName\":\"test3\"},{\"creatTime\":\"2023-01-14T23:33:29\",\"deleted\":0,\"id\":7,\"idCard\":\"330521200107043017\",\"name\":\"测试7\",\"password\":\"e10adc3949ba59abbe56e057f20f883e\",\"phone\":\"18768215183\",\"status\":0,\"updateTime\":\"2023-01-14T23:33:29\",\"userName\":\"cs7\"},{\"creatTime\":\"2023-01-31T11:37:50\",\"deleted\":0,\"description\":\"测试前端权限的用户\",\"id\":18,\"idCard\":\"330521200308023015\",\"name\":\"测试前端权限用户\",\"password\":\"e10adc3949ba59abbe56e057f20f883e\",\"phone\":\"18754874511\",\"status\":1,\"updateTime\":\"2023-01-31T11:37:50\",\"userName\":\"fcltest\"},{\"creatTime\":\"2023-02-07T22:28:34\",\"deleted\":0,\"description\":\"发发发vvv\",\"id\":19,\"idCard\":\"330521200405063015\",\"name\":\"达瓦达瓦\",\"password\":\"e10adc3949ba59abbe56e057f20f883e\",\"phone\":\"18755544112\",\"status\":1,\"updateTime\":\"2023-02-07T22:28:34\",\"userName\":\"tetsddd\"}],\"searchCount\":true,\"size\":10,\"total\":6},\"message\":\"操作成功\"}');
INSERT INTO `sys_web_log` VALUES ('查询用户分页及搜索', 'admin', '2023-02-18 16:08:05', 5, 'http://localhost:9000', '/ccmall/sys/sysuser/list', 'http://localhost:9000/ccmall/sys/sysuser/list', 'GET', '127.0.0.1', '{\"keyword\":\"\"}', '{\"code\":200,\"data\":{\"current\":1,\"hitCount\":false,\"optimizeCountSql\":true,\"orders\":[],\"pages\":1,\"records\":[{\"creatTime\":\"2023-01-08T22:18:52\",\"deleted\":0,\"id\":1,\"idCard\":\"330521200004033012\",\"name\":\"管理员\",\"password\":\"e10adc3949ba59abbe56e057f20f883e\",\"phone\":\"18788555211\",\"status\":1,\"updateTime\":\"2023-01-14T23:28:07\",\"userName\":\"admin\"},{\"creatTime\":\"2023-01-09T22:32:09\",\"deleted\":0,\"id\":2,\"name\":\"测试\",\"password\":\"e10adc3949ba59abbe56e057f20f883e\",\"phone\":\"18755588554\",\"status\":0,\"updateTime\":\"2023-01-10T21:08:06\",\"userName\":\"test2\"},{\"creatTime\":\"2023-01-09T22:32:09\",\"deleted\":0,\"description\":\"测试\",\"id\":3,\"idCard\":\"330521200105033015\",\"name\":\"测试\",\"password\":\"e10adc3949ba59abbe56e057f20f883e\",\"phone\":\"18755588554\",\"status\":1,\"updateTime\":\"2023-01-10T21:08:08\",\"userName\":\"test3\"},{\"creatTime\":\"2023-01-14T23:33:29\",\"deleted\":0,\"id\":7,\"idCard\":\"330521200107043017\",\"name\":\"测试7\",\"password\":\"e10adc3949ba59abbe56e057f20f883e\",\"phone\":\"18768215183\",\"status\":0,\"updateTime\":\"2023-01-14T23:33:29\",\"userName\":\"cs7\"},{\"creatTime\":\"2023-01-31T11:37:50\",\"deleted\":0,\"description\":\"测试前端权限的用户\",\"id\":18,\"idCard\":\"330521200308023015\",\"name\":\"测试前端权限用户\",\"password\":\"e10adc3949ba59abbe56e057f20f883e\",\"phone\":\"18754874511\",\"status\":1,\"updateTime\":\"2023-01-31T11:37:50\",\"userName\":\"fcltest\"},{\"creatTime\":\"2023-02-07T22:28:34\",\"deleted\":0,\"description\":\"发发发vvv\",\"id\":19,\"idCard\":\"330521200405063015\",\"name\":\"达瓦达瓦\",\"password\":\"e10adc3949ba59abbe56e057f20f883e\",\"phone\":\"18755544112\",\"status\":1,\"updateTime\":\"2023-02-07T22:28:34\",\"userName\":\"tetsddd\"}],\"searchCount\":true,\"size\":10,\"total\":6},\"message\":\"操作成功\"}');
INSERT INTO `sys_web_log` VALUES ('查询用户分页及搜索', 'admin', '2023-02-18 16:08:08', 5, 'http://localhost:9000', '/ccmall/sys/sysuser/list', 'http://localhost:9000/ccmall/sys/sysuser/list', 'GET', '127.0.0.1', '{\"keyword\":\"\"}', '{\"code\":200,\"data\":{\"current\":1,\"hitCount\":false,\"optimizeCountSql\":true,\"orders\":[],\"pages\":1,\"records\":[{\"creatTime\":\"2023-01-08T22:18:52\",\"deleted\":0,\"id\":1,\"idCard\":\"330521200004033012\",\"name\":\"管理员\",\"password\":\"e10adc3949ba59abbe56e057f20f883e\",\"phone\":\"18788555211\",\"status\":1,\"updateTime\":\"2023-01-14T23:28:07\",\"userName\":\"admin\"},{\"creatTime\":\"2023-01-09T22:32:09\",\"deleted\":0,\"id\":2,\"name\":\"测试\",\"password\":\"e10adc3949ba59abbe56e057f20f883e\",\"phone\":\"18755588554\",\"status\":0,\"updateTime\":\"2023-01-10T21:08:06\",\"userName\":\"test2\"},{\"creatTime\":\"2023-01-09T22:32:09\",\"deleted\":0,\"description\":\"测试\",\"id\":3,\"idCard\":\"330521200105033015\",\"name\":\"测试\",\"password\":\"e10adc3949ba59abbe56e057f20f883e\",\"phone\":\"18755588554\",\"status\":1,\"updateTime\":\"2023-01-10T21:08:08\",\"userName\":\"test3\"},{\"creatTime\":\"2023-01-14T23:33:29\",\"deleted\":0,\"id\":7,\"idCard\":\"330521200107043017\",\"name\":\"测试7\",\"password\":\"e10adc3949ba59abbe56e057f20f883e\",\"phone\":\"18768215183\",\"status\":0,\"updateTime\":\"2023-01-14T23:33:29\",\"userName\":\"cs7\"},{\"creatTime\":\"2023-01-31T11:37:50\",\"deleted\":0,\"description\":\"测试前端权限的用户\",\"id\":18,\"idCard\":\"330521200308023015\",\"name\":\"测试前端权限用户\",\"password\":\"e10adc3949ba59abbe56e057f20f883e\",\"phone\":\"18754874511\",\"status\":1,\"updateTime\":\"2023-01-31T11:37:50\",\"userName\":\"fcltest\"},{\"creatTime\":\"2023-02-07T22:28:34\",\"deleted\":0,\"description\":\"发发发vvv\",\"id\":19,\"idCard\":\"330521200405063015\",\"name\":\"达瓦达瓦\",\"password\":\"e10adc3949ba59abbe56e057f20f883e\",\"phone\":\"18755544112\",\"status\":1,\"updateTime\":\"2023-02-07T22:28:34\",\"userName\":\"tetsddd\"}],\"searchCount\":true,\"size\":10,\"total\":6},\"message\":\"操作成功\"}');
INSERT INTO `sys_web_log` VALUES ('查询用户分页及搜索', 'admin', '2023-02-18 16:08:34', 4, 'http://localhost:9000', '/ccmall/sys/sysuser/list', 'http://localhost:9000/ccmall/sys/sysuser/list', 'GET', '127.0.0.1', '{\"keyword\":\"\"}', '{\"code\":200,\"data\":{\"current\":1,\"hitCount\":false,\"optimizeCountSql\":true,\"orders\":[],\"pages\":1,\"records\":[{\"creatTime\":\"2023-01-08T22:18:52\",\"deleted\":0,\"id\":1,\"idCard\":\"330521200004033012\",\"name\":\"管理员\",\"password\":\"e10adc3949ba59abbe56e057f20f883e\",\"phone\":\"18788555211\",\"status\":1,\"updateTime\":\"2023-01-14T23:28:07\",\"userName\":\"admin\"},{\"creatTime\":\"2023-01-09T22:32:09\",\"deleted\":0,\"id\":2,\"name\":\"测试\",\"password\":\"e10adc3949ba59abbe56e057f20f883e\",\"phone\":\"18755588554\",\"status\":0,\"updateTime\":\"2023-01-10T21:08:06\",\"userName\":\"test2\"},{\"creatTime\":\"2023-01-09T22:32:09\",\"deleted\":0,\"description\":\"测试\",\"id\":3,\"idCard\":\"330521200105033015\",\"name\":\"测试\",\"password\":\"e10adc3949ba59abbe56e057f20f883e\",\"phone\":\"18755588554\",\"status\":1,\"updateTime\":\"2023-01-10T21:08:08\",\"userName\":\"test3\"},{\"creatTime\":\"2023-01-14T23:33:29\",\"deleted\":0,\"id\":7,\"idCard\":\"330521200107043017\",\"name\":\"测试7\",\"password\":\"e10adc3949ba59abbe56e057f20f883e\",\"phone\":\"18768215183\",\"status\":0,\"updateTime\":\"2023-01-14T23:33:29\",\"userName\":\"cs7\"},{\"creatTime\":\"2023-01-31T11:37:50\",\"deleted\":0,\"description\":\"测试前端权限的用户\",\"id\":18,\"idCard\":\"330521200308023015\",\"name\":\"测试前端权限用户\",\"password\":\"e10adc3949ba59abbe56e057f20f883e\",\"phone\":\"18754874511\",\"status\":1,\"updateTime\":\"2023-01-31T11:37:50\",\"userName\":\"fcltest\"},{\"creatTime\":\"2023-02-07T22:28:34\",\"deleted\":0,\"description\":\"发发发vvv\",\"id\":19,\"idCard\":\"330521200405063015\",\"name\":\"达瓦达瓦\",\"password\":\"e10adc3949ba59abbe56e057f20f883e\",\"phone\":\"18755544112\",\"status\":1,\"updateTime\":\"2023-02-07T22:28:34\",\"userName\":\"tetsddd\"}],\"searchCount\":true,\"size\":10,\"total\":6},\"message\":\"操作成功\"}');
INSERT INTO `sys_web_log` VALUES ('查询用户分页及搜索', 'admin', '2023-02-18 16:09:28', 4, 'http://localhost:9000', '/ccmall/sys/sysuser/list', 'http://localhost:9000/ccmall/sys/sysuser/list', 'GET', '127.0.0.1', '{\"keyword\":\"\"}', '{\"code\":200,\"data\":{\"current\":1,\"hitCount\":false,\"optimizeCountSql\":true,\"orders\":[],\"pages\":1,\"records\":[{\"creatTime\":\"2023-01-08T22:18:52\",\"deleted\":0,\"id\":1,\"idCard\":\"330521200004033012\",\"name\":\"管理员\",\"password\":\"e10adc3949ba59abbe56e057f20f883e\",\"phone\":\"18788555211\",\"status\":1,\"updateTime\":\"2023-01-14T23:28:07\",\"userName\":\"admin\"},{\"creatTime\":\"2023-01-09T22:32:09\",\"deleted\":0,\"id\":2,\"name\":\"测试\",\"password\":\"e10adc3949ba59abbe56e057f20f883e\",\"phone\":\"18755588554\",\"status\":0,\"updateTime\":\"2023-01-10T21:08:06\",\"userName\":\"test2\"},{\"creatTime\":\"2023-01-09T22:32:09\",\"deleted\":0,\"description\":\"测试\",\"id\":3,\"idCard\":\"330521200105033015\",\"name\":\"测试\",\"password\":\"e10adc3949ba59abbe56e057f20f883e\",\"phone\":\"18755588554\",\"status\":1,\"updateTime\":\"2023-01-10T21:08:08\",\"userName\":\"test3\"},{\"creatTime\":\"2023-01-14T23:33:29\",\"deleted\":0,\"id\":7,\"idCard\":\"330521200107043017\",\"name\":\"测试7\",\"password\":\"e10adc3949ba59abbe56e057f20f883e\",\"phone\":\"18768215183\",\"status\":0,\"updateTime\":\"2023-01-14T23:33:29\",\"userName\":\"cs7\"},{\"creatTime\":\"2023-01-31T11:37:50\",\"deleted\":0,\"description\":\"测试前端权限的用户\",\"id\":18,\"idCard\":\"330521200308023015\",\"name\":\"测试前端权限用户\",\"password\":\"e10adc3949ba59abbe56e057f20f883e\",\"phone\":\"18754874511\",\"status\":1,\"updateTime\":\"2023-01-31T11:37:50\",\"userName\":\"fcltest\"},{\"creatTime\":\"2023-02-07T22:28:34\",\"deleted\":0,\"description\":\"发发发vvv\",\"id\":19,\"idCard\":\"330521200405063015\",\"name\":\"达瓦达瓦\",\"password\":\"e10adc3949ba59abbe56e057f20f883e\",\"phone\":\"18755544112\",\"status\":1,\"updateTime\":\"2023-02-07T22:28:34\",\"userName\":\"tetsddd\"}],\"searchCount\":true,\"size\":10,\"total\":6},\"message\":\"操作成功\"}');
INSERT INTO `sys_web_log` VALUES ('查询用户分页及搜索', 'admin', '2023-02-18 16:09:50', 3, 'http://localhost:9000', '/ccmall/sys/sysuser/list', 'http://localhost:9000/ccmall/sys/sysuser/list', 'GET', '127.0.0.1', '{\"keyword\":\"\"}', '{\"code\":200,\"data\":{\"current\":1,\"hitCount\":false,\"optimizeCountSql\":true,\"orders\":[],\"pages\":1,\"records\":[{\"creatTime\":\"2023-01-08T22:18:52\",\"deleted\":0,\"id\":1,\"idCard\":\"330521200004033012\",\"name\":\"管理员\",\"password\":\"e10adc3949ba59abbe56e057f20f883e\",\"phone\":\"18788555211\",\"status\":1,\"updateTime\":\"2023-01-14T23:28:07\",\"userName\":\"admin\"},{\"creatTime\":\"2023-01-09T22:32:09\",\"deleted\":0,\"id\":2,\"name\":\"测试\",\"password\":\"e10adc3949ba59abbe56e057f20f883e\",\"phone\":\"18755588554\",\"status\":0,\"updateTime\":\"2023-01-10T21:08:06\",\"userName\":\"test2\"},{\"creatTime\":\"2023-01-09T22:32:09\",\"deleted\":0,\"description\":\"测试\",\"id\":3,\"idCard\":\"330521200105033015\",\"name\":\"测试\",\"password\":\"e10adc3949ba59abbe56e057f20f883e\",\"phone\":\"18755588554\",\"status\":1,\"updateTime\":\"2023-01-10T21:08:08\",\"userName\":\"test3\"},{\"creatTime\":\"2023-01-14T23:33:29\",\"deleted\":0,\"id\":7,\"idCard\":\"330521200107043017\",\"name\":\"测试7\",\"password\":\"e10adc3949ba59abbe56e057f20f883e\",\"phone\":\"18768215183\",\"status\":0,\"updateTime\":\"2023-01-14T23:33:29\",\"userName\":\"cs7\"},{\"creatTime\":\"2023-01-31T11:37:50\",\"deleted\":0,\"description\":\"测试前端权限的用户\",\"id\":18,\"idCard\":\"330521200308023015\",\"name\":\"测试前端权限用户\",\"password\":\"e10adc3949ba59abbe56e057f20f883e\",\"phone\":\"18754874511\",\"status\":1,\"updateTime\":\"2023-01-31T11:37:50\",\"userName\":\"fcltest\"},{\"creatTime\":\"2023-02-07T22:28:34\",\"deleted\":0,\"description\":\"发发发vvv\",\"id\":19,\"idCard\":\"330521200405063015\",\"name\":\"达瓦达瓦\",\"password\":\"e10adc3949ba59abbe56e057f20f883e\",\"phone\":\"18755544112\",\"status\":1,\"updateTime\":\"2023-02-07T22:28:34\",\"userName\":\"tetsddd\"}],\"searchCount\":true,\"size\":10,\"total\":6},\"message\":\"操作成功\"}');
INSERT INTO `sys_web_log` VALUES ('查询用户分页及搜索', 'admin', '2023-02-18 16:10:32', 3, 'http://localhost:9000', '/ccmall/sys/sysuser/list', 'http://localhost:9000/ccmall/sys/sysuser/list', 'GET', '127.0.0.1', '{\"keyword\":\"\"}', '{\"code\":200,\"data\":{\"current\":1,\"hitCount\":false,\"optimizeCountSql\":true,\"orders\":[],\"pages\":1,\"records\":[{\"creatTime\":\"2023-01-08T22:18:52\",\"deleted\":0,\"id\":1,\"idCard\":\"330521200004033012\",\"name\":\"管理员\",\"password\":\"e10adc3949ba59abbe56e057f20f883e\",\"phone\":\"18788555211\",\"status\":1,\"updateTime\":\"2023-01-14T23:28:07\",\"userName\":\"admin\"},{\"creatTime\":\"2023-01-09T22:32:09\",\"deleted\":0,\"id\":2,\"name\":\"测试\",\"password\":\"e10adc3949ba59abbe56e057f20f883e\",\"phone\":\"18755588554\",\"status\":0,\"updateTime\":\"2023-01-10T21:08:06\",\"userName\":\"test2\"},{\"creatTime\":\"2023-01-09T22:32:09\",\"deleted\":0,\"description\":\"测试\",\"id\":3,\"idCard\":\"330521200105033015\",\"name\":\"测试\",\"password\":\"e10adc3949ba59abbe56e057f20f883e\",\"phone\":\"18755588554\",\"status\":1,\"updateTime\":\"2023-01-10T21:08:08\",\"userName\":\"test3\"},{\"creatTime\":\"2023-01-14T23:33:29\",\"deleted\":0,\"id\":7,\"idCard\":\"330521200107043017\",\"name\":\"测试7\",\"password\":\"e10adc3949ba59abbe56e057f20f883e\",\"phone\":\"18768215183\",\"status\":0,\"updateTime\":\"2023-01-14T23:33:29\",\"userName\":\"cs7\"},{\"creatTime\":\"2023-01-31T11:37:50\",\"deleted\":0,\"description\":\"测试前端权限的用户\",\"id\":18,\"idCard\":\"330521200308023015\",\"name\":\"测试前端权限用户\",\"password\":\"e10adc3949ba59abbe56e057f20f883e\",\"phone\":\"18754874511\",\"status\":1,\"updateTime\":\"2023-01-31T11:37:50\",\"userName\":\"fcltest\"},{\"creatTime\":\"2023-02-07T22:28:34\",\"deleted\":0,\"description\":\"发发发vvv\",\"id\":19,\"idCard\":\"330521200405063015\",\"name\":\"达瓦达瓦\",\"password\":\"e10adc3949ba59abbe56e057f20f883e\",\"phone\":\"18755544112\",\"status\":1,\"updateTime\":\"2023-02-07T22:28:34\",\"userName\":\"tetsddd\"}],\"searchCount\":true,\"size\":10,\"total\":6},\"message\":\"操作成功\"}');
INSERT INTO `sys_web_log` VALUES ('查询用户分页及搜索', 'admin', '2023-02-18 16:11:10', 4, 'http://localhost:9000', '/ccmall/sys/sysuser/list', 'http://localhost:9000/ccmall/sys/sysuser/list', 'GET', '127.0.0.1', '{\"keyword\":\"\"}', '{\"code\":200,\"data\":{\"current\":1,\"hitCount\":false,\"optimizeCountSql\":true,\"orders\":[],\"pages\":1,\"records\":[{\"creatTime\":\"2023-01-08T22:18:52\",\"deleted\":0,\"id\":1,\"idCard\":\"330521200004033012\",\"name\":\"管理员\",\"password\":\"e10adc3949ba59abbe56e057f20f883e\",\"phone\":\"18788555211\",\"status\":1,\"updateTime\":\"2023-01-14T23:28:07\",\"userName\":\"admin\"},{\"creatTime\":\"2023-01-09T22:32:09\",\"deleted\":0,\"id\":2,\"name\":\"测试\",\"password\":\"e10adc3949ba59abbe56e057f20f883e\",\"phone\":\"18755588554\",\"status\":0,\"updateTime\":\"2023-01-10T21:08:06\",\"userName\":\"test2\"},{\"creatTime\":\"2023-01-09T22:32:09\",\"deleted\":0,\"description\":\"测试\",\"id\":3,\"idCard\":\"330521200105033015\",\"name\":\"测试\",\"password\":\"e10adc3949ba59abbe56e057f20f883e\",\"phone\":\"18755588554\",\"status\":1,\"updateTime\":\"2023-01-10T21:08:08\",\"userName\":\"test3\"},{\"creatTime\":\"2023-01-14T23:33:29\",\"deleted\":0,\"id\":7,\"idCard\":\"330521200107043017\",\"name\":\"测试7\",\"password\":\"e10adc3949ba59abbe56e057f20f883e\",\"phone\":\"18768215183\",\"status\":0,\"updateTime\":\"2023-01-14T23:33:29\",\"userName\":\"cs7\"},{\"creatTime\":\"2023-01-31T11:37:50\",\"deleted\":0,\"description\":\"测试前端权限的用户\",\"id\":18,\"idCard\":\"330521200308023015\",\"name\":\"测试前端权限用户\",\"password\":\"e10adc3949ba59abbe56e057f20f883e\",\"phone\":\"18754874511\",\"status\":1,\"updateTime\":\"2023-01-31T11:37:50\",\"userName\":\"fcltest\"},{\"creatTime\":\"2023-02-07T22:28:34\",\"deleted\":0,\"description\":\"发发发vvv\",\"id\":19,\"idCard\":\"330521200405063015\",\"name\":\"达瓦达瓦\",\"password\":\"e10adc3949ba59abbe56e057f20f883e\",\"phone\":\"18755544112\",\"status\":1,\"updateTime\":\"2023-02-07T22:28:34\",\"userName\":\"tetsddd\"}],\"searchCount\":true,\"size\":10,\"total\":6},\"message\":\"操作成功\"}');
INSERT INTO `sys_web_log` VALUES ('查询用户分页及搜索', 'admin', '2023-02-18 16:11:12', 4, 'http://localhost:9000', '/ccmall/sys/sysuser/list', 'http://localhost:9000/ccmall/sys/sysuser/list', 'GET', '127.0.0.1', '{\"keyword\":\"\"}', '{\"code\":200,\"data\":{\"current\":1,\"hitCount\":false,\"optimizeCountSql\":true,\"orders\":[],\"pages\":1,\"records\":[{\"creatTime\":\"2023-01-08T22:18:52\",\"deleted\":0,\"id\":1,\"idCard\":\"330521200004033012\",\"name\":\"管理员\",\"password\":\"e10adc3949ba59abbe56e057f20f883e\",\"phone\":\"18788555211\",\"status\":1,\"updateTime\":\"2023-01-14T23:28:07\",\"userName\":\"admin\"},{\"creatTime\":\"2023-01-09T22:32:09\",\"deleted\":0,\"id\":2,\"name\":\"测试\",\"password\":\"e10adc3949ba59abbe56e057f20f883e\",\"phone\":\"18755588554\",\"status\":0,\"updateTime\":\"2023-01-10T21:08:06\",\"userName\":\"test2\"},{\"creatTime\":\"2023-01-09T22:32:09\",\"deleted\":0,\"description\":\"测试\",\"id\":3,\"idCard\":\"330521200105033015\",\"name\":\"测试\",\"password\":\"e10adc3949ba59abbe56e057f20f883e\",\"phone\":\"18755588554\",\"status\":1,\"updateTime\":\"2023-01-10T21:08:08\",\"userName\":\"test3\"},{\"creatTime\":\"2023-01-14T23:33:29\",\"deleted\":0,\"id\":7,\"idCard\":\"330521200107043017\",\"name\":\"测试7\",\"password\":\"e10adc3949ba59abbe56e057f20f883e\",\"phone\":\"18768215183\",\"status\":0,\"updateTime\":\"2023-01-14T23:33:29\",\"userName\":\"cs7\"},{\"creatTime\":\"2023-01-31T11:37:50\",\"deleted\":0,\"description\":\"测试前端权限的用户\",\"id\":18,\"idCard\":\"330521200308023015\",\"name\":\"测试前端权限用户\",\"password\":\"e10adc3949ba59abbe56e057f20f883e\",\"phone\":\"18754874511\",\"status\":1,\"updateTime\":\"2023-01-31T11:37:50\",\"userName\":\"fcltest\"},{\"creatTime\":\"2023-02-07T22:28:34\",\"deleted\":0,\"description\":\"发发发vvv\",\"id\":19,\"idCard\":\"330521200405063015\",\"name\":\"达瓦达瓦\",\"password\":\"e10adc3949ba59abbe56e057f20f883e\",\"phone\":\"18755544112\",\"status\":1,\"updateTime\":\"2023-02-07T22:28:34\",\"userName\":\"tetsddd\"}],\"searchCount\":true,\"size\":10,\"total\":6},\"message\":\"操作成功\"}');
INSERT INTO `sys_web_log` VALUES ('查询用户分页及搜索', 'admin', '2023-02-18 16:11:18', 4, 'http://localhost:9000', '/ccmall/sys/sysuser/list', 'http://localhost:9000/ccmall/sys/sysuser/list', 'GET', '127.0.0.1', '{\"keyword\":\"\"}', '{\"code\":200,\"data\":{\"current\":1,\"hitCount\":false,\"optimizeCountSql\":true,\"orders\":[],\"pages\":1,\"records\":[{\"creatTime\":\"2023-01-08T22:18:52\",\"deleted\":0,\"id\":1,\"idCard\":\"330521200004033012\",\"name\":\"管理员\",\"password\":\"e10adc3949ba59abbe56e057f20f883e\",\"phone\":\"18788555211\",\"status\":1,\"updateTime\":\"2023-01-14T23:28:07\",\"userName\":\"admin\"},{\"creatTime\":\"2023-01-09T22:32:09\",\"deleted\":0,\"id\":2,\"name\":\"测试\",\"password\":\"e10adc3949ba59abbe56e057f20f883e\",\"phone\":\"18755588554\",\"status\":0,\"updateTime\":\"2023-01-10T21:08:06\",\"userName\":\"test2\"},{\"creatTime\":\"2023-01-09T22:32:09\",\"deleted\":0,\"description\":\"测试\",\"id\":3,\"idCard\":\"330521200105033015\",\"name\":\"测试\",\"password\":\"e10adc3949ba59abbe56e057f20f883e\",\"phone\":\"18755588554\",\"status\":1,\"updateTime\":\"2023-01-10T21:08:08\",\"userName\":\"test3\"},{\"creatTime\":\"2023-01-14T23:33:29\",\"deleted\":0,\"id\":7,\"idCard\":\"330521200107043017\",\"name\":\"测试7\",\"password\":\"e10adc3949ba59abbe56e057f20f883e\",\"phone\":\"18768215183\",\"status\":0,\"updateTime\":\"2023-01-14T23:33:29\",\"userName\":\"cs7\"},{\"creatTime\":\"2023-01-31T11:37:50\",\"deleted\":0,\"description\":\"测试前端权限的用户\",\"id\":18,\"idCard\":\"330521200308023015\",\"name\":\"测试前端权限用户\",\"password\":\"e10adc3949ba59abbe56e057f20f883e\",\"phone\":\"18754874511\",\"status\":1,\"updateTime\":\"2023-01-31T11:37:50\",\"userName\":\"fcltest\"},{\"creatTime\":\"2023-02-07T22:28:34\",\"deleted\":0,\"description\":\"发发发vvv\",\"id\":19,\"idCard\":\"330521200405063015\",\"name\":\"达瓦达瓦\",\"password\":\"e10adc3949ba59abbe56e057f20f883e\",\"phone\":\"18755544112\",\"status\":1,\"updateTime\":\"2023-02-07T22:28:34\",\"userName\":\"tetsddd\"}],\"searchCount\":true,\"size\":10,\"total\":6},\"message\":\"操作成功\"}');
INSERT INTO `sys_web_log` VALUES ('查询用户分页及搜索', 'admin', '2023-02-18 16:11:21', 3, 'http://localhost:9000', '/ccmall/sys/sysuser/list', 'http://localhost:9000/ccmall/sys/sysuser/list', 'GET', '127.0.0.1', '{\"keyword\":\"\"}', '{\"code\":200,\"data\":{\"current\":1,\"hitCount\":false,\"optimizeCountSql\":true,\"orders\":[],\"pages\":1,\"records\":[{\"creatTime\":\"2023-01-08T22:18:52\",\"deleted\":0,\"id\":1,\"idCard\":\"330521200004033012\",\"name\":\"管理员\",\"password\":\"e10adc3949ba59abbe56e057f20f883e\",\"phone\":\"18788555211\",\"status\":1,\"updateTime\":\"2023-01-14T23:28:07\",\"userName\":\"admin\"},{\"creatTime\":\"2023-01-09T22:32:09\",\"deleted\":0,\"id\":2,\"name\":\"测试\",\"password\":\"e10adc3949ba59abbe56e057f20f883e\",\"phone\":\"18755588554\",\"status\":0,\"updateTime\":\"2023-01-10T21:08:06\",\"userName\":\"test2\"},{\"creatTime\":\"2023-01-09T22:32:09\",\"deleted\":0,\"description\":\"测试\",\"id\":3,\"idCard\":\"330521200105033015\",\"name\":\"测试\",\"password\":\"e10adc3949ba59abbe56e057f20f883e\",\"phone\":\"18755588554\",\"status\":1,\"updateTime\":\"2023-01-10T21:08:08\",\"userName\":\"test3\"},{\"creatTime\":\"2023-01-14T23:33:29\",\"deleted\":0,\"id\":7,\"idCard\":\"330521200107043017\",\"name\":\"测试7\",\"password\":\"e10adc3949ba59abbe56e057f20f883e\",\"phone\":\"18768215183\",\"status\":0,\"updateTime\":\"2023-01-14T23:33:29\",\"userName\":\"cs7\"},{\"creatTime\":\"2023-01-31T11:37:50\",\"deleted\":0,\"description\":\"测试前端权限的用户\",\"id\":18,\"idCard\":\"330521200308023015\",\"name\":\"测试前端权限用户\",\"password\":\"e10adc3949ba59abbe56e057f20f883e\",\"phone\":\"18754874511\",\"status\":1,\"updateTime\":\"2023-01-31T11:37:50\",\"userName\":\"fcltest\"},{\"creatTime\":\"2023-02-07T22:28:34\",\"deleted\":0,\"description\":\"发发发vvv\",\"id\":19,\"idCard\":\"330521200405063015\",\"name\":\"达瓦达瓦\",\"password\":\"e10adc3949ba59abbe56e057f20f883e\",\"phone\":\"18755544112\",\"status\":1,\"updateTime\":\"2023-02-07T22:28:34\",\"userName\":\"tetsddd\"}],\"searchCount\":true,\"size\":10,\"total\":6},\"message\":\"操作成功\"}');
INSERT INTO `sys_web_log` VALUES ('查询用户分页及搜索', 'admin', '2023-02-18 16:12:23', 4, 'http://localhost:9000', '/ccmall/sys/sysuser/list', 'http://localhost:9000/ccmall/sys/sysuser/list', 'GET', '127.0.0.1', '{\"keyword\":\"\"}', '{\"code\":200,\"data\":{\"current\":1,\"hitCount\":false,\"optimizeCountSql\":true,\"orders\":[],\"pages\":1,\"records\":[{\"creatTime\":\"2023-01-08T22:18:52\",\"deleted\":0,\"id\":1,\"idCard\":\"330521200004033012\",\"name\":\"管理员\",\"password\":\"e10adc3949ba59abbe56e057f20f883e\",\"phone\":\"18788555211\",\"status\":1,\"updateTime\":\"2023-01-14T23:28:07\",\"userName\":\"admin\"},{\"creatTime\":\"2023-01-09T22:32:09\",\"deleted\":0,\"id\":2,\"name\":\"测试\",\"password\":\"e10adc3949ba59abbe56e057f20f883e\",\"phone\":\"18755588554\",\"status\":0,\"updateTime\":\"2023-01-10T21:08:06\",\"userName\":\"test2\"},{\"creatTime\":\"2023-01-09T22:32:09\",\"deleted\":0,\"description\":\"测试\",\"id\":3,\"idCard\":\"330521200105033015\",\"name\":\"测试\",\"password\":\"e10adc3949ba59abbe56e057f20f883e\",\"phone\":\"18755588554\",\"status\":1,\"updateTime\":\"2023-01-10T21:08:08\",\"userName\":\"test3\"},{\"creatTime\":\"2023-01-14T23:33:29\",\"deleted\":0,\"id\":7,\"idCard\":\"330521200107043017\",\"name\":\"测试7\",\"password\":\"e10adc3949ba59abbe56e057f20f883e\",\"phone\":\"18768215183\",\"status\":0,\"updateTime\":\"2023-01-14T23:33:29\",\"userName\":\"cs7\"},{\"creatTime\":\"2023-01-31T11:37:50\",\"deleted\":0,\"description\":\"测试前端权限的用户\",\"id\":18,\"idCard\":\"330521200308023015\",\"name\":\"测试前端权限用户\",\"password\":\"e10adc3949ba59abbe56e057f20f883e\",\"phone\":\"18754874511\",\"status\":1,\"updateTime\":\"2023-01-31T11:37:50\",\"userName\":\"fcltest\"},{\"creatTime\":\"2023-02-07T22:28:34\",\"deleted\":0,\"description\":\"发发发vvv\",\"id\":19,\"idCard\":\"330521200405063015\",\"name\":\"达瓦达瓦\",\"password\":\"e10adc3949ba59abbe56e057f20f883e\",\"phone\":\"18755544112\",\"status\":1,\"updateTime\":\"2023-02-07T22:28:34\",\"userName\":\"tetsddd\"}],\"searchCount\":true,\"size\":10,\"total\":6},\"message\":\"操作成功\"}');
INSERT INTO `sys_web_log` VALUES ('查询用户分页及搜索', 'admin', '2023-02-18 16:12:25', 3, 'http://localhost:9000', '/ccmall/sys/sysuser/list', 'http://localhost:9000/ccmall/sys/sysuser/list', 'GET', '127.0.0.1', '{\"keyword\":\"\"}', '{\"code\":200,\"data\":{\"current\":1,\"hitCount\":false,\"optimizeCountSql\":true,\"orders\":[],\"pages\":1,\"records\":[{\"creatTime\":\"2023-01-08T22:18:52\",\"deleted\":0,\"id\":1,\"idCard\":\"330521200004033012\",\"name\":\"管理员\",\"password\":\"e10adc3949ba59abbe56e057f20f883e\",\"phone\":\"18788555211\",\"status\":1,\"updateTime\":\"2023-01-14T23:28:07\",\"userName\":\"admin\"},{\"creatTime\":\"2023-01-09T22:32:09\",\"deleted\":0,\"id\":2,\"name\":\"测试\",\"password\":\"e10adc3949ba59abbe56e057f20f883e\",\"phone\":\"18755588554\",\"status\":0,\"updateTime\":\"2023-01-10T21:08:06\",\"userName\":\"test2\"},{\"creatTime\":\"2023-01-09T22:32:09\",\"deleted\":0,\"description\":\"测试\",\"id\":3,\"idCard\":\"330521200105033015\",\"name\":\"测试\",\"password\":\"e10adc3949ba59abbe56e057f20f883e\",\"phone\":\"18755588554\",\"status\":1,\"updateTime\":\"2023-01-10T21:08:08\",\"userName\":\"test3\"},{\"creatTime\":\"2023-01-14T23:33:29\",\"deleted\":0,\"id\":7,\"idCard\":\"330521200107043017\",\"name\":\"测试7\",\"password\":\"e10adc3949ba59abbe56e057f20f883e\",\"phone\":\"18768215183\",\"status\":0,\"updateTime\":\"2023-01-14T23:33:29\",\"userName\":\"cs7\"},{\"creatTime\":\"2023-01-31T11:37:50\",\"deleted\":0,\"description\":\"测试前端权限的用户\",\"id\":18,\"idCard\":\"330521200308023015\",\"name\":\"测试前端权限用户\",\"password\":\"e10adc3949ba59abbe56e057f20f883e\",\"phone\":\"18754874511\",\"status\":1,\"updateTime\":\"2023-01-31T11:37:50\",\"userName\":\"fcltest\"},{\"creatTime\":\"2023-02-07T22:28:34\",\"deleted\":0,\"description\":\"发发发vvv\",\"id\":19,\"idCard\":\"330521200405063015\",\"name\":\"达瓦达瓦\",\"password\":\"e10adc3949ba59abbe56e057f20f883e\",\"phone\":\"18755544112\",\"status\":1,\"updateTime\":\"2023-02-07T22:28:34\",\"userName\":\"tetsddd\"}],\"searchCount\":true,\"size\":10,\"total\":6},\"message\":\"操作成功\"}');
INSERT INTO `sys_web_log` VALUES ('查询用户分页及搜索', 'admin', '2023-02-18 16:13:32', 3, 'http://localhost:9000', '/ccmall/sys/sysuser/list', 'http://localhost:9000/ccmall/sys/sysuser/list', 'GET', '127.0.0.1', '{\"keyword\":\"\"}', '{\"code\":200,\"data\":{\"current\":1,\"hitCount\":false,\"optimizeCountSql\":true,\"orders\":[],\"pages\":1,\"records\":[{\"creatTime\":\"2023-01-08T22:18:52\",\"deleted\":0,\"id\":1,\"idCard\":\"330521200004033012\",\"name\":\"管理员\",\"password\":\"e10adc3949ba59abbe56e057f20f883e\",\"phone\":\"18788555211\",\"status\":1,\"updateTime\":\"2023-01-14T23:28:07\",\"userName\":\"admin\"},{\"creatTime\":\"2023-01-09T22:32:09\",\"deleted\":0,\"id\":2,\"name\":\"测试\",\"password\":\"e10adc3949ba59abbe56e057f20f883e\",\"phone\":\"18755588554\",\"status\":0,\"updateTime\":\"2023-01-10T21:08:06\",\"userName\":\"test2\"},{\"creatTime\":\"2023-01-09T22:32:09\",\"deleted\":0,\"description\":\"测试\",\"id\":3,\"idCard\":\"330521200105033015\",\"name\":\"测试\",\"password\":\"e10adc3949ba59abbe56e057f20f883e\",\"phone\":\"18755588554\",\"status\":1,\"updateTime\":\"2023-01-10T21:08:08\",\"userName\":\"test3\"},{\"creatTime\":\"2023-01-14T23:33:29\",\"deleted\":0,\"id\":7,\"idCard\":\"330521200107043017\",\"name\":\"测试7\",\"password\":\"e10adc3949ba59abbe56e057f20f883e\",\"phone\":\"18768215183\",\"status\":0,\"updateTime\":\"2023-01-14T23:33:29\",\"userName\":\"cs7\"},{\"creatTime\":\"2023-01-31T11:37:50\",\"deleted\":0,\"description\":\"测试前端权限的用户\",\"id\":18,\"idCard\":\"330521200308023015\",\"name\":\"测试前端权限用户\",\"password\":\"e10adc3949ba59abbe56e057f20f883e\",\"phone\":\"18754874511\",\"status\":1,\"updateTime\":\"2023-01-31T11:37:50\",\"userName\":\"fcltest\"},{\"creatTime\":\"2023-02-07T22:28:34\",\"deleted\":0,\"description\":\"发发发vvv\",\"id\":19,\"idCard\":\"330521200405063015\",\"name\":\"达瓦达瓦\",\"password\":\"e10adc3949ba59abbe56e057f20f883e\",\"phone\":\"18755544112\",\"status\":1,\"updateTime\":\"2023-02-07T22:28:34\",\"userName\":\"tetsddd\"}],\"searchCount\":true,\"size\":10,\"total\":6},\"message\":\"操作成功\"}');
INSERT INTO `sys_web_log` VALUES ('查询用户分页及搜索', 'admin', '2023-02-18 16:13:38', 4, 'http://localhost:9000', '/ccmall/sys/sysuser/list', 'http://localhost:9000/ccmall/sys/sysuser/list', 'GET', '127.0.0.1', '{\"keyword\":\"\"}', '{\"code\":200,\"data\":{\"current\":1,\"hitCount\":false,\"optimizeCountSql\":true,\"orders\":[],\"pages\":1,\"records\":[{\"creatTime\":\"2023-01-08T22:18:52\",\"deleted\":0,\"id\":1,\"idCard\":\"330521200004033012\",\"name\":\"管理员\",\"password\":\"e10adc3949ba59abbe56e057f20f883e\",\"phone\":\"18788555211\",\"status\":1,\"updateTime\":\"2023-01-14T23:28:07\",\"userName\":\"admin\"},{\"creatTime\":\"2023-01-09T22:32:09\",\"deleted\":0,\"id\":2,\"name\":\"测试\",\"password\":\"e10adc3949ba59abbe56e057f20f883e\",\"phone\":\"18755588554\",\"status\":0,\"updateTime\":\"2023-01-10T21:08:06\",\"userName\":\"test2\"},{\"creatTime\":\"2023-01-09T22:32:09\",\"deleted\":0,\"description\":\"测试\",\"id\":3,\"idCard\":\"330521200105033015\",\"name\":\"测试\",\"password\":\"e10adc3949ba59abbe56e057f20f883e\",\"phone\":\"18755588554\",\"status\":1,\"updateTime\":\"2023-01-10T21:08:08\",\"userName\":\"test3\"},{\"creatTime\":\"2023-01-14T23:33:29\",\"deleted\":0,\"id\":7,\"idCard\":\"330521200107043017\",\"name\":\"测试7\",\"password\":\"e10adc3949ba59abbe56e057f20f883e\",\"phone\":\"18768215183\",\"status\":0,\"updateTime\":\"2023-01-14T23:33:29\",\"userName\":\"cs7\"},{\"creatTime\":\"2023-01-31T11:37:50\",\"deleted\":0,\"description\":\"测试前端权限的用户\",\"id\":18,\"idCard\":\"330521200308023015\",\"name\":\"测试前端权限用户\",\"password\":\"e10adc3949ba59abbe56e057f20f883e\",\"phone\":\"18754874511\",\"status\":1,\"updateTime\":\"2023-01-31T11:37:50\",\"userName\":\"fcltest\"},{\"creatTime\":\"2023-02-07T22:28:34\",\"deleted\":0,\"description\":\"发发发vvv\",\"id\":19,\"idCard\":\"330521200405063015\",\"name\":\"达瓦达瓦\",\"password\":\"e10adc3949ba59abbe56e057f20f883e\",\"phone\":\"18755544112\",\"status\":1,\"updateTime\":\"2023-02-07T22:28:34\",\"userName\":\"tetsddd\"}],\"searchCount\":true,\"size\":10,\"total\":6},\"message\":\"操作成功\"}');
INSERT INTO `sys_web_log` VALUES ('查询用户分页及搜索', 'admin', '2023-02-18 16:13:42', 3, 'http://localhost:9000', '/ccmall/sys/sysuser/list', 'http://localhost:9000/ccmall/sys/sysuser/list', 'GET', '127.0.0.1', '{\"keyword\":\"\"}', '{\"code\":200,\"data\":{\"current\":1,\"hitCount\":false,\"optimizeCountSql\":true,\"orders\":[],\"pages\":1,\"records\":[{\"creatTime\":\"2023-01-08T22:18:52\",\"deleted\":0,\"id\":1,\"idCard\":\"330521200004033012\",\"name\":\"管理员\",\"password\":\"e10adc3949ba59abbe56e057f20f883e\",\"phone\":\"18788555211\",\"status\":1,\"updateTime\":\"2023-01-14T23:28:07\",\"userName\":\"admin\"},{\"creatTime\":\"2023-01-09T22:32:09\",\"deleted\":0,\"id\":2,\"name\":\"测试\",\"password\":\"e10adc3949ba59abbe56e057f20f883e\",\"phone\":\"18755588554\",\"status\":0,\"updateTime\":\"2023-01-10T21:08:06\",\"userName\":\"test2\"},{\"creatTime\":\"2023-01-09T22:32:09\",\"deleted\":0,\"description\":\"测试\",\"id\":3,\"idCard\":\"330521200105033015\",\"name\":\"测试\",\"password\":\"e10adc3949ba59abbe56e057f20f883e\",\"phone\":\"18755588554\",\"status\":1,\"updateTime\":\"2023-01-10T21:08:08\",\"userName\":\"test3\"},{\"creatTime\":\"2023-01-14T23:33:29\",\"deleted\":0,\"id\":7,\"idCard\":\"330521200107043017\",\"name\":\"测试7\",\"password\":\"e10adc3949ba59abbe56e057f20f883e\",\"phone\":\"18768215183\",\"status\":0,\"updateTime\":\"2023-01-14T23:33:29\",\"userName\":\"cs7\"},{\"creatTime\":\"2023-01-31T11:37:50\",\"deleted\":0,\"description\":\"测试前端权限的用户\",\"id\":18,\"idCard\":\"330521200308023015\",\"name\":\"测试前端权限用户\",\"password\":\"e10adc3949ba59abbe56e057f20f883e\",\"phone\":\"18754874511\",\"status\":1,\"updateTime\":\"2023-01-31T11:37:50\",\"userName\":\"fcltest\"},{\"creatTime\":\"2023-02-07T22:28:34\",\"deleted\":0,\"description\":\"发发发vvv\",\"id\":19,\"idCard\":\"330521200405063015\",\"name\":\"达瓦达瓦\",\"password\":\"e10adc3949ba59abbe56e057f20f883e\",\"phone\":\"18755544112\",\"status\":1,\"updateTime\":\"2023-02-07T22:28:34\",\"userName\":\"tetsddd\"}],\"searchCount\":true,\"size\":10,\"total\":6},\"message\":\"操作成功\"}');
INSERT INTO `sys_web_log` VALUES ('查询用户分页及搜索', 'admin', '2023-02-18 16:13:48', 3, 'http://localhost:9000', '/ccmall/sys/sysuser/list', 'http://localhost:9000/ccmall/sys/sysuser/list', 'GET', '127.0.0.1', '{\"keyword\":\"\"}', '{\"code\":200,\"data\":{\"current\":1,\"hitCount\":false,\"optimizeCountSql\":true,\"orders\":[],\"pages\":1,\"records\":[{\"creatTime\":\"2023-01-08T22:18:52\",\"deleted\":0,\"id\":1,\"idCard\":\"330521200004033012\",\"name\":\"管理员\",\"password\":\"e10adc3949ba59abbe56e057f20f883e\",\"phone\":\"18788555211\",\"status\":1,\"updateTime\":\"2023-01-14T23:28:07\",\"userName\":\"admin\"},{\"creatTime\":\"2023-01-09T22:32:09\",\"deleted\":0,\"id\":2,\"name\":\"测试\",\"password\":\"e10adc3949ba59abbe56e057f20f883e\",\"phone\":\"18755588554\",\"status\":0,\"updateTime\":\"2023-01-10T21:08:06\",\"userName\":\"test2\"},{\"creatTime\":\"2023-01-09T22:32:09\",\"deleted\":0,\"description\":\"测试\",\"id\":3,\"idCard\":\"330521200105033015\",\"name\":\"测试\",\"password\":\"e10adc3949ba59abbe56e057f20f883e\",\"phone\":\"18755588554\",\"status\":1,\"updateTime\":\"2023-01-10T21:08:08\",\"userName\":\"test3\"},{\"creatTime\":\"2023-01-14T23:33:29\",\"deleted\":0,\"id\":7,\"idCard\":\"330521200107043017\",\"name\":\"测试7\",\"password\":\"e10adc3949ba59abbe56e057f20f883e\",\"phone\":\"18768215183\",\"status\":0,\"updateTime\":\"2023-01-14T23:33:29\",\"userName\":\"cs7\"},{\"creatTime\":\"2023-01-31T11:37:50\",\"deleted\":0,\"description\":\"测试前端权限的用户\",\"id\":18,\"idCard\":\"330521200308023015\",\"name\":\"测试前端权限用户\",\"password\":\"e10adc3949ba59abbe56e057f20f883e\",\"phone\":\"18754874511\",\"status\":1,\"updateTime\":\"2023-01-31T11:37:50\",\"userName\":\"fcltest\"},{\"creatTime\":\"2023-02-07T22:28:34\",\"deleted\":0,\"description\":\"发发发vvv\",\"id\":19,\"idCard\":\"330521200405063015\",\"name\":\"达瓦达瓦\",\"password\":\"e10adc3949ba59abbe56e057f20f883e\",\"phone\":\"18755544112\",\"status\":1,\"updateTime\":\"2023-02-07T22:28:34\",\"userName\":\"tetsddd\"}],\"searchCount\":true,\"size\":10,\"total\":6},\"message\":\"操作成功\"}');
INSERT INTO `sys_web_log` VALUES ('查询用户分页及搜索', 'admin', '2023-02-18 16:14:22', 3, 'http://localhost:9000', '/ccmall/sys/sysuser/list', 'http://localhost:9000/ccmall/sys/sysuser/list', 'GET', '127.0.0.1', '{\"keyword\":\"\"}', '{\"code\":200,\"data\":{\"current\":1,\"hitCount\":false,\"optimizeCountSql\":true,\"orders\":[],\"pages\":1,\"records\":[{\"creatTime\":\"2023-01-08T22:18:52\",\"deleted\":0,\"id\":1,\"idCard\":\"330521200004033012\",\"name\":\"管理员\",\"password\":\"e10adc3949ba59abbe56e057f20f883e\",\"phone\":\"18788555211\",\"status\":1,\"updateTime\":\"2023-01-14T23:28:07\",\"userName\":\"admin\"},{\"creatTime\":\"2023-01-09T22:32:09\",\"deleted\":0,\"id\":2,\"name\":\"测试\",\"password\":\"e10adc3949ba59abbe56e057f20f883e\",\"phone\":\"18755588554\",\"status\":0,\"updateTime\":\"2023-01-10T21:08:06\",\"userName\":\"test2\"},{\"creatTime\":\"2023-01-09T22:32:09\",\"deleted\":0,\"description\":\"测试\",\"id\":3,\"idCard\":\"330521200105033015\",\"name\":\"测试\",\"password\":\"e10adc3949ba59abbe56e057f20f883e\",\"phone\":\"18755588554\",\"status\":1,\"updateTime\":\"2023-01-10T21:08:08\",\"userName\":\"test3\"},{\"creatTime\":\"2023-01-14T23:33:29\",\"deleted\":0,\"id\":7,\"idCard\":\"330521200107043017\",\"name\":\"测试7\",\"password\":\"e10adc3949ba59abbe56e057f20f883e\",\"phone\":\"18768215183\",\"status\":0,\"updateTime\":\"2023-01-14T23:33:29\",\"userName\":\"cs7\"},{\"creatTime\":\"2023-01-31T11:37:50\",\"deleted\":0,\"description\":\"测试前端权限的用户\",\"id\":18,\"idCard\":\"330521200308023015\",\"name\":\"测试前端权限用户\",\"password\":\"e10adc3949ba59abbe56e057f20f883e\",\"phone\":\"18754874511\",\"status\":1,\"updateTime\":\"2023-01-31T11:37:50\",\"userName\":\"fcltest\"},{\"creatTime\":\"2023-02-07T22:28:34\",\"deleted\":0,\"description\":\"发发发vvv\",\"id\":19,\"idCard\":\"330521200405063015\",\"name\":\"达瓦达瓦\",\"password\":\"e10adc3949ba59abbe56e057f20f883e\",\"phone\":\"18755544112\",\"status\":1,\"updateTime\":\"2023-02-07T22:28:34\",\"userName\":\"tetsddd\"}],\"searchCount\":true,\"size\":10,\"total\":6},\"message\":\"操作成功\"}');
INSERT INTO `sys_web_log` VALUES ('查询用户分页及搜索', 'admin', '2023-02-18 16:14:29', 13, 'http://localhost:9000', '/ccmall/sys/sysuser/list', 'http://localhost:9000/ccmall/sys/sysuser/list', 'GET', '127.0.0.1', '{\"keyword\":\"\"}', '{\"code\":200,\"data\":{\"current\":1,\"hitCount\":false,\"optimizeCountSql\":true,\"orders\":[],\"pages\":1,\"records\":[{\"creatTime\":\"2023-01-08T22:18:52\",\"deleted\":0,\"id\":1,\"idCard\":\"330521200004033012\",\"name\":\"管理员\",\"password\":\"e10adc3949ba59abbe56e057f20f883e\",\"phone\":\"18788555211\",\"status\":1,\"updateTime\":\"2023-01-14T23:28:07\",\"userName\":\"admin\"},{\"creatTime\":\"2023-01-09T22:32:09\",\"deleted\":0,\"id\":2,\"name\":\"测试\",\"password\":\"e10adc3949ba59abbe56e057f20f883e\",\"phone\":\"18755588554\",\"status\":0,\"updateTime\":\"2023-01-10T21:08:06\",\"userName\":\"test2\"},{\"creatTime\":\"2023-01-09T22:32:09\",\"deleted\":0,\"description\":\"测试\",\"id\":3,\"idCard\":\"330521200105033015\",\"name\":\"测试\",\"password\":\"e10adc3949ba59abbe56e057f20f883e\",\"phone\":\"18755588554\",\"status\":1,\"updateTime\":\"2023-01-10T21:08:08\",\"userName\":\"test3\"},{\"creatTime\":\"2023-01-14T23:33:29\",\"deleted\":0,\"id\":7,\"idCard\":\"330521200107043017\",\"name\":\"测试7\",\"password\":\"e10adc3949ba59abbe56e057f20f883e\",\"phone\":\"18768215183\",\"status\":0,\"updateTime\":\"2023-01-14T23:33:29\",\"userName\":\"cs7\"},{\"creatTime\":\"2023-01-31T11:37:50\",\"deleted\":0,\"description\":\"测试前端权限的用户\",\"id\":18,\"idCard\":\"330521200308023015\",\"name\":\"测试前端权限用户\",\"password\":\"e10adc3949ba59abbe56e057f20f883e\",\"phone\":\"18754874511\",\"status\":1,\"updateTime\":\"2023-01-31T11:37:50\",\"userName\":\"fcltest\"},{\"creatTime\":\"2023-02-07T22:28:34\",\"deleted\":0,\"description\":\"发发发vvv\",\"id\":19,\"idCard\":\"330521200405063015\",\"name\":\"达瓦达瓦\",\"password\":\"e10adc3949ba59abbe56e057f20f883e\",\"phone\":\"18755544112\",\"status\":1,\"updateTime\":\"2023-02-07T22:28:34\",\"userName\":\"tetsddd\"}],\"searchCount\":true,\"size\":10,\"total\":6},\"message\":\"操作成功\"}');
INSERT INTO `sys_web_log` VALUES ('查询用户分页及搜索', 'admin', '2023-02-18 16:16:31', 4, 'http://localhost:9000', '/ccmall/sys/sysuser/list', 'http://localhost:9000/ccmall/sys/sysuser/list', 'GET', '127.0.0.1', '{\"keyword\":\"\"}', '{\"code\":200,\"data\":{\"current\":1,\"hitCount\":false,\"optimizeCountSql\":true,\"orders\":[],\"pages\":1,\"records\":[{\"creatTime\":\"2023-01-08T22:18:52\",\"deleted\":0,\"id\":1,\"idCard\":\"330521200004033012\",\"name\":\"管理员\",\"password\":\"e10adc3949ba59abbe56e057f20f883e\",\"phone\":\"18788555211\",\"status\":1,\"updateTime\":\"2023-01-14T23:28:07\",\"userName\":\"admin\"},{\"creatTime\":\"2023-01-09T22:32:09\",\"deleted\":0,\"id\":2,\"name\":\"测试\",\"password\":\"e10adc3949ba59abbe56e057f20f883e\",\"phone\":\"18755588554\",\"status\":0,\"updateTime\":\"2023-01-10T21:08:06\",\"userName\":\"test2\"},{\"creatTime\":\"2023-01-09T22:32:09\",\"deleted\":0,\"description\":\"测试\",\"id\":3,\"idCard\":\"330521200105033015\",\"name\":\"测试\",\"password\":\"e10adc3949ba59abbe56e057f20f883e\",\"phone\":\"18755588554\",\"status\":1,\"updateTime\":\"2023-01-10T21:08:08\",\"userName\":\"test3\"},{\"creatTime\":\"2023-01-14T23:33:29\",\"deleted\":0,\"id\":7,\"idCard\":\"330521200107043017\",\"name\":\"测试7\",\"password\":\"e10adc3949ba59abbe56e057f20f883e\",\"phone\":\"18768215183\",\"status\":0,\"updateTime\":\"2023-01-14T23:33:29\",\"userName\":\"cs7\"},{\"creatTime\":\"2023-01-31T11:37:50\",\"deleted\":0,\"description\":\"测试前端权限的用户\",\"id\":18,\"idCard\":\"330521200308023015\",\"name\":\"测试前端权限用户\",\"password\":\"e10adc3949ba59abbe56e057f20f883e\",\"phone\":\"18754874511\",\"status\":1,\"updateTime\":\"2023-01-31T11:37:50\",\"userName\":\"fcltest\"},{\"creatTime\":\"2023-02-07T22:28:34\",\"deleted\":0,\"description\":\"发发发vvv\",\"id\":19,\"idCard\":\"330521200405063015\",\"name\":\"达瓦达瓦\",\"password\":\"e10adc3949ba59abbe56e057f20f883e\",\"phone\":\"18755544112\",\"status\":1,\"updateTime\":\"2023-02-07T22:28:34\",\"userName\":\"tetsddd\"}],\"searchCount\":true,\"size\":10,\"total\":6},\"message\":\"操作成功\"}');
INSERT INTO `sys_web_log` VALUES ('查询用户分页及搜索', 'admin', '2023-02-18 16:18:11', 47, 'http://localhost:9000', '/ccmall/sys/sysuser/list', 'http://localhost:9000/ccmall/sys/sysuser/list', 'GET', '127.0.0.1', '{\"keyword\":\"\"}', '{\"code\":200,\"data\":{\"current\":1,\"hitCount\":false,\"optimizeCountSql\":true,\"orders\":[],\"pages\":1,\"records\":[{\"creatTime\":\"2023-01-08T22:18:52\",\"deleted\":0,\"id\":1,\"idCard\":\"330521200004033012\",\"name\":\"管理员\",\"password\":\"e10adc3949ba59abbe56e057f20f883e\",\"phone\":\"18788555211\",\"status\":1,\"updateTime\":\"2023-01-14T23:28:07\",\"userName\":\"admin\"},{\"creatTime\":\"2023-01-09T22:32:09\",\"deleted\":0,\"id\":2,\"name\":\"测试\",\"password\":\"e10adc3949ba59abbe56e057f20f883e\",\"phone\":\"18755588554\",\"status\":0,\"updateTime\":\"2023-01-10T21:08:06\",\"userName\":\"test2\"},{\"creatTime\":\"2023-01-09T22:32:09\",\"deleted\":0,\"description\":\"测试\",\"id\":3,\"idCard\":\"330521200105033015\",\"name\":\"测试\",\"password\":\"e10adc3949ba59abbe56e057f20f883e\",\"phone\":\"18755588554\",\"status\":1,\"updateTime\":\"2023-01-10T21:08:08\",\"userName\":\"test3\"},{\"creatTime\":\"2023-01-14T23:33:29\",\"deleted\":0,\"id\":7,\"idCard\":\"330521200107043017\",\"name\":\"测试7\",\"password\":\"e10adc3949ba59abbe56e057f20f883e\",\"phone\":\"18768215183\",\"status\":0,\"updateTime\":\"2023-01-14T23:33:29\",\"userName\":\"cs7\"},{\"creatTime\":\"2023-01-31T11:37:50\",\"deleted\":0,\"description\":\"测试前端权限的用户\",\"id\":18,\"idCard\":\"330521200308023015\",\"name\":\"测试前端权限用户\",\"password\":\"e10adc3949ba59abbe56e057f20f883e\",\"phone\":\"18754874511\",\"status\":1,\"updateTime\":\"2023-01-31T11:37:50\",\"userName\":\"fcltest\"},{\"creatTime\":\"2023-02-07T22:28:34\",\"deleted\":0,\"description\":\"发发发vvv\",\"id\":19,\"idCard\":\"330521200405063015\",\"name\":\"达瓦达瓦\",\"password\":\"e10adc3949ba59abbe56e057f20f883e\",\"phone\":\"18755544112\",\"status\":1,\"updateTime\":\"2023-02-07T22:28:34\",\"userName\":\"tetsddd\"}],\"searchCount\":true,\"size\":10,\"total\":6},\"message\":\"操作成功\"}');
INSERT INTO `sys_web_log` VALUES ('查询用户分页及搜索', 'admin', '2023-02-18 16:18:38', 5, 'http://localhost:9000', '/ccmall/sys/sysuser/list', 'http://localhost:9000/ccmall/sys/sysuser/list', 'GET', '127.0.0.1', '{\"keyword\":\"\"}', '{\"code\":200,\"data\":{\"current\":1,\"hitCount\":false,\"optimizeCountSql\":true,\"orders\":[],\"pages\":1,\"records\":[{\"creatTime\":\"2023-01-08T22:18:52\",\"deleted\":0,\"id\":1,\"idCard\":\"330521200004033012\",\"name\":\"管理员\",\"password\":\"e10adc3949ba59abbe56e057f20f883e\",\"phone\":\"18788555211\",\"status\":1,\"updateTime\":\"2023-01-14T23:28:07\",\"userName\":\"admin\"},{\"creatTime\":\"2023-01-09T22:32:09\",\"deleted\":0,\"id\":2,\"name\":\"测试\",\"password\":\"e10adc3949ba59abbe56e057f20f883e\",\"phone\":\"18755588554\",\"status\":0,\"updateTime\":\"2023-01-10T21:08:06\",\"userName\":\"test2\"},{\"creatTime\":\"2023-01-09T22:32:09\",\"deleted\":0,\"description\":\"测试\",\"id\":3,\"idCard\":\"330521200105033015\",\"name\":\"测试\",\"password\":\"e10adc3949ba59abbe56e057f20f883e\",\"phone\":\"18755588554\",\"status\":1,\"updateTime\":\"2023-01-10T21:08:08\",\"userName\":\"test3\"},{\"creatTime\":\"2023-01-14T23:33:29\",\"deleted\":0,\"id\":7,\"idCard\":\"330521200107043017\",\"name\":\"测试7\",\"password\":\"e10adc3949ba59abbe56e057f20f883e\",\"phone\":\"18768215183\",\"status\":0,\"updateTime\":\"2023-01-14T23:33:29\",\"userName\":\"cs7\"},{\"creatTime\":\"2023-01-31T11:37:50\",\"deleted\":0,\"description\":\"测试前端权限的用户\",\"id\":18,\"idCard\":\"330521200308023015\",\"name\":\"测试前端权限用户\",\"password\":\"e10adc3949ba59abbe56e057f20f883e\",\"phone\":\"18754874511\",\"status\":1,\"updateTime\":\"2023-01-31T11:37:50\",\"userName\":\"fcltest\"},{\"creatTime\":\"2023-02-07T22:28:34\",\"deleted\":0,\"description\":\"发发发vvv\",\"id\":19,\"idCard\":\"330521200405063015\",\"name\":\"达瓦达瓦\",\"password\":\"e10adc3949ba59abbe56e057f20f883e\",\"phone\":\"18755544112\",\"status\":1,\"updateTime\":\"2023-02-07T22:28:34\",\"userName\":\"tetsddd\"}],\"searchCount\":true,\"size\":10,\"total\":6},\"message\":\"操作成功\"}');
INSERT INTO `sys_web_log` VALUES ('查询用户分页及搜索', 'admin', '2023-02-18 16:19:07', 6, 'http://localhost:9000', '/ccmall/sys/sysuser/list', 'http://localhost:9000/ccmall/sys/sysuser/list', 'GET', '127.0.0.1', '{\"keyword\":\"\"}', '{\"code\":200,\"data\":{\"current\":1,\"hitCount\":false,\"optimizeCountSql\":true,\"orders\":[],\"pages\":1,\"records\":[{\"creatTime\":\"2023-01-08T22:18:52\",\"deleted\":0,\"id\":1,\"idCard\":\"330521200004033012\",\"name\":\"管理员\",\"password\":\"e10adc3949ba59abbe56e057f20f883e\",\"phone\":\"18788555211\",\"status\":1,\"updateTime\":\"2023-01-14T23:28:07\",\"userName\":\"admin\"},{\"creatTime\":\"2023-01-09T22:32:09\",\"deleted\":0,\"id\":2,\"name\":\"测试\",\"password\":\"e10adc3949ba59abbe56e057f20f883e\",\"phone\":\"18755588554\",\"status\":0,\"updateTime\":\"2023-01-10T21:08:06\",\"userName\":\"test2\"},{\"creatTime\":\"2023-01-09T22:32:09\",\"deleted\":0,\"description\":\"测试\",\"id\":3,\"idCard\":\"330521200105033015\",\"name\":\"测试\",\"password\":\"e10adc3949ba59abbe56e057f20f883e\",\"phone\":\"18755588554\",\"status\":1,\"updateTime\":\"2023-01-10T21:08:08\",\"userName\":\"test3\"},{\"creatTime\":\"2023-01-14T23:33:29\",\"deleted\":0,\"id\":7,\"idCard\":\"330521200107043017\",\"name\":\"测试7\",\"password\":\"e10adc3949ba59abbe56e057f20f883e\",\"phone\":\"18768215183\",\"status\":0,\"updateTime\":\"2023-01-14T23:33:29\",\"userName\":\"cs7\"},{\"creatTime\":\"2023-01-31T11:37:50\",\"deleted\":0,\"description\":\"测试前端权限的用户\",\"id\":18,\"idCard\":\"330521200308023015\",\"name\":\"测试前端权限用户\",\"password\":\"e10adc3949ba59abbe56e057f20f883e\",\"phone\":\"18754874511\",\"status\":1,\"updateTime\":\"2023-01-31T11:37:50\",\"userName\":\"fcltest\"},{\"creatTime\":\"2023-02-07T22:28:34\",\"deleted\":0,\"description\":\"发发发vvv\",\"id\":19,\"idCard\":\"330521200405063015\",\"name\":\"达瓦达瓦\",\"password\":\"e10adc3949ba59abbe56e057f20f883e\",\"phone\":\"18755544112\",\"status\":1,\"updateTime\":\"2023-02-07T22:28:34\",\"userName\":\"tetsddd\"}],\"searchCount\":true,\"size\":10,\"total\":6},\"message\":\"操作成功\"}');
INSERT INTO `sys_web_log` VALUES ('查询用户分页及搜索', 'admin', '2023-02-18 16:20:06', 5, 'http://localhost:9000', '/ccmall/sys/sysuser/list', 'http://localhost:9000/ccmall/sys/sysuser/list', 'GET', '127.0.0.1', '{\"keyword\":\"\"}', '{\"code\":200,\"data\":{\"current\":1,\"hitCount\":false,\"optimizeCountSql\":true,\"orders\":[],\"pages\":1,\"records\":[{\"creatTime\":\"2023-01-08T22:18:52\",\"deleted\":0,\"id\":1,\"idCard\":\"330521200004033012\",\"name\":\"管理员\",\"password\":\"e10adc3949ba59abbe56e057f20f883e\",\"phone\":\"18788555211\",\"status\":1,\"updateTime\":\"2023-01-14T23:28:07\",\"userName\":\"admin\"},{\"creatTime\":\"2023-01-09T22:32:09\",\"deleted\":0,\"id\":2,\"name\":\"测试\",\"password\":\"e10adc3949ba59abbe56e057f20f883e\",\"phone\":\"18755588554\",\"status\":0,\"updateTime\":\"2023-01-10T21:08:06\",\"userName\":\"test2\"},{\"creatTime\":\"2023-01-09T22:32:09\",\"deleted\":0,\"description\":\"测试\",\"id\":3,\"idCard\":\"330521200105033015\",\"name\":\"测试\",\"password\":\"e10adc3949ba59abbe56e057f20f883e\",\"phone\":\"18755588554\",\"status\":1,\"updateTime\":\"2023-01-10T21:08:08\",\"userName\":\"test3\"},{\"creatTime\":\"2023-01-14T23:33:29\",\"deleted\":0,\"id\":7,\"idCard\":\"330521200107043017\",\"name\":\"测试7\",\"password\":\"e10adc3949ba59abbe56e057f20f883e\",\"phone\":\"18768215183\",\"status\":0,\"updateTime\":\"2023-01-14T23:33:29\",\"userName\":\"cs7\"},{\"creatTime\":\"2023-01-31T11:37:50\",\"deleted\":0,\"description\":\"测试前端权限的用户\",\"id\":18,\"idCard\":\"330521200308023015\",\"name\":\"测试前端权限用户\",\"password\":\"e10adc3949ba59abbe56e057f20f883e\",\"phone\":\"18754874511\",\"status\":1,\"updateTime\":\"2023-01-31T11:37:50\",\"userName\":\"fcltest\"},{\"creatTime\":\"2023-02-07T22:28:34\",\"deleted\":0,\"description\":\"发发发vvv\",\"id\":19,\"idCard\":\"330521200405063015\",\"name\":\"达瓦达瓦\",\"password\":\"e10adc3949ba59abbe56e057f20f883e\",\"phone\":\"18755544112\",\"status\":1,\"updateTime\":\"2023-02-07T22:28:34\",\"userName\":\"tetsddd\"}],\"searchCount\":true,\"size\":10,\"total\":6},\"message\":\"操作成功\"}');
INSERT INTO `sys_web_log` VALUES ('查询用户分页及搜索', 'admin', '2023-02-18 16:20:11', 4, 'http://localhost:9000', '/ccmall/sys/sysuser/list', 'http://localhost:9000/ccmall/sys/sysuser/list', 'GET', '127.0.0.1', '{\"keyword\":\"\"}', '{\"code\":200,\"data\":{\"current\":1,\"hitCount\":false,\"optimizeCountSql\":true,\"orders\":[],\"pages\":1,\"records\":[{\"creatTime\":\"2023-01-08T22:18:52\",\"deleted\":0,\"id\":1,\"idCard\":\"330521200004033012\",\"name\":\"管理员\",\"password\":\"e10adc3949ba59abbe56e057f20f883e\",\"phone\":\"18788555211\",\"status\":1,\"updateTime\":\"2023-01-14T23:28:07\",\"userName\":\"admin\"},{\"creatTime\":\"2023-01-09T22:32:09\",\"deleted\":0,\"id\":2,\"name\":\"测试\",\"password\":\"e10adc3949ba59abbe56e057f20f883e\",\"phone\":\"18755588554\",\"status\":0,\"updateTime\":\"2023-01-10T21:08:06\",\"userName\":\"test2\"},{\"creatTime\":\"2023-01-09T22:32:09\",\"deleted\":0,\"description\":\"测试\",\"id\":3,\"idCard\":\"330521200105033015\",\"name\":\"测试\",\"password\":\"e10adc3949ba59abbe56e057f20f883e\",\"phone\":\"18755588554\",\"status\":1,\"updateTime\":\"2023-01-10T21:08:08\",\"userName\":\"test3\"},{\"creatTime\":\"2023-01-14T23:33:29\",\"deleted\":0,\"id\":7,\"idCard\":\"330521200107043017\",\"name\":\"测试7\",\"password\":\"e10adc3949ba59abbe56e057f20f883e\",\"phone\":\"18768215183\",\"status\":0,\"updateTime\":\"2023-01-14T23:33:29\",\"userName\":\"cs7\"},{\"creatTime\":\"2023-01-31T11:37:50\",\"deleted\":0,\"description\":\"测试前端权限的用户\",\"id\":18,\"idCard\":\"330521200308023015\",\"name\":\"测试前端权限用户\",\"password\":\"e10adc3949ba59abbe56e057f20f883e\",\"phone\":\"18754874511\",\"status\":1,\"updateTime\":\"2023-01-31T11:37:50\",\"userName\":\"fcltest\"},{\"creatTime\":\"2023-02-07T22:28:34\",\"deleted\":0,\"description\":\"发发发vvv\",\"id\":19,\"idCard\":\"330521200405063015\",\"name\":\"达瓦达瓦\",\"password\":\"e10adc3949ba59abbe56e057f20f883e\",\"phone\":\"18755544112\",\"status\":1,\"updateTime\":\"2023-02-07T22:28:34\",\"userName\":\"tetsddd\"}],\"searchCount\":true,\"size\":10,\"total\":6},\"message\":\"操作成功\"}');
INSERT INTO `sys_web_log` VALUES ('查询用户分页及搜索', 'admin', '2023-02-18 16:22:15', 4, 'http://localhost:9000', '/ccmall/sys/sysuser/list', 'http://localhost:9000/ccmall/sys/sysuser/list', 'GET', '127.0.0.1', '{\"keyword\":\"\"}', '{\"code\":200,\"data\":{\"current\":1,\"hitCount\":false,\"optimizeCountSql\":true,\"orders\":[],\"pages\":1,\"records\":[{\"creatTime\":\"2023-01-08T22:18:52\",\"deleted\":0,\"id\":1,\"idCard\":\"330521200004033012\",\"name\":\"管理员\",\"password\":\"e10adc3949ba59abbe56e057f20f883e\",\"phone\":\"18788555211\",\"status\":1,\"updateTime\":\"2023-01-14T23:28:07\",\"userName\":\"admin\"},{\"creatTime\":\"2023-01-09T22:32:09\",\"deleted\":0,\"id\":2,\"name\":\"测试\",\"password\":\"e10adc3949ba59abbe56e057f20f883e\",\"phone\":\"18755588554\",\"status\":0,\"updateTime\":\"2023-01-10T21:08:06\",\"userName\":\"test2\"},{\"creatTime\":\"2023-01-09T22:32:09\",\"deleted\":0,\"description\":\"测试\",\"id\":3,\"idCard\":\"330521200105033015\",\"name\":\"测试\",\"password\":\"e10adc3949ba59abbe56e057f20f883e\",\"phone\":\"18755588554\",\"status\":1,\"updateTime\":\"2023-01-10T21:08:08\",\"userName\":\"test3\"},{\"creatTime\":\"2023-01-14T23:33:29\",\"deleted\":0,\"id\":7,\"idCard\":\"330521200107043017\",\"name\":\"测试7\",\"password\":\"e10adc3949ba59abbe56e057f20f883e\",\"phone\":\"18768215183\",\"status\":0,\"updateTime\":\"2023-01-14T23:33:29\",\"userName\":\"cs7\"},{\"creatTime\":\"2023-01-31T11:37:50\",\"deleted\":0,\"description\":\"测试前端权限的用户\",\"id\":18,\"idCard\":\"330521200308023015\",\"name\":\"测试前端权限用户\",\"password\":\"e10adc3949ba59abbe56e057f20f883e\",\"phone\":\"18754874511\",\"status\":1,\"updateTime\":\"2023-01-31T11:37:50\",\"userName\":\"fcltest\"},{\"creatTime\":\"2023-02-07T22:28:34\",\"deleted\":0,\"description\":\"发发发vvv\",\"id\":19,\"idCard\":\"330521200405063015\",\"name\":\"达瓦达瓦\",\"password\":\"e10adc3949ba59abbe56e057f20f883e\",\"phone\":\"18755544112\",\"status\":1,\"updateTime\":\"2023-02-07T22:28:34\",\"userName\":\"tetsddd\"}],\"searchCount\":true,\"size\":10,\"total\":6},\"message\":\"操作成功\"}');
INSERT INTO `sys_web_log` VALUES ('查询用户分页及搜索', 'admin', '2023-02-18 16:23:48', 3, 'http://localhost:9000', '/ccmall/sys/sysuser/list', 'http://localhost:9000/ccmall/sys/sysuser/list', 'GET', '127.0.0.1', '{\"keyword\":\"\"}', '{\"code\":200,\"data\":{\"current\":1,\"hitCount\":false,\"optimizeCountSql\":true,\"orders\":[],\"pages\":1,\"records\":[{\"creatTime\":\"2023-01-08T22:18:52\",\"deleted\":0,\"id\":1,\"idCard\":\"330521200004033012\",\"name\":\"管理员\",\"password\":\"e10adc3949ba59abbe56e057f20f883e\",\"phone\":\"18788555211\",\"status\":1,\"updateTime\":\"2023-01-14T23:28:07\",\"userName\":\"admin\"},{\"creatTime\":\"2023-01-09T22:32:09\",\"deleted\":0,\"id\":2,\"name\":\"测试\",\"password\":\"e10adc3949ba59abbe56e057f20f883e\",\"phone\":\"18755588554\",\"status\":0,\"updateTime\":\"2023-01-10T21:08:06\",\"userName\":\"test2\"},{\"creatTime\":\"2023-01-09T22:32:09\",\"deleted\":0,\"description\":\"测试\",\"id\":3,\"idCard\":\"330521200105033015\",\"name\":\"测试\",\"password\":\"e10adc3949ba59abbe56e057f20f883e\",\"phone\":\"18755588554\",\"status\":1,\"updateTime\":\"2023-01-10T21:08:08\",\"userName\":\"test3\"},{\"creatTime\":\"2023-01-14T23:33:29\",\"deleted\":0,\"id\":7,\"idCard\":\"330521200107043017\",\"name\":\"测试7\",\"password\":\"e10adc3949ba59abbe56e057f20f883e\",\"phone\":\"18768215183\",\"status\":0,\"updateTime\":\"2023-01-14T23:33:29\",\"userName\":\"cs7\"},{\"creatTime\":\"2023-01-31T11:37:50\",\"deleted\":0,\"description\":\"测试前端权限的用户\",\"id\":18,\"idCard\":\"330521200308023015\",\"name\":\"测试前端权限用户\",\"password\":\"e10adc3949ba59abbe56e057f20f883e\",\"phone\":\"18754874511\",\"status\":1,\"updateTime\":\"2023-01-31T11:37:50\",\"userName\":\"fcltest\"},{\"creatTime\":\"2023-02-07T22:28:34\",\"deleted\":0,\"description\":\"发发发vvv\",\"id\":19,\"idCard\":\"330521200405063015\",\"name\":\"达瓦达瓦\",\"password\":\"e10adc3949ba59abbe56e057f20f883e\",\"phone\":\"18755544112\",\"status\":1,\"updateTime\":\"2023-02-07T22:28:34\",\"userName\":\"tetsddd\"}],\"searchCount\":true,\"size\":10,\"total\":6},\"message\":\"操作成功\"}');
INSERT INTO `sys_web_log` VALUES ('查询用户分页及搜索', 'admin', '2023-02-18 16:23:57', 5, 'http://localhost:9000', '/ccmall/sys/sysuser/list', 'http://localhost:9000/ccmall/sys/sysuser/list', 'GET', '127.0.0.1', '{\"keyword\":\"\"}', '{\"code\":200,\"data\":{\"current\":1,\"hitCount\":false,\"optimizeCountSql\":true,\"orders\":[],\"pages\":1,\"records\":[{\"creatTime\":\"2023-01-08T22:18:52\",\"deleted\":0,\"id\":1,\"idCard\":\"330521200004033012\",\"name\":\"管理员\",\"password\":\"e10adc3949ba59abbe56e057f20f883e\",\"phone\":\"18788555211\",\"status\":1,\"updateTime\":\"2023-01-14T23:28:07\",\"userName\":\"admin\"},{\"creatTime\":\"2023-01-09T22:32:09\",\"deleted\":0,\"id\":2,\"name\":\"测试\",\"password\":\"e10adc3949ba59abbe56e057f20f883e\",\"phone\":\"18755588554\",\"status\":0,\"updateTime\":\"2023-01-10T21:08:06\",\"userName\":\"test2\"},{\"creatTime\":\"2023-01-09T22:32:09\",\"deleted\":0,\"description\":\"测试\",\"id\":3,\"idCard\":\"330521200105033015\",\"name\":\"测试\",\"password\":\"e10adc3949ba59abbe56e057f20f883e\",\"phone\":\"18755588554\",\"status\":1,\"updateTime\":\"2023-01-10T21:08:08\",\"userName\":\"test3\"},{\"creatTime\":\"2023-01-14T23:33:29\",\"deleted\":0,\"id\":7,\"idCard\":\"330521200107043017\",\"name\":\"测试7\",\"password\":\"e10adc3949ba59abbe56e057f20f883e\",\"phone\":\"18768215183\",\"status\":0,\"updateTime\":\"2023-01-14T23:33:29\",\"userName\":\"cs7\"},{\"creatTime\":\"2023-01-31T11:37:50\",\"deleted\":0,\"description\":\"测试前端权限的用户\",\"id\":18,\"idCard\":\"330521200308023015\",\"name\":\"测试前端权限用户\",\"password\":\"e10adc3949ba59abbe56e057f20f883e\",\"phone\":\"18754874511\",\"status\":1,\"updateTime\":\"2023-01-31T11:37:50\",\"userName\":\"fcltest\"},{\"creatTime\":\"2023-02-07T22:28:34\",\"deleted\":0,\"description\":\"发发发vvv\",\"id\":19,\"idCard\":\"330521200405063015\",\"name\":\"达瓦达瓦\",\"password\":\"e10adc3949ba59abbe56e057f20f883e\",\"phone\":\"18755544112\",\"status\":1,\"updateTime\":\"2023-02-07T22:28:34\",\"userName\":\"tetsddd\"}],\"searchCount\":true,\"size\":10,\"total\":6},\"message\":\"操作成功\"}');
INSERT INTO `sys_web_log` VALUES ('查询用户分页及搜索', 'admin', '2023-02-18 16:27:16', 4, 'http://localhost:9000', '/ccmall/sys/sysuser/list', 'http://localhost:9000/ccmall/sys/sysuser/list', 'GET', '127.0.0.1', '{\"keyword\":\"\"}', '{\"code\":200,\"data\":{\"current\":1,\"hitCount\":false,\"optimizeCountSql\":true,\"orders\":[],\"pages\":1,\"records\":[{\"creatTime\":\"2023-01-08T22:18:52\",\"deleted\":0,\"id\":1,\"idCard\":\"330521200004033012\",\"name\":\"管理员\",\"password\":\"e10adc3949ba59abbe56e057f20f883e\",\"phone\":\"18788555211\",\"status\":1,\"updateTime\":\"2023-01-14T23:28:07\",\"userName\":\"admin\"},{\"creatTime\":\"2023-01-09T22:32:09\",\"deleted\":0,\"id\":2,\"name\":\"测试\",\"password\":\"e10adc3949ba59abbe56e057f20f883e\",\"phone\":\"18755588554\",\"status\":0,\"updateTime\":\"2023-01-10T21:08:06\",\"userName\":\"test2\"},{\"creatTime\":\"2023-01-09T22:32:09\",\"deleted\":0,\"description\":\"测试\",\"id\":3,\"idCard\":\"330521200105033015\",\"name\":\"测试\",\"password\":\"e10adc3949ba59abbe56e057f20f883e\",\"phone\":\"18755588554\",\"status\":1,\"updateTime\":\"2023-01-10T21:08:08\",\"userName\":\"test3\"},{\"creatTime\":\"2023-01-14T23:33:29\",\"deleted\":0,\"id\":7,\"idCard\":\"330521200107043017\",\"name\":\"测试7\",\"password\":\"e10adc3949ba59abbe56e057f20f883e\",\"phone\":\"18768215183\",\"status\":0,\"updateTime\":\"2023-01-14T23:33:29\",\"userName\":\"cs7\"},{\"creatTime\":\"2023-01-31T11:37:50\",\"deleted\":0,\"description\":\"测试前端权限的用户\",\"id\":18,\"idCard\":\"330521200308023015\",\"name\":\"测试前端权限用户\",\"password\":\"e10adc3949ba59abbe56e057f20f883e\",\"phone\":\"18754874511\",\"status\":1,\"updateTime\":\"2023-01-31T11:37:50\",\"userName\":\"fcltest\"},{\"creatTime\":\"2023-02-07T22:28:34\",\"deleted\":0,\"description\":\"发发发vvv\",\"id\":19,\"idCard\":\"330521200405063015\",\"name\":\"达瓦达瓦\",\"password\":\"e10adc3949ba59abbe56e057f20f883e\",\"phone\":\"18755544112\",\"status\":1,\"updateTime\":\"2023-02-07T22:28:34\",\"userName\":\"tetsddd\"}],\"searchCount\":true,\"size\":10,\"total\":6},\"message\":\"操作成功\"}');
INSERT INTO `sys_web_log` VALUES ('查询用户分页及搜索', 'admin', '2023-02-18 16:27:22', 4, 'http://localhost:9000', '/ccmall/sys/sysuser/list', 'http://localhost:9000/ccmall/sys/sysuser/list', 'GET', '127.0.0.1', '{\"keyword\":\"\"}', '{\"code\":200,\"data\":{\"current\":1,\"hitCount\":false,\"optimizeCountSql\":true,\"orders\":[],\"pages\":1,\"records\":[{\"creatTime\":\"2023-01-08T22:18:52\",\"deleted\":0,\"id\":1,\"idCard\":\"330521200004033012\",\"name\":\"管理员\",\"password\":\"e10adc3949ba59abbe56e057f20f883e\",\"phone\":\"18788555211\",\"status\":1,\"updateTime\":\"2023-01-14T23:28:07\",\"userName\":\"admin\"},{\"creatTime\":\"2023-01-09T22:32:09\",\"deleted\":0,\"id\":2,\"name\":\"测试\",\"password\":\"e10adc3949ba59abbe56e057f20f883e\",\"phone\":\"18755588554\",\"status\":0,\"updateTime\":\"2023-01-10T21:08:06\",\"userName\":\"test2\"},{\"creatTime\":\"2023-01-09T22:32:09\",\"deleted\":0,\"description\":\"测试\",\"id\":3,\"idCard\":\"330521200105033015\",\"name\":\"测试\",\"password\":\"e10adc3949ba59abbe56e057f20f883e\",\"phone\":\"18755588554\",\"status\":1,\"updateTime\":\"2023-01-10T21:08:08\",\"userName\":\"test3\"},{\"creatTime\":\"2023-01-14T23:33:29\",\"deleted\":0,\"id\":7,\"idCard\":\"330521200107043017\",\"name\":\"测试7\",\"password\":\"e10adc3949ba59abbe56e057f20f883e\",\"phone\":\"18768215183\",\"status\":0,\"updateTime\":\"2023-01-14T23:33:29\",\"userName\":\"cs7\"},{\"creatTime\":\"2023-01-31T11:37:50\",\"deleted\":0,\"description\":\"测试前端权限的用户\",\"id\":18,\"idCard\":\"330521200308023015\",\"name\":\"测试前端权限用户\",\"password\":\"e10adc3949ba59abbe56e057f20f883e\",\"phone\":\"18754874511\",\"status\":1,\"updateTime\":\"2023-01-31T11:37:50\",\"userName\":\"fcltest\"},{\"creatTime\":\"2023-02-07T22:28:34\",\"deleted\":0,\"description\":\"发发发vvv\",\"id\":19,\"idCard\":\"330521200405063015\",\"name\":\"达瓦达瓦\",\"password\":\"e10adc3949ba59abbe56e057f20f883e\",\"phone\":\"18755544112\",\"status\":1,\"updateTime\":\"2023-02-07T22:28:34\",\"userName\":\"tetsddd\"}],\"searchCount\":true,\"size\":10,\"total\":6},\"message\":\"操作成功\"}');
INSERT INTO `sys_web_log` VALUES ('查询用户分页及搜索', 'admin', '2023-02-28 10:44:46', 13, 'http://localhost:9000', '/ccmall/sys/sysuser/list', 'http://localhost:9000/ccmall/sys/sysuser/list', 'GET', '127.0.0.1', '{\"keyword\":\"\"}', '{\"code\":200,\"data\":{\"current\":1,\"hitCount\":false,\"optimizeCountSql\":true,\"orders\":[],\"pages\":1,\"records\":[{\"creatTime\":\"2023-01-08T22:18:52\",\"deleted\":0,\"id\":1,\"idCard\":\"330521200004033012\",\"name\":\"管理员\",\"password\":\"e10adc3949ba59abbe56e057f20f883e\",\"phone\":\"18788555211\",\"status\":1,\"updateTime\":\"2023-01-14T23:28:07\",\"userName\":\"admin\"},{\"creatTime\":\"2023-01-09T22:32:09\",\"deleted\":0,\"id\":2,\"name\":\"测试\",\"password\":\"e10adc3949ba59abbe56e057f20f883e\",\"phone\":\"18755588554\",\"status\":0,\"updateTime\":\"2023-01-10T21:08:06\",\"userName\":\"test2\"},{\"creatTime\":\"2023-01-09T22:32:09\",\"deleted\":0,\"description\":\"测试\",\"id\":3,\"idCard\":\"330521200105033015\",\"name\":\"测试\",\"password\":\"e10adc3949ba59abbe56e057f20f883e\",\"phone\":\"18755588554\",\"status\":1,\"updateTime\":\"2023-01-10T21:08:08\",\"userName\":\"test3\"},{\"creatTime\":\"2023-01-14T23:33:29\",\"deleted\":0,\"id\":7,\"idCard\":\"330521200107043017\",\"name\":\"测试7\",\"password\":\"e10adc3949ba59abbe56e057f20f883e\",\"phone\":\"18768215183\",\"status\":0,\"updateTime\":\"2023-01-14T23:33:29\",\"userName\":\"cs7\"},{\"creatTime\":\"2023-01-31T11:37:50\",\"deleted\":0,\"description\":\"测试前端权限的用户\",\"id\":18,\"idCard\":\"330521200308023015\",\"name\":\"测试前端权限用户\",\"password\":\"e10adc3949ba59abbe56e057f20f883e\",\"phone\":\"18754874511\",\"status\":1,\"updateTime\":\"2023-01-31T11:37:50\",\"userName\":\"fcltest\"},{\"creatTime\":\"2023-02-07T22:28:34\",\"deleted\":0,\"description\":\"发发发vvv\",\"id\":19,\"idCard\":\"330521200405063015\",\"name\":\"达瓦达瓦\",\"password\":\"e10adc3949ba59abbe56e057f20f883e\",\"phone\":\"18755544112\",\"status\":1,\"updateTime\":\"2023-02-07T22:28:34\",\"userName\":\"tetsddd\"}],\"searchCount\":true,\"size\":10,\"total\":6},\"message\":\"操作成功\"}');
INSERT INTO `sys_web_log` VALUES ('查询用户分页及搜索', 'admin', '2023-04-03 15:29:00', 15, 'http://localhost:9000', '/ccmall/sys/sysuser/list', 'http://localhost:9000/ccmall/sys/sysuser/list', 'GET', '127.0.0.1', '{\"keyword\":\"\"}', '{\"code\":200,\"data\":{\"current\":1,\"hitCount\":false,\"optimizeCountSql\":true,\"orders\":[],\"pages\":1,\"records\":[{\"creatTime\":\"2023-01-08T22:18:52\",\"deleted\":0,\"id\":1,\"idCard\":\"330521200004033012\",\"name\":\"管理员\",\"password\":\"e10adc3949ba59abbe56e057f20f883e\",\"phone\":\"18788555211\",\"status\":1,\"updateTime\":\"2023-01-14T23:28:07\",\"userName\":\"admin\"},{\"creatTime\":\"2023-01-09T22:32:09\",\"deleted\":0,\"id\":2,\"name\":\"测试\",\"password\":\"e10adc3949ba59abbe56e057f20f883e\",\"phone\":\"18755588554\",\"status\":0,\"updateTime\":\"2023-01-10T21:08:06\",\"userName\":\"test2\"},{\"creatTime\":\"2023-01-09T22:32:09\",\"deleted\":0,\"description\":\"测试\",\"id\":3,\"idCard\":\"330521200105033015\",\"name\":\"测试\",\"password\":\"e10adc3949ba59abbe56e057f20f883e\",\"phone\":\"18755588554\",\"status\":1,\"updateTime\":\"2023-01-10T21:08:08\",\"userName\":\"test3\"},{\"creatTime\":\"2023-01-14T23:33:29\",\"deleted\":0,\"id\":7,\"idCard\":\"330521200107043017\",\"name\":\"测试7\",\"password\":\"e10adc3949ba59abbe56e057f20f883e\",\"phone\":\"18768215183\",\"status\":0,\"updateTime\":\"2023-01-14T23:33:29\",\"userName\":\"cs7\"},{\"creatTime\":\"2023-01-31T11:37:50\",\"deleted\":0,\"description\":\"测试前端权限的用户\",\"id\":18,\"idCard\":\"330521200308023015\",\"name\":\"测试前端权限用户\",\"password\":\"e10adc3949ba59abbe56e057f20f883e\",\"phone\":\"18754874511\",\"status\":1,\"updateTime\":\"2023-01-31T11:37:50\",\"userName\":\"fcltest\"},{\"creatTime\":\"2023-02-07T22:28:34\",\"deleted\":0,\"description\":\"发发发vvv\",\"id\":19,\"idCard\":\"330521200405063015\",\"name\":\"达瓦达瓦\",\"password\":\"e10adc3949ba59abbe56e057f20f883e\",\"phone\":\"18755544112\",\"status\":1,\"updateTime\":\"2023-02-07T22:28:34\",\"userName\":\"tetsddd\"}],\"searchCount\":true,\"size\":10,\"total\":6},\"message\":\"操作成功\"}');
INSERT INTO `sys_web_log` VALUES ('查询用户分页及搜索', 'admin', '2023-04-09 17:20:50', 50, 'http://localhost:9000', '/ccmall/sys/sysuser/list', 'http://localhost:9000/ccmall/sys/sysuser/list', 'GET', '127.0.0.1', '{\"keyword\":\"\"}', '{\"code\":200,\"data\":{\"current\":1,\"hitCount\":false,\"optimizeCountSql\":true,\"orders\":[],\"pages\":1,\"records\":[{\"creatTime\":\"2023-01-08T22:18:52\",\"deleted\":0,\"id\":1,\"idCard\":\"330521200004033012\",\"name\":\"管理员\",\"password\":\"e10adc3949ba59abbe56e057f20f883e\",\"phone\":\"18788555211\",\"status\":1,\"updateTime\":\"2023-01-14T23:28:07\",\"userName\":\"admin\"},{\"creatTime\":\"2023-01-09T22:32:09\",\"deleted\":0,\"id\":2,\"name\":\"测试\",\"password\":\"e10adc3949ba59abbe56e057f20f883e\",\"phone\":\"18755588554\",\"status\":0,\"updateTime\":\"2023-01-10T21:08:06\",\"userName\":\"test2\"},{\"creatTime\":\"2023-01-09T22:32:09\",\"deleted\":0,\"description\":\"测试\",\"id\":3,\"idCard\":\"330521200105033015\",\"name\":\"测试\",\"password\":\"e10adc3949ba59abbe56e057f20f883e\",\"phone\":\"18755588554\",\"status\":1,\"updateTime\":\"2023-01-10T21:08:08\",\"userName\":\"test3\"},{\"creatTime\":\"2023-01-14T23:33:29\",\"deleted\":0,\"id\":7,\"idCard\":\"330521200107043017\",\"name\":\"测试7\",\"password\":\"e10adc3949ba59abbe56e057f20f883e\",\"phone\":\"18768215183\",\"status\":0,\"updateTime\":\"2023-01-14T23:33:29\",\"userName\":\"cs7\"},{\"creatTime\":\"2023-01-31T11:37:50\",\"deleted\":0,\"description\":\"测试前端权限的用户\",\"id\":18,\"idCard\":\"330521200308023015\",\"name\":\"测试前端权限用户\",\"password\":\"e10adc3949ba59abbe56e057f20f883e\",\"phone\":\"18754874511\",\"status\":1,\"updateTime\":\"2023-01-31T11:37:50\",\"userName\":\"fcltest\"},{\"creatTime\":\"2023-02-07T22:28:34\",\"deleted\":0,\"description\":\"发发发vvv\",\"id\":19,\"idCard\":\"330521200405063015\",\"name\":\"达瓦达瓦\",\"password\":\"e10adc3949ba59abbe56e057f20f883e\",\"phone\":\"18755544112\",\"status\":1,\"updateTime\":\"2023-02-07T22:28:34\",\"userName\":\"tetsddd\"}],\"searchCount\":true,\"size\":10,\"total\":6},\"message\":\"操作成功\"}');
INSERT INTO `sys_web_log` VALUES ('查询用户分页及搜索', 'admin', '2023-04-09 17:29:03', 50, 'http://localhost:9000', '/ccmall/sys/sysuser/list', 'http://localhost:9000/ccmall/sys/sysuser/list', 'GET', '127.0.0.1', '{\"keyword\":\"\"}', '{\"code\":200,\"data\":{\"current\":1,\"hitCount\":false,\"optimizeCountSql\":true,\"orders\":[],\"pages\":1,\"records\":[{\"creatTime\":\"2023-01-08T22:18:52\",\"deleted\":0,\"id\":1,\"idCard\":\"330521200004033012\",\"name\":\"管理员\",\"password\":\"e10adc3949ba59abbe56e057f20f883e\",\"phone\":\"18788555211\",\"status\":1,\"updateTime\":\"2023-01-14T23:28:07\",\"userName\":\"admin\"},{\"creatTime\":\"2023-01-09T22:32:09\",\"deleted\":0,\"id\":2,\"name\":\"测试\",\"password\":\"e10adc3949ba59abbe56e057f20f883e\",\"phone\":\"18755588554\",\"status\":0,\"updateTime\":\"2023-01-10T21:08:06\",\"userName\":\"test2\"},{\"creatTime\":\"2023-01-09T22:32:09\",\"deleted\":0,\"description\":\"测试\",\"id\":3,\"idCard\":\"330521200105033015\",\"name\":\"测试\",\"password\":\"e10adc3949ba59abbe56e057f20f883e\",\"phone\":\"18755588554\",\"status\":1,\"updateTime\":\"2023-01-10T21:08:08\",\"userName\":\"test3\"},{\"creatTime\":\"2023-01-14T23:33:29\",\"deleted\":0,\"id\":7,\"idCard\":\"330521200107043017\",\"name\":\"测试7\",\"password\":\"e10adc3949ba59abbe56e057f20f883e\",\"phone\":\"18768215183\",\"status\":0,\"updateTime\":\"2023-01-14T23:33:29\",\"userName\":\"cs7\"},{\"creatTime\":\"2023-01-31T11:37:50\",\"deleted\":0,\"description\":\"测试前端权限的用户\",\"id\":18,\"idCard\":\"330521200308023015\",\"name\":\"测试前端权限用户\",\"password\":\"e10adc3949ba59abbe56e057f20f883e\",\"phone\":\"18754874511\",\"status\":1,\"updateTime\":\"2023-01-31T11:37:50\",\"userName\":\"fcltest\"},{\"creatTime\":\"2023-02-07T22:28:34\",\"deleted\":0,\"description\":\"发发发vvv\",\"id\":19,\"idCard\":\"330521200405063015\",\"name\":\"达瓦达瓦\",\"password\":\"e10adc3949ba59abbe56e057f20f883e\",\"phone\":\"18755544112\",\"status\":1,\"updateTime\":\"2023-02-07T22:28:34\",\"userName\":\"tetsddd\"}],\"searchCount\":true,\"size\":10,\"total\":6},\"message\":\"操作成功\"}');
INSERT INTO `sys_web_log` VALUES ('查询用户分页及搜索', 'admin', '2023-05-04 21:05:34', 18, 'http://localhost:9000', '/ccmall/sys/sysuser/list', 'http://localhost:9000/ccmall/sys/sysuser/list', 'GET', '127.0.0.1', '{\"keyword\":\"\"}', '{\"code\":200,\"data\":{\"current\":1,\"hitCount\":false,\"optimizeCountSql\":true,\"orders\":[],\"pages\":1,\"records\":[{\"creatTime\":\"2023-01-08T22:18:52\",\"deleted\":0,\"id\":1,\"idCard\":\"330521200004033012\",\"name\":\"管理员\",\"password\":\"e10adc3949ba59abbe56e057f20f883e\",\"phone\":\"18788555211\",\"status\":1,\"updateTime\":\"2023-01-14T23:28:07\",\"userName\":\"admin\"},{\"creatTime\":\"2023-01-09T22:32:09\",\"deleted\":0,\"id\":2,\"name\":\"测试\",\"password\":\"e10adc3949ba59abbe56e057f20f883e\",\"phone\":\"18755588554\",\"status\":0,\"updateTime\":\"2023-01-10T21:08:06\",\"userName\":\"test2\"},{\"creatTime\":\"2023-01-09T22:32:09\",\"deleted\":0,\"description\":\"测试\",\"id\":3,\"idCard\":\"330521200105033015\",\"name\":\"测试\",\"password\":\"e10adc3949ba59abbe56e057f20f883e\",\"phone\":\"18755588554\",\"status\":1,\"updateTime\":\"2023-01-10T21:08:08\",\"userName\":\"test3\"},{\"creatTime\":\"2023-01-14T23:33:29\",\"deleted\":0,\"id\":7,\"idCard\":\"330521200107043017\",\"name\":\"测试7\",\"password\":\"e10adc3949ba59abbe56e057f20f883e\",\"phone\":\"18768215183\",\"status\":0,\"updateTime\":\"2023-01-14T23:33:29\",\"userName\":\"cs7\"},{\"creatTime\":\"2023-01-31T11:37:50\",\"deleted\":0,\"description\":\"测试前端权限的用户\",\"id\":18,\"idCard\":\"330521200308023015\",\"name\":\"测试前端权限用户\",\"password\":\"e10adc3949ba59abbe56e057f20f883e\",\"phone\":\"18754874511\",\"status\":1,\"updateTime\":\"2023-01-31T11:37:50\",\"userName\":\"fcltest\"},{\"creatTime\":\"2023-02-07T22:28:34\",\"deleted\":0,\"description\":\"发发发vvv\",\"id\":19,\"idCard\":\"330521200405063015\",\"name\":\"达瓦达瓦\",\"password\":\"e10adc3949ba59abbe56e057f20f883e\",\"phone\":\"18755544112\",\"status\":1,\"updateTime\":\"2023-02-07T22:28:34\",\"userName\":\"tetsddd\"}],\"searchCount\":true,\"size\":10,\"total\":6},\"message\":\"操作成功\"}');
INSERT INTO `sys_web_log` VALUES ('查询用户分页及搜索', 'admin', '2023-05-05 09:51:20', 39, 'http://localhost:9000', '/ccmall/sys/sysuser/list', 'http://localhost:9000/ccmall/sys/sysuser/list', 'GET', '127.0.0.1', '{\"keyword\":\"\"}', '{\"code\":200,\"data\":{\"current\":1,\"hitCount\":false,\"optimizeCountSql\":true,\"orders\":[],\"pages\":1,\"records\":[{\"creatTime\":\"2023-01-08T22:18:52\",\"deleted\":0,\"id\":1,\"idCard\":\"330521200004033012\",\"name\":\"管理员\",\"password\":\"e10adc3949ba59abbe56e057f20f883e\",\"phone\":\"18788555211\",\"status\":1,\"updateTime\":\"2023-01-14T23:28:07\",\"userName\":\"admin\"},{\"creatTime\":\"2023-01-09T22:32:09\",\"deleted\":0,\"id\":2,\"name\":\"测试\",\"password\":\"e10adc3949ba59abbe56e057f20f883e\",\"phone\":\"18755588554\",\"status\":0,\"updateTime\":\"2023-01-10T21:08:06\",\"userName\":\"test2\"},{\"creatTime\":\"2023-01-09T22:32:09\",\"deleted\":0,\"description\":\"测试\",\"id\":3,\"idCard\":\"330521200105033015\",\"name\":\"测试\",\"password\":\"e10adc3949ba59abbe56e057f20f883e\",\"phone\":\"18755588554\",\"status\":1,\"updateTime\":\"2023-01-10T21:08:08\",\"userName\":\"test3\"},{\"creatTime\":\"2023-01-14T23:33:29\",\"deleted\":0,\"id\":7,\"idCard\":\"330521200107043017\",\"name\":\"测试7\",\"password\":\"e10adc3949ba59abbe56e057f20f883e\",\"phone\":\"18768215183\",\"status\":0,\"updateTime\":\"2023-01-14T23:33:29\",\"userName\":\"cs7\"},{\"creatTime\":\"2023-01-31T11:37:50\",\"deleted\":0,\"description\":\"测试前端权限的用户\",\"id\":18,\"idCard\":\"330521200308023015\",\"name\":\"测试前端权限用户\",\"password\":\"e10adc3949ba59abbe56e057f20f883e\",\"phone\":\"18754874511\",\"status\":1,\"updateTime\":\"2023-01-31T11:37:50\",\"userName\":\"fcltest\"},{\"creatTime\":\"2023-02-07T22:28:34\",\"deleted\":0,\"description\":\"发发发vvv\",\"id\":19,\"idCard\":\"330521200405063015\",\"name\":\"达瓦达瓦\",\"password\":\"e10adc3949ba59abbe56e057f20f883e\",\"phone\":\"18755544112\",\"status\":1,\"updateTime\":\"2023-02-07T22:28:34\",\"userName\":\"tetsddd\"}],\"searchCount\":true,\"size\":10,\"total\":6},\"message\":\"操作成功\"}');
INSERT INTO `sys_web_log` VALUES ('查询用户分页及搜索', 'fcltest', '2023-05-05 09:54:03', 5, 'http://localhost:9000', '/ccmall/sys/sysuser/list', 'http://localhost:9000/ccmall/sys/sysuser/list', 'GET', '127.0.0.1', '{\"keyword\":\"\"}', '{\"code\":200,\"data\":{\"current\":1,\"hitCount\":false,\"optimizeCountSql\":true,\"orders\":[],\"pages\":1,\"records\":[{\"creatTime\":\"2023-01-08T22:18:52\",\"deleted\":0,\"id\":1,\"idCard\":\"330521200004033012\",\"name\":\"管理员\",\"password\":\"e10adc3949ba59abbe56e057f20f883e\",\"phone\":\"18788555211\",\"status\":1,\"updateTime\":\"2023-01-14T23:28:07\",\"userName\":\"admin\"},{\"creatTime\":\"2023-01-09T22:32:09\",\"deleted\":0,\"id\":2,\"name\":\"测试\",\"password\":\"e10adc3949ba59abbe56e057f20f883e\",\"phone\":\"18755588554\",\"status\":0,\"updateTime\":\"2023-01-10T21:08:06\",\"userName\":\"test2\"},{\"creatTime\":\"2023-01-09T22:32:09\",\"deleted\":0,\"description\":\"测试\",\"id\":3,\"idCard\":\"330521200105033015\",\"name\":\"测试\",\"password\":\"e10adc3949ba59abbe56e057f20f883e\",\"phone\":\"18755588554\",\"status\":1,\"updateTime\":\"2023-01-10T21:08:08\",\"userName\":\"test3\"},{\"creatTime\":\"2023-01-14T23:33:29\",\"deleted\":0,\"id\":7,\"idCard\":\"330521200107043017\",\"name\":\"测试7\",\"password\":\"e10adc3949ba59abbe56e057f20f883e\",\"phone\":\"18768215183\",\"status\":0,\"updateTime\":\"2023-01-14T23:33:29\",\"userName\":\"cs7\"},{\"creatTime\":\"2023-01-31T11:37:50\",\"deleted\":0,\"description\":\"测试前端权限的用户\",\"id\":18,\"idCard\":\"330521200308023015\",\"name\":\"测试前端权限用户\",\"password\":\"e10adc3949ba59abbe56e057f20f883e\",\"phone\":\"18754874511\",\"status\":1,\"updateTime\":\"2023-01-31T11:37:50\",\"userName\":\"fcltest\"},{\"creatTime\":\"2023-02-07T22:28:34\",\"deleted\":0,\"description\":\"发发发vvv\",\"id\":19,\"idCard\":\"330521200405063015\",\"name\":\"达瓦达瓦\",\"password\":\"e10adc3949ba59abbe56e057f20f883e\",\"phone\":\"18755544112\",\"status\":1,\"updateTime\":\"2023-02-07T22:28:34\",\"userName\":\"tetsddd\"}],\"searchCount\":true,\"size\":10,\"total\":6},\"message\":\"操作成功\"}');
INSERT INTO `sys_web_log` VALUES ('查询用户分页及搜索', 'admin', '2023-05-05 10:31:33', 11, 'http://localhost:9000', '/ccmall/sys/sysuser/list', 'http://localhost:9000/ccmall/sys/sysuser/list', 'GET', '127.0.0.1', '{\"keyword\":\"\"}', '{\"code\":200,\"data\":{\"current\":1,\"hitCount\":false,\"optimizeCountSql\":true,\"orders\":[],\"pages\":1,\"records\":[{\"creatTime\":\"2023-01-08T22:18:52\",\"deleted\":0,\"id\":1,\"idCard\":\"330521200004033012\",\"name\":\"管理员\",\"password\":\"e10adc3949ba59abbe56e057f20f883e\",\"phone\":\"18788555211\",\"status\":1,\"updateTime\":\"2023-01-14T23:28:07\",\"userName\":\"admin\"},{\"creatTime\":\"2023-01-09T22:32:09\",\"deleted\":0,\"id\":2,\"name\":\"测试\",\"password\":\"e10adc3949ba59abbe56e057f20f883e\",\"phone\":\"18755588554\",\"status\":0,\"updateTime\":\"2023-01-10T21:08:06\",\"userName\":\"test2\"},{\"creatTime\":\"2023-01-09T22:32:09\",\"deleted\":0,\"description\":\"测试\",\"id\":3,\"idCard\":\"330521200105033015\",\"name\":\"测试\",\"password\":\"e10adc3949ba59abbe56e057f20f883e\",\"phone\":\"18755588554\",\"status\":1,\"updateTime\":\"2023-01-10T21:08:08\",\"userName\":\"test3\"},{\"creatTime\":\"2023-01-14T23:33:29\",\"deleted\":0,\"id\":7,\"idCard\":\"330521200107043017\",\"name\":\"测试7\",\"password\":\"e10adc3949ba59abbe56e057f20f883e\",\"phone\":\"18768215183\",\"status\":0,\"updateTime\":\"2023-01-14T23:33:29\",\"userName\":\"cs7\"},{\"creatTime\":\"2023-01-31T11:37:50\",\"deleted\":0,\"description\":\"测试前端权限的用户\",\"id\":18,\"idCard\":\"330521200308023015\",\"name\":\"测试前端权限用户\",\"password\":\"e10adc3949ba59abbe56e057f20f883e\",\"phone\":\"18754874511\",\"status\":1,\"updateTime\":\"2023-01-31T11:37:50\",\"userName\":\"fcltest\"},{\"creatTime\":\"2023-02-07T22:28:34\",\"deleted\":0,\"description\":\"发发发vvv\",\"id\":19,\"idCard\":\"330521200405063015\",\"name\":\"达瓦达瓦\",\"password\":\"e10adc3949ba59abbe56e057f20f883e\",\"phone\":\"18755544112\",\"status\":1,\"updateTime\":\"2023-02-07T22:28:34\",\"userName\":\"tetsddd\"}],\"searchCount\":true,\"size\":10,\"total\":6},\"message\":\"操作成功\"}');
INSERT INTO `sys_web_log` VALUES ('查询用户分页及搜索', 'admin', '2023-05-13 10:10:10', 17, 'http://localhost:9000', '/ccmall/sys/sysuser/list', 'http://localhost:9000/ccmall/sys/sysuser/list', 'GET', '127.0.0.1', '{\"keyword\":\"\"}', '{\"code\":200,\"data\":{\"current\":1,\"hitCount\":false,\"optimizeCountSql\":true,\"orders\":[],\"pages\":1,\"records\":[{\"creatTime\":\"2023-01-08T22:18:52\",\"deleted\":0,\"id\":1,\"idCard\":\"330521200004033012\",\"name\":\"管理员\",\"password\":\"e10adc3949ba59abbe56e057f20f883e\",\"phone\":\"18788555211\",\"status\":1,\"updateTime\":\"2023-01-14T23:28:07\",\"userName\":\"admin\"},{\"creatTime\":\"2023-01-09T22:32:09\",\"deleted\":0,\"id\":2,\"name\":\"测试\",\"password\":\"e10adc3949ba59abbe56e057f20f883e\",\"phone\":\"18755588554\",\"status\":0,\"updateTime\":\"2023-01-10T21:08:06\",\"userName\":\"test2\"},{\"creatTime\":\"2023-01-09T22:32:09\",\"deleted\":0,\"description\":\"测试\",\"id\":3,\"idCard\":\"330521200105033015\",\"name\":\"测试\",\"password\":\"e10adc3949ba59abbe56e057f20f883e\",\"phone\":\"18755588554\",\"status\":1,\"updateTime\":\"2023-01-10T21:08:08\",\"userName\":\"test3\"},{\"creatTime\":\"2023-01-14T23:33:29\",\"deleted\":0,\"id\":7,\"idCard\":\"330521200107043017\",\"name\":\"测试7\",\"password\":\"e10adc3949ba59abbe56e057f20f883e\",\"phone\":\"18768215183\",\"status\":0,\"updateTime\":\"2023-01-14T23:33:29\",\"userName\":\"cs7\"},{\"creatTime\":\"2023-01-31T11:37:50\",\"deleted\":0,\"description\":\"测试前端权限的用户\",\"id\":18,\"idCard\":\"330521200308023015\",\"name\":\"测试前端权限用户\",\"password\":\"e10adc3949ba59abbe56e057f20f883e\",\"phone\":\"18754874511\",\"status\":1,\"updateTime\":\"2023-01-31T11:37:50\",\"userName\":\"fcltest\"},{\"creatTime\":\"2023-02-07T22:28:34\",\"deleted\":0,\"description\":\"发发发vvv\",\"id\":19,\"idCard\":\"330521200405063015\",\"name\":\"达瓦达瓦\",\"password\":\"e10adc3949ba59abbe56e057f20f883e\",\"phone\":\"18755544112\",\"status\":1,\"updateTime\":\"2023-02-07T22:28:34\",\"userName\":\"tetsddd\"}],\"searchCount\":true,\"size\":10,\"total\":6},\"message\":\"操作成功\"}');
INSERT INTO `sys_web_log` VALUES ('查询用户分页及搜索', 'admin', '2023-05-13 10:10:47', 7, 'http://localhost:9000', '/ccmall/sys/sysuser/list', 'http://localhost:9000/ccmall/sys/sysuser/list', 'GET', '127.0.0.1', '{\"keyword\":\"\"}', '{\"code\":200,\"data\":{\"current\":1,\"hitCount\":false,\"optimizeCountSql\":true,\"orders\":[],\"pages\":1,\"records\":[{\"creatTime\":\"2023-01-08T22:18:52\",\"deleted\":0,\"id\":1,\"idCard\":\"330521200004033012\",\"name\":\"管理员\",\"password\":\"e10adc3949ba59abbe56e057f20f883e\",\"phone\":\"18788555211\",\"status\":1,\"updateTime\":\"2023-01-14T23:28:07\",\"userName\":\"admin\"},{\"creatTime\":\"2023-01-09T22:32:09\",\"deleted\":0,\"id\":2,\"name\":\"测试\",\"password\":\"e10adc3949ba59abbe56e057f20f883e\",\"phone\":\"18755588554\",\"status\":0,\"updateTime\":\"2023-01-10T21:08:06\",\"userName\":\"test2\"},{\"creatTime\":\"2023-01-09T22:32:09\",\"deleted\":0,\"description\":\"测试\",\"id\":3,\"idCard\":\"330521200105033015\",\"name\":\"测试\",\"password\":\"e10adc3949ba59abbe56e057f20f883e\",\"phone\":\"18755588554\",\"status\":1,\"updateTime\":\"2023-01-10T21:08:08\",\"userName\":\"test3\"},{\"creatTime\":\"2023-01-14T23:33:29\",\"deleted\":0,\"id\":7,\"idCard\":\"330521200107043017\",\"name\":\"测试7\",\"password\":\"e10adc3949ba59abbe56e057f20f883e\",\"phone\":\"18768215183\",\"status\":0,\"updateTime\":\"2023-01-14T23:33:29\",\"userName\":\"cs7\"},{\"creatTime\":\"2023-01-31T11:37:50\",\"deleted\":0,\"description\":\"测试前端权限的用户\",\"id\":18,\"idCard\":\"330521200308023015\",\"name\":\"测试前端权限用户\",\"password\":\"e10adc3949ba59abbe56e057f20f883e\",\"phone\":\"18754874511\",\"status\":1,\"updateTime\":\"2023-01-31T11:37:50\",\"userName\":\"fcltest\"},{\"creatTime\":\"2023-02-07T22:28:34\",\"deleted\":0,\"description\":\"发发发vvv\",\"id\":19,\"idCard\":\"330521200405063015\",\"name\":\"达瓦达瓦\",\"password\":\"e10adc3949ba59abbe56e057f20f883e\",\"phone\":\"18755544112\",\"status\":1,\"updateTime\":\"2023-02-07T22:28:34\",\"userName\":\"tetsddd\"}],\"searchCount\":true,\"size\":10,\"total\":6},\"message\":\"操作成功\"}');
INSERT INTO `sys_web_log` VALUES ('查询用户分页及搜索', 'admin', '2023-05-13 10:11:06', 5, 'http://localhost:9000', '/ccmall/sys/sysuser/list', 'http://localhost:9000/ccmall/sys/sysuser/list', 'GET', '127.0.0.1', '{\"keyword\":\"\"}', '{\"code\":200,\"data\":{\"current\":1,\"hitCount\":false,\"optimizeCountSql\":true,\"orders\":[],\"pages\":1,\"records\":[{\"creatTime\":\"2023-01-08T22:18:52\",\"deleted\":0,\"id\":1,\"idCard\":\"330521200004033012\",\"name\":\"管理员\",\"password\":\"e10adc3949ba59abbe56e057f20f883e\",\"phone\":\"18788555211\",\"status\":1,\"updateTime\":\"2023-01-14T23:28:07\",\"userName\":\"admin\"},{\"creatTime\":\"2023-01-09T22:32:09\",\"deleted\":0,\"id\":2,\"name\":\"测试\",\"password\":\"e10adc3949ba59abbe56e057f20f883e\",\"phone\":\"18755588554\",\"status\":0,\"updateTime\":\"2023-01-10T21:08:06\",\"userName\":\"test2\"},{\"creatTime\":\"2023-01-09T22:32:09\",\"deleted\":0,\"description\":\"测试\",\"id\":3,\"idCard\":\"330521200105033015\",\"name\":\"测试\",\"password\":\"e10adc3949ba59abbe56e057f20f883e\",\"phone\":\"18755588554\",\"status\":1,\"updateTime\":\"2023-01-10T21:08:08\",\"userName\":\"test3\"},{\"creatTime\":\"2023-01-14T23:33:29\",\"deleted\":0,\"id\":7,\"idCard\":\"330521200107043017\",\"name\":\"测试7\",\"password\":\"e10adc3949ba59abbe56e057f20f883e\",\"phone\":\"18768215183\",\"status\":0,\"updateTime\":\"2023-01-14T23:33:29\",\"userName\":\"cs7\"},{\"creatTime\":\"2023-01-31T11:37:50\",\"deleted\":0,\"description\":\"测试前端权限的用户\",\"id\":18,\"idCard\":\"330521200308023015\",\"name\":\"测试前端权限用户\",\"password\":\"e10adc3949ba59abbe56e057f20f883e\",\"phone\":\"18754874511\",\"status\":1,\"updateTime\":\"2023-01-31T11:37:50\",\"userName\":\"fcltest\"},{\"creatTime\":\"2023-02-07T22:28:34\",\"deleted\":0,\"description\":\"发发发vvv\",\"id\":19,\"idCard\":\"330521200405063015\",\"name\":\"达瓦达瓦\",\"password\":\"e10adc3949ba59abbe56e057f20f883e\",\"phone\":\"18755544112\",\"status\":1,\"updateTime\":\"2023-02-07T22:28:34\",\"userName\":\"tetsddd\"}],\"searchCount\":true,\"size\":10,\"total\":6},\"message\":\"操作成功\"}');
INSERT INTO `sys_web_log` VALUES ('查询用户分页及搜索', 'admin', '2023-05-13 10:11:24', 19, 'http://localhost:9000', '/ccmall/sys/sysuser/list', 'http://localhost:9000/ccmall/sys/sysuser/list', 'GET', '127.0.0.1', '{\"keyword\":\"\"}', '{\"code\":200,\"data\":{\"current\":1,\"hitCount\":false,\"optimizeCountSql\":true,\"orders\":[],\"pages\":1,\"records\":[{\"creatTime\":\"2023-01-08T22:18:52\",\"deleted\":0,\"id\":1,\"idCard\":\"330521200004033012\",\"name\":\"管理员\",\"password\":\"e10adc3949ba59abbe56e057f20f883e\",\"phone\":\"18788555211\",\"status\":1,\"updateTime\":\"2023-01-14T23:28:07\",\"userName\":\"admin\"},{\"creatTime\":\"2023-01-09T22:32:09\",\"deleted\":0,\"id\":2,\"name\":\"测试\",\"password\":\"e10adc3949ba59abbe56e057f20f883e\",\"phone\":\"18755588554\",\"status\":0,\"updateTime\":\"2023-01-10T21:08:06\",\"userName\":\"test2\"},{\"creatTime\":\"2023-01-09T22:32:09\",\"deleted\":0,\"description\":\"测试\",\"id\":3,\"idCard\":\"330521200105033015\",\"name\":\"测试\",\"password\":\"e10adc3949ba59abbe56e057f20f883e\",\"phone\":\"18755588554\",\"status\":1,\"updateTime\":\"2023-01-10T21:08:08\",\"userName\":\"test3\"},{\"creatTime\":\"2023-01-14T23:33:29\",\"deleted\":0,\"id\":7,\"idCard\":\"330521200107043017\",\"name\":\"测试7\",\"password\":\"e10adc3949ba59abbe56e057f20f883e\",\"phone\":\"18768215183\",\"status\":0,\"updateTime\":\"2023-01-14T23:33:29\",\"userName\":\"cs7\"},{\"creatTime\":\"2023-01-31T11:37:50\",\"deleted\":0,\"description\":\"测试前端权限的用户\",\"id\":18,\"idCard\":\"330521200308023015\",\"name\":\"测试前端权限用户\",\"password\":\"e10adc3949ba59abbe56e057f20f883e\",\"phone\":\"18754874511\",\"status\":1,\"updateTime\":\"2023-01-31T11:37:50\",\"userName\":\"fcltest\"},{\"creatTime\":\"2023-02-07T22:28:34\",\"deleted\":0,\"description\":\"发发发vvv\",\"id\":19,\"idCard\":\"330521200405063015\",\"name\":\"达瓦达瓦\",\"password\":\"e10adc3949ba59abbe56e057f20f883e\",\"phone\":\"18755544112\",\"status\":1,\"updateTime\":\"2023-02-07T22:28:34\",\"userName\":\"tetsddd\"}],\"searchCount\":true,\"size\":10,\"total\":6},\"message\":\"操作成功\"}');
INSERT INTO `sys_web_log` VALUES ('查询用户分页及搜索', 'admin', '2023-05-13 10:11:29', 7, 'http://localhost:9000', '/ccmall/sys/sysuser/list', 'http://localhost:9000/ccmall/sys/sysuser/list', 'GET', '127.0.0.1', '{\"keyword\":\"\"}', '{\"code\":200,\"data\":{\"current\":1,\"hitCount\":false,\"optimizeCountSql\":true,\"orders\":[],\"pages\":1,\"records\":[{\"creatTime\":\"2023-01-08T22:18:52\",\"deleted\":0,\"id\":1,\"idCard\":\"330521200004033012\",\"name\":\"管理员\",\"password\":\"e10adc3949ba59abbe56e057f20f883e\",\"phone\":\"18788555211\",\"status\":1,\"updateTime\":\"2023-01-14T23:28:07\",\"userName\":\"admin\"},{\"creatTime\":\"2023-01-09T22:32:09\",\"deleted\":0,\"id\":2,\"name\":\"测试\",\"password\":\"e10adc3949ba59abbe56e057f20f883e\",\"phone\":\"18755588554\",\"status\":0,\"updateTime\":\"2023-01-10T21:08:06\",\"userName\":\"test2\"},{\"creatTime\":\"2023-01-09T22:32:09\",\"deleted\":0,\"description\":\"测试\",\"id\":3,\"idCard\":\"330521200105033015\",\"name\":\"测试\",\"password\":\"e10adc3949ba59abbe56e057f20f883e\",\"phone\":\"18755588554\",\"status\":1,\"updateTime\":\"2023-01-10T21:08:08\",\"userName\":\"test3\"},{\"creatTime\":\"2023-01-14T23:33:29\",\"deleted\":0,\"id\":7,\"idCard\":\"330521200107043017\",\"name\":\"测试7\",\"password\":\"e10adc3949ba59abbe56e057f20f883e\",\"phone\":\"18768215183\",\"status\":0,\"updateTime\":\"2023-01-14T23:33:29\",\"userName\":\"cs7\"},{\"creatTime\":\"2023-01-31T11:37:50\",\"deleted\":0,\"description\":\"测试前端权限的用户\",\"id\":18,\"idCard\":\"330521200308023015\",\"name\":\"测试前端权限用户\",\"password\":\"e10adc3949ba59abbe56e057f20f883e\",\"phone\":\"18754874511\",\"status\":1,\"updateTime\":\"2023-01-31T11:37:50\",\"userName\":\"fcltest\"},{\"creatTime\":\"2023-02-07T22:28:34\",\"deleted\":0,\"description\":\"发发发vvv\",\"id\":19,\"idCard\":\"330521200405063015\",\"name\":\"达瓦达瓦\",\"password\":\"e10adc3949ba59abbe56e057f20f883e\",\"phone\":\"18755544112\",\"status\":1,\"updateTime\":\"2023-02-07T22:28:34\",\"userName\":\"tetsddd\"}],\"searchCount\":true,\"size\":10,\"total\":6},\"message\":\"操作成功\"}');
INSERT INTO `sys_web_log` VALUES ('查询用户分页及搜索', 'fcltest', '2023-05-13 10:12:57', 16, 'http://localhost:9000', '/ccmall/sys/sysuser/list', 'http://localhost:9000/ccmall/sys/sysuser/list', 'GET', '127.0.0.1', '{\"keyword\":\"\"}', '{\"code\":200,\"data\":{\"current\":1,\"hitCount\":false,\"optimizeCountSql\":true,\"orders\":[],\"pages\":1,\"records\":[{\"creatTime\":\"2023-01-08T22:18:52\",\"deleted\":0,\"id\":1,\"idCard\":\"330521200004033012\",\"name\":\"管理员\",\"password\":\"e10adc3949ba59abbe56e057f20f883e\",\"phone\":\"18788555211\",\"status\":1,\"updateTime\":\"2023-01-14T23:28:07\",\"userName\":\"admin\"},{\"creatTime\":\"2023-01-09T22:32:09\",\"deleted\":0,\"id\":2,\"name\":\"测试\",\"password\":\"e10adc3949ba59abbe56e057f20f883e\",\"phone\":\"18755588554\",\"status\":0,\"updateTime\":\"2023-01-10T21:08:06\",\"userName\":\"test2\"},{\"creatTime\":\"2023-01-09T22:32:09\",\"deleted\":0,\"description\":\"测试\",\"id\":3,\"idCard\":\"330521200105033015\",\"name\":\"测试\",\"password\":\"e10adc3949ba59abbe56e057f20f883e\",\"phone\":\"18755588554\",\"status\":1,\"updateTime\":\"2023-01-10T21:08:08\",\"userName\":\"test3\"},{\"creatTime\":\"2023-01-14T23:33:29\",\"deleted\":0,\"id\":7,\"idCard\":\"330521200107043017\",\"name\":\"测试7\",\"password\":\"e10adc3949ba59abbe56e057f20f883e\",\"phone\":\"18768215183\",\"status\":0,\"updateTime\":\"2023-01-14T23:33:29\",\"userName\":\"cs7\"},{\"creatTime\":\"2023-01-31T11:37:50\",\"deleted\":0,\"description\":\"测试前端权限的用户\",\"id\":18,\"idCard\":\"330521200308023015\",\"name\":\"测试前端权限用户\",\"password\":\"e10adc3949ba59abbe56e057f20f883e\",\"phone\":\"18754874511\",\"status\":1,\"updateTime\":\"2023-01-31T11:37:50\",\"userName\":\"fcltest\"},{\"creatTime\":\"2023-02-07T22:28:34\",\"deleted\":0,\"description\":\"发发发vvv\",\"id\":19,\"idCard\":\"330521200405063015\",\"name\":\"达瓦达瓦\",\"password\":\"e10adc3949ba59abbe56e057f20f883e\",\"phone\":\"18755544112\",\"status\":1,\"updateTime\":\"2023-02-07T22:28:34\",\"userName\":\"tetsddd\"}],\"searchCount\":true,\"size\":10,\"total\":6},\"message\":\"操作成功\"}');
INSERT INTO `sys_web_log` VALUES ('查询用户分页及搜索', 'fcltest', '2023-05-13 10:12:58', 17, 'http://localhost:9000', '/ccmall/sys/sysuser/list', 'http://localhost:9000/ccmall/sys/sysuser/list', 'GET', '127.0.0.1', '{\"keyword\":\"\"}', '{\"code\":200,\"data\":{\"current\":1,\"hitCount\":false,\"optimizeCountSql\":true,\"orders\":[],\"pages\":1,\"records\":[{\"creatTime\":\"2023-01-08T22:18:52\",\"deleted\":0,\"id\":1,\"idCard\":\"330521200004033012\",\"name\":\"管理员\",\"password\":\"e10adc3949ba59abbe56e057f20f883e\",\"phone\":\"18788555211\",\"status\":1,\"updateTime\":\"2023-01-14T23:28:07\",\"userName\":\"admin\"},{\"creatTime\":\"2023-01-09T22:32:09\",\"deleted\":0,\"id\":2,\"name\":\"测试\",\"password\":\"e10adc3949ba59abbe56e057f20f883e\",\"phone\":\"18755588554\",\"status\":0,\"updateTime\":\"2023-01-10T21:08:06\",\"userName\":\"test2\"},{\"creatTime\":\"2023-01-09T22:32:09\",\"deleted\":0,\"description\":\"测试\",\"id\":3,\"idCard\":\"330521200105033015\",\"name\":\"测试\",\"password\":\"e10adc3949ba59abbe56e057f20f883e\",\"phone\":\"18755588554\",\"status\":1,\"updateTime\":\"2023-01-10T21:08:08\",\"userName\":\"test3\"},{\"creatTime\":\"2023-01-14T23:33:29\",\"deleted\":0,\"id\":7,\"idCard\":\"330521200107043017\",\"name\":\"测试7\",\"password\":\"e10adc3949ba59abbe56e057f20f883e\",\"phone\":\"18768215183\",\"status\":0,\"updateTime\":\"2023-01-14T23:33:29\",\"userName\":\"cs7\"},{\"creatTime\":\"2023-01-31T11:37:50\",\"deleted\":0,\"description\":\"测试前端权限的用户\",\"id\":18,\"idCard\":\"330521200308023015\",\"name\":\"测试前端权限用户\",\"password\":\"e10adc3949ba59abbe56e057f20f883e\",\"phone\":\"18754874511\",\"status\":1,\"updateTime\":\"2023-01-31T11:37:50\",\"userName\":\"fcltest\"},{\"creatTime\":\"2023-02-07T22:28:34\",\"deleted\":0,\"description\":\"发发发vvv\",\"id\":19,\"idCard\":\"330521200405063015\",\"name\":\"达瓦达瓦\",\"password\":\"e10adc3949ba59abbe56e057f20f883e\",\"phone\":\"18755544112\",\"status\":1,\"updateTime\":\"2023-02-07T22:28:34\",\"userName\":\"tetsddd\"}],\"searchCount\":true,\"size\":10,\"total\":6},\"message\":\"操作成功\"}');
INSERT INTO `sys_web_log` VALUES ('查询用户分页及搜索', 'admin', '2023-05-13 22:18:50', 42, 'http://localhost:9000', '/ccmall/sys/sysuser/list', 'http://localhost:9000/ccmall/sys/sysuser/list', 'GET', '127.0.0.1', '{\"keyword\":\"\"}', '{\"code\":200,\"data\":{\"current\":1,\"hitCount\":false,\"optimizeCountSql\":true,\"orders\":[],\"pages\":1,\"records\":[{\"creatTime\":\"2023-01-08T22:18:52\",\"deleted\":0,\"id\":1,\"idCard\":\"330521200004033012\",\"name\":\"管理员\",\"password\":\"e10adc3949ba59abbe56e057f20f883e\",\"phone\":\"18788555211\",\"status\":1,\"updateTime\":\"2023-01-14T23:28:07\",\"userName\":\"admin\"},{\"creatTime\":\"2023-01-09T22:32:09\",\"deleted\":0,\"id\":2,\"name\":\"测试\",\"password\":\"e10adc3949ba59abbe56e057f20f883e\",\"phone\":\"18755588554\",\"status\":0,\"updateTime\":\"2023-01-10T21:08:06\",\"userName\":\"test2\"},{\"creatTime\":\"2023-01-09T22:32:09\",\"deleted\":0,\"description\":\"测试\",\"id\":3,\"idCard\":\"330521200105033015\",\"name\":\"测试\",\"password\":\"e10adc3949ba59abbe56e057f20f883e\",\"phone\":\"18755588554\",\"status\":1,\"updateTime\":\"2023-01-10T21:08:08\",\"userName\":\"test3\"},{\"creatTime\":\"2023-01-14T23:33:29\",\"deleted\":0,\"id\":7,\"idCard\":\"330521200107043017\",\"name\":\"测试7\",\"password\":\"e10adc3949ba59abbe56e057f20f883e\",\"phone\":\"18768215183\",\"status\":0,\"updateTime\":\"2023-01-14T23:33:29\",\"userName\":\"cs7\"},{\"creatTime\":\"2023-01-31T11:37:50\",\"deleted\":0,\"description\":\"测试前端权限的用户\",\"id\":18,\"idCard\":\"330521200308023015\",\"name\":\"测试前端权限用户\",\"password\":\"e10adc3949ba59abbe56e057f20f883e\",\"phone\":\"18754874511\",\"status\":1,\"updateTime\":\"2023-01-31T11:37:50\",\"userName\":\"fcltest\"},{\"creatTime\":\"2023-02-07T22:28:34\",\"deleted\":0,\"description\":\"发发发vvv\",\"id\":19,\"idCard\":\"330521200405063015\",\"name\":\"达瓦达瓦\",\"password\":\"e10adc3949ba59abbe56e057f20f883e\",\"phone\":\"18755544112\",\"status\":1,\"updateTime\":\"2023-02-07T22:28:34\",\"userName\":\"tetsddd\"}],\"searchCount\":true,\"size\":10,\"total\":6},\"message\":\"操作成功\"}');

SET FOREIGN_KEY_CHECKS = 1;
